Date,^BSESN,RELIANCE.BO,TCS.BO,INFY.BO,HDFCBANK.BO,ICICIBANK.BO,LT.BO,ITC.BO,SBIN.BO,BHARTIARTL.BO,HINDUNILVR.BO,IDEA.BO,YESBANK.BO,SUZLON.BO,PNB.BO,IRFC.BO,FEDERALBNK.BO,BHEL.BO,SAIL.BO,IDFCFIRSTB.BO,UCOBANK.BO
2021-01-29,46285.76953125,894.0724487304688,2805.647705078125,1091.269775390625,623.51318359375,519.3853149414062,1280.8812255859375,166.513427734375,257.8863220214844,540.6743774414062,2105.6416015625,11.239999771118164,15.75,6.300000190734863,30.989974975585938,20.89928436279297,69.20478057861328,35.50514221191406,48.30100631713867,47.04603576660156,12.596927642822266
2021-02-01,48600.609375,919.3934936523438,2830.703857421875,1110.46044921875,662.2472534179688,584.13916015625,1391.1083984375,176.91795349121094,284.44757080078125,566.0368041992188,2092.385009765625,11.710000038146973,16.399999618530273,6.610000133514404,33.12401580810547,21.10953712463379,73.79295349121094,37.62265396118164,53.33235549926758,46.44799041748047,12.793293952941895
2021-02-02,49797.71875,934.4793701171875,2886.854736328125,1118.6912841796875,699.546875,597.0028686523438,1458.19482421875,178.7612762451172,304.65423583984375,586.0725708007812,2076.291259765625,11.869999885559082,16.600000381469727,6.920000076293945,33.58794021606445,20.81517791748047,76.70834350585938,38.31207275390625,51.152103424072266,47.544403076171875,12.822749137878418
2021-02-03,50255.75,936.3469848632812,2883.33984375,1132.1597900390625,706.181884765625,601.8389282226562,1467.2164306640625,177.57334899902344,307.0771789550781,595.015380859375,2076.988525390625,12.260000228881836,16.299999237060547,6.739999771118164,35.62919235229492,20.394672393798828,77.99877166748047,39.09998321533203,53.29042434692383,47.49456787109375,13.019116401672363
2021-02-04,50614.2890625,933.2667846679688,2872.704833984375,1126.5260009765625,707.5045166015625,606.9166259765625,1467.8883056640625,188.42848205566406,324.6780090332031,586.7567138671875,2090.431396484375,12.15999984741211,16.25,7.0,37.57766342163086,21.319793701171875,81.72664642333984,41.56219482421875,54.90916442871094,48.88999938964844,13.166390419006348
2021-02-05,50731.62890625,933.291015625,2846.341552734375,1120.0118408203125,715.887939453125,594.4397583007812,1455.411376953125,191.91030883789062,359.37677001953125,568.0892333984375,2112.107421875,11.989999771118164,16.899999618530273,6.570000171661377,37.20652770996094,21.656198501586914,79.48036193847656,42.89179229736328,55.33513641357422,48.09260940551758,13.068207740783691
2021-02-08,51348.76953125,946.630615234375,2897.8056640625,1148.2252197265625,719.4519653320312,608.8994140625,1489.6265869140625,190.9681854248047,362.8511962890625,583.8246459960938,2081.826171875,11.710000038146973,17.049999237060547,6.559999942779541,35.258056640625,21.656198501586914,79.19358825683594,39.19846725463867,57.63544845581055,48.98967361450195,12.940569877624512
2021-02-09,51329.078125,948.7892456054688,2862.33935546875,1148.7974853515625,722.7022705078125,612.9133911132812,1503.20703125,187.6092529296875,360.88543701171875,585.2417602539062,2062.150146484375,11.960000038146973,16.649999618530273,6.239999771118164,36.2322883605957,21.277742385864258,79.28917694091797,38.21357727050781,56.78349304199219,49.8369026184082,12.90129566192627
2021-02-10,51309.390625,958.1513671875,2894.0205078125,1140.962646484375,709.9028930664062,611.656005859375,1490.3944091796875,186.50320434570312,358.46240234375,576.73876953125,2080.05859375,11.90999984741211,16.399999618530273,6.099999904632568,36.603431701660156,21.361841201782227,79.19358825683594,37.67189407348633,56.78349304199219,50.335269927978516,12.754021644592285
2021-02-11,51531.51953125,997.1032104492188,2889.423583984375,1137.353759765625,704.9266967773438,609.96337890625,1469.0400390625,185.52012634277344,356.7251892089844,584.8508911132812,2104.71142578125,12.899999618530273,16.5,6.230000019073486,35.90754699707031,21.403894424438477,79.76712036132812,38.164337158203125,56.99647903442383,52.37858200073242,12.734384536743164
2021-02-12,51544.30078125,990.1664428710938,2876.17431640625,1152.8466796875,709.364990234375,626.2606201171875,1459.9224853515625,178.1468505859375,359.5139465332031,573.2691650390625,2085.640380859375,12.539999961853027,16.399999618530273,6.090000152587891,36.000328063964844,21.319793701171875,79.43255615234375,38.21357727050781,55.207359313964844,51.930049896240234,12.655838012695312
2021-02-15,52154.12890625,985.970458984375,2830.02783203125,1152.934814453125,724.6300048828125,651.8912963867188,1475.998291015625,179.1299591064453,372.17730712890625,580.3550415039062,2061.406494140625,12.079999923706055,16.25,5.869999885559082,36.69620895385742,21.656198501586914,81.39208984375,38.3613166809082,53.37562942504883,53.923526763916016,12.596927642822266
2021-02-16,52104.171875,999.0918579101562,2802.40283203125,1135.68115234375,729.2252197265625,636.8997802734375,1486.4114990234375,178.80226135253906,367.8343200683594,580.550537109375,2043.776611328125,11.800000190734863,16.049999237060547,5.590000152587891,36.649818420410156,21.7823486328125,81.67884826660156,39.24770736694336,55.16475296020508,53.674339294433594,12.93075180053711
2021-02-17,51703.828125,1010.2972412109375,2770.136962890625,1128.55078125,711.1582641601562,635.4490356445312,1485.9794921875,178.31068420410156,376.61187744140625,580.599365234375,2013.7744140625,11.890000343322754,15.899999618530273,5.239999771118164,38.691078186035156,22.22062873840332,82.8736801147461,39.49393081665039,55.036956787109375,56.216026306152344,13.971494674682617
2021-02-18,51324.69140625,1001.9296875,2755.761474609375,1137.6617431640625,696.812255859375,623.4073486328125,1464.0491943359375,179.3347625732422,379.4462890625,575.6637573242188,1998.0526123046875,11.579999923706055,16.149999618530273,5.269999980926514,40.68593978881836,22.483591079711914,82.9214859008789,42.399349212646484,57.03907775878906,57.91047668457031,15.022056579589844
2021-02-19,50889.76171875,1009.2300415039062,2768.875244140625,1136.7813720703125,689.8634033203125,603.434814453125,1447.1097412109375,176.91795349121094,365.1370544433594,567.7960205078125,2029.1248779296875,10.90999984741211,16.0,5.190000057220459,39.01582336425781,22.22062873840332,79.71932220458984,39.789405822753906,55.59074020385742,62.24628829956055,14.148224830627441
2021-02-22,49744.3203125,973.7466430664062,2666.713134765625,1113.321044921875,694.2792358398438,589.8456420898438,1393.795654296875,173.68907165527344,356.1766052246094,557.778076171875,2016.19384765625,10.760000228881836,15.600000381469727,4.980000019073486,38.18075942993164,21.913833618164062,76.42157745361328,39.09998321533203,57.1242790222168,61.24955368041992,13.578761100769043
2021-02-23,49751.41015625,981.920166015625,2685.864990234375,1114.685791015625,685.5371704101562,595.9390869140625,1426.523193359375,174.8632049560547,361.7540283203125,552.69580078125,2026.1478271484375,11.010000228881836,15.649999618530273,5.21999979019165,38.04158401489258,21.870004653930664,77.71200561523438,40.13411331176758,60.10615158081055,61.19971466064453,13.676944732666016
2021-02-24,50781.69140625,1001.9537963867188,2660.088623046875,1121.5960693359375,720.10205078125,620.3607788085938,1463.5213623046875,175.1148223876953,371.3544616699219,560.0748901367188,2026.1942138671875,11.449999809265137,16.149999618530273,5.480000019073486,38.83024978637695,21.82617950439453,80.86636352539062,42.30085754394531,61.000709533691406,63.59188461303711,14.148224830627441
2021-02-25,51039.30859375,1040.4207763671875,2697.49267578125,1122.1685791015625,719.8778686523438,607.3519287109375,1445.9580078125,175.40834045410156,372.3602294921875,566.0368041992188,2012.79833984375,11.640000343322754,16.100000381469727,5.75,38.87664794921875,21.870004653930664,82.44355010986328,46.48662567138672,62.36386489868164,64.48894500732422,14.148224830627441
2021-02-26,49099.98828125,1010.8309326171875,2610.2021484375,1102.4495849609375,687.8683471679688,577.9974975585938,1384.1982421875,171.131103515625,356.7709655761719,544.4860229492188,1983.44677734375,11.329999923706055,15.800000190734863,5.809999942779541,37.902408599853516,21.607040405273438,79.9104995727539,46.92982864379883,65.17533874511719,63.34270095825195,13.686762809753418
2021-03-01,49849.83984375,1019.2225952148438,2637.375732421875,1116.8424072265625,698.7847290039062,588.2014770507812,1413.56640625,173.52133178710938,361.15972900390625,520.2474975585938,1995.215087890625,11.069999694824219,16.299999237060547,5.909999847412109,37.85601806640625,22.702728271484375,79.384765625,48.06244659423828,66.7940902709961,63.19319152832031,13.490395545959473
2021-03-02,50296.890625,1021.6722412109375,2713.39990234375,1147.9613037109375,702.2367553710938,590.474365234375,1425.80322265625,175.9534912109375,360.19964599609375,528.9948120117188,2026.1942138671875,11.380000114440918,16.299999237060547,5.929999828338623,38.04158401489258,22.483591079711914,79.57594299316406,50.96786117553711,67.17747497558594,64.28960418701172,13.510032653808594
2021-03-03,51444.6484375,1067.8275146484375,2756.752197265625,1182.7774658203125,711.2254638671875,611.1239624023438,1436.45654296875,176.037353515625,370.3487243652344,533.8817138671875,2041.17236328125,11.15999984741211,16.399999618530273,5.730000019073486,40.40758514404297,22.35211181640625,84.16410064697266,50.22919464111328,66.83667755126953,66.88111877441406,13.657307624816895
2021-03-04,50846.078125,1055.3853759765625,2746.8837890625,1171.069580078125,696.3190307617188,600.5332641601562,1403.249267578125,175.86959838867188,361.89117431640625,527.2356567382812,2043.590576171875,11.0,16.600000381469727,5.730000019073486,40.4539794921875,22.264453887939453,86.64936828613281,53.43007278442383,65.13274383544922,67.92769622802734,13.431487083435059
2021-03-05,50405.3203125,1056.7677001953125,2710.20068359375,1158.48095703125,685.7613525390625,589.7005615234375,1404.688720703125,175.07286071777344,350.9192199707031,520.3453369140625,2048.335205078125,10.550000190734863,16.350000381469727,5.570000171661377,38.691078186035156,21.870004653930664,83.44720458984375,51.706520080566406,61.46928787231445,66.58209991455078,13.087843894958496
2021-03-08,50441.0703125,1062.5401611328125,2710.380859375,1176.35107421875,681.1660766601562,588.2014770507812,1452.916259765625,174.4857940673828,356.1766052246094,513.7970581054688,2022.89111328125,10.510000228881836,16.25,5.670000076293945,38.73747253417969,21.782352447509766,82.44355010986328,53.57780838012695,63.3862190246582,66.93096160888672,13.097662925720215
2021-03-09,51025.48046875,1062.4188232421875,2748.9111328125,1184.6259765625,700.5556030273438,604.692138671875,1447.541748046875,174.23419189453125,354.3022766113281,509.83868408203125,2044.8935546875,10.119999885559082,16.049999237060547,5.559999942779541,38.598289489746094,21.870004653930664,81.43988037109375,54.02100372314453,60.70252990722656,66.43258666992188,12.871840476989746
2021-03-10,51279.51171875,1058.2957763671875,2768.73974609375,1204.3448486328125,697.4846801757812,605.22412109375,1462.7535400390625,173.14393615722656,354.3022766113281,513.9924926757812,2072.66259765625,10.3100004196167,16.049999237060547,5.639999866485596,38.50550842285156,21.82617950439453,82.30016326904297,54.02100372314453,62.193477630615234,66.58209991455078,12.77365779876709
2021-03-12,50792.078125,1037.4129638671875,2755.1748046875,1210.06689453125,695.6241455078125,592.7471923828125,1453.3961181640625,172.1375274658203,348.5419616699219,512.184326171875,2052.05712890625,10.229999542236328,15.899999618530273,5.570000171661377,38.04158401489258,21.782352447509766,81.4876708984375,52.64216613769531,62.193477630615234,66.73160552978516,13.127118110656738
2021-03-15,50395.078125,1022.9093017578125,2763.6923828125,1208.746337890625,685.5371704101562,583.4620971679688,1424.41162109375,172.30526733398438,350.8277893066406,510.913818359375,2057.033447265625,10.069999694824219,15.649999618530273,5.590000152587891,37.85601806640625,21.607040405273438,80.05387878417969,54.414955139160156,65.30313873291016,65.03715515136719,13.824219703674316
2021-03-16,50363.9609375,1018.8829956054688,2801.86279296875,1218.5618896484375,678.2072143554688,575.3860473632812,1402.193603515625,174.4857940673828,346.027587890625,517.3154907226562,2087.407958984375,10.170000076293945,15.449999809265137,5.710000038146973,36.92816925048828,21.519384384155273,79.9104995727539,53.085365295410156,63.94000244140625,63.14335250854492,13.735854148864746
2021-03-17,49801.62109375,996.9089965820312,2805.46728515625,1221.1585693359375,670.5186767578125,569.92138671875,1380.359130859375,176.58248901367188,336.5185241699219,511.0114440917969,2073.825439453125,9.84000015258789,15.100000381469727,5.5,35.53641128540039,21.168764114379883,76.61276245117188,49.342796325683594,61.55448532104492,60.751182556152344,13.42166805267334
2021-03-18,49216.51953125,974.7651977539062,2737.058837890625,1176.30712890625,668.142578125,559.37890625,1370.9534912109375,182.32737731933594,335.19281005859375,514.0902099609375,2060.7548828125,9.930000305175781,14.899999618530273,5.360000133514404,34.933311462402344,21.081106185913086,74.22309112548828,51.312564849853516,60.276554107666016,59.106563568115234,12.803112983703613
2021-03-19,49858.23828125,1009.8848266601562,2760.8984375,1184.3177490234375,671.168701171875,567.2615966796875,1354.4459228515625,187.10784912109375,339.3072814941406,518.2439575195312,2152.203369140625,9.75,14.949999809265137,5.400000095367432,35.67559051513672,21.037281036376953,74.4620590209961,51.214080810546875,62.53425598144531,60.15313720703125,12.763839721679688
2021-03-22,49771.2890625,1000.1591186523438,2820.69921875,1206.45751953125,658.7056274414062,554.5912475585938,1343.5048828125,189.53997802734375,335.6042175292969,515.9471435546875,2188.299072265625,10.020000457763672,14.850000381469727,5.619999885559082,35.2116584777832,20.94962501525879,73.79295349121094,51.41105651855469,62.49165344238281,59.25607681274414,12.263104438781738
2021-03-23,50051.44140625,1013.3533325195312,2831.921142578125,1207.0736083984375,672.625732421875,567.0680541992188,1348.2076416015625,186.31106567382812,340.58734130859375,517.2177124023438,2174.48388671875,10.100000381469727,14.899999618530273,5.53000020980835,35.95393753051758,20.905797958374023,74.74880981445312,50.96786117553711,61.55448532104492,61.14987564086914,12.233649253845215
2021-03-24,49180.30859375,993.1011962890625,2812.90283203125,1191.7564697265625,663.480224609375,548.8364868164062,1313.4647216796875,181.1951904296875,329.0667724609375,511.7445068359375,2156.57568359375,9.770000457763672,14.649999618530273,5.630000114440918,34.33021545410156,20.555177688598633,72.31135559082031,49.04732894897461,59.89316177368164,58.55835723876953,11.683821678161621
2021-03-25,48440.12109375,966.6401977539062,2765.224853515625,1174.1063232421875,656.6210327148438,552.6568603515625,1316.247802734375,177.1695556640625,324.72369384765625,496.4977722167969,2081.733154296875,8.920000076293945,14.199999809265137,5.449999809265137,32.938446044921875,20.116901397705078,72.98046112060547,47.47151565551758,61.51189041137695,56.96357727050781,10.721624374389648
2021-03-26,49008.5,967.3677368164062,2765.3154296875,1176.35107421875,668.9719848632812,559.572265625,1341.29736328125,176.87599182128906,326.5066833496094,510.47393798828125,2153.645751953125,9.109999656677246,14.050000190734863,5.5,33.402366638183594,20.20455551147461,73.36280059814453,47.96395492553711,65.34574127197266,57.511783599853516,10.76089859008789
2021-03-30,50136.578125,984.0302734375,2848.05419921875,1219.7061767578125,696.4759521484375,571.9524536132812,1365.866943359375,179.97911071777344,330.1639709472656,509.5943298339844,2230.953857421875,9.210000038146973,16.399999618530273,5.239999771118164,33.54154586791992,20.116901397705078,72.50252532958984,48.210182189941406,67.43305206298828,58.109825134277344,10.751080513000488
2021-03-31,49509.1484375,971.709228515625,2863.962158203125,1204.036865234375,669.5772094726562,562.183837890625,1361.260009765625,183.24993896484375,333.13555908203125,505.587158203125,2261.374267578125,9.25,15.600000381469727,4.980000019073486,34.00546646118164,20.116901397705078,72.40693664550781,48.01319885253906,67.17747497558594,55.518306732177734,10.790352821350098
2021-04-01,50029.828125,980.6831665039062,2853.41650390625,1219.4862060546875,666.4166259765625,574.4671020507812,1386.40576171875,184.54991149902344,338.8044128417969,509.1057434082031,2232.208984375,9.979999542236328,15.75,5.079999923706055,35.39723205566406,20.02924156188965,75.37012481689453,50.1799430847168,71.39469909667969,56.8639030456543,11.212541580200195
2021-04-05,49159.3203125,966.6644897460938,2919.572265625,1241.3616943359375,649.6048583984375,552.4151000976562,1347.0557861328125,178.30177307128906,323.35223388671875,516.2403564453125,2208.021484375,9.529999732971191,15.5,4.96999979019165,34.283817291259766,19.72245216369629,73.07603454589844,48.210182189941406,76.37869262695312,54.12287521362305,11.006357192993164
2021-04-06,49201.390625,962.2259521484375,2941.69921875,1242.241943359375,645.9959716796875,547.3856811523438,1344.464599609375,178.30177307128906,320.517822265625,520.0520629882812,2239.74462890625,9.65999984741211,15.600000381469727,5.179999828338623,34.422996520996094,19.2841739654541,73.45838165283203,48.604129791259766,77.57144165039062,55.11960983276367,10.97690200805664
2021-04-07,49661.76171875,971.5151977539062,2947.917724609375,1259.0557861328125,648.8651733398438,558.6051025390625,1347.3917236328125,179.3081817626953,327.7409973144531,529.2392578125,2236.53515625,9.770000457763672,15.600000381469727,5.070000171661377,34.88691711425781,19.3718318939209,75.51350402832031,49.24430847167969,76.5064926147461,57.61145782470703,11.163450241088867
2021-04-08,49746.2109375,972.5823364257812,2989.152099609375,1267.462890625,642.6785278320312,557.8314208984375,1361.97998046875,178.76303100585938,325.1351623535156,530.6564331054688,2241.6982421875,9.430000305175781,15.550000190734863,4.980000019073486,34.747737884521484,19.2841739654541,74.41426086425781,50.820125579833984,81.490478515625,57.16292190551758,11.114357948303223
2021-04-09,49591.3203125,961.7408447265625,2994.289794921875,1268.2989501953125,637.343505859375,547.8692626953125,1347.48779296875,178.67916870117188,322.8036193847656,533.0020141601562,2303.377197265625,9.430000305175781,15.449999809265137,5.110000133514404,35.11887741088867,19.24034881591797,74.4620590209961,50.72163772583008,80.25513458251953,55.61798095703125,11.723094940185547
2021-04-12,47883.37890625,927.1305541992188,2921.509765625,1255.138427734375,612.6640014648438,520.7393798828125,1290.95849609375,172.2213897705078,300.63116455078125,510.5228576660156,2289.050537109375,8.760000228881836,14.449999809265137,4.699999809265137,31.546680450439453,18.319963455200195,68.10552978515625,44.369117736816406,72.20405578613281,50.38510513305664,10.95726490020752
2021-04-13,48544.05859375,937.1231689453125,2798.52783203125,1231.194091796875,627.7720947265625,542.0661010742188,1318.2154541015625,175.03094482421875,311.7403259277344,523.86376953125,2284.632080078125,8.949999809265137,14.699999809265137,4.840000152587891,32.56731033325195,18.80207061767578,73.60177612304688,45.8464469909668,77.27325439453125,53.873687744140625,11.291088104248047
2021-04-15,48803.6796875,942.944091796875,2901.23046875,1198.53466796875,641.1542358398438,556.6224365234375,1319.319091796875,173.3535919189453,313.0660400390625,526.9913330078125,2285.748291015625,8.930000305175781,14.550000190734863,4.730000019073486,32.24256134033203,18.495275497436523,72.5503158569336,45.35400390625,79.06238555908203,52.27891159057617,11.173269271850586
2021-04-16,48832.03125,938.141845703125,2878.112548828125,1190.656005859375,640.39208984375,548.0143432617188,1304.9708251953125,174.40191650390625,310.78021240234375,528.3107299804688,2285.422607421875,8.829999923706055,14.600000381469727,4.78000020980835,32.33534622192383,19.065034866333008,72.98046112060547,45.45249938964844,77.86964416503906,53.42515563964844,11.045629501342773
2021-04-19,47949.421875,922.8861083984375,2850.892333984375,1199.503173828125,632.9725341796875,541.2438354492188,1258.039306640625,172.4310760498047,302.8713073730469,514.530029296875,2257.141357421875,8.479999542236328,14.199999809265137,4.449999809265137,30.758014678955078,18.53910255432129,68.72686004638672,43.38423156738281,75.99530029296875,50.53461837768555,10.701988220214844
2021-04-20,47705.80078125,922.3282470703125,2833.768310546875,1189.027587890625,623.4906616210938,540.66357421875,1277.906005859375,170.71180725097656,301.3626403808594,518.146240234375,2226.3486328125,8.430000305175781,14.050000190734863,4.550000190734863,31.268329620361328,18.67058753967285,68.91802215576172,43.53196716308594,75.73971557617188,50.434940338134766,10.76089859008789
2021-04-22,48080.671875,924.5838623046875,2811.236083984375,1189.3359375,637.5228881835938,560.1526489257812,1282.4166259765625,172.6407470703125,307.7629699707031,518.830322265625,2186.019775390625,8.449999809265137,14.050000190734863,4.570000171661377,31.453899383544922,18.495275497436523,68.5834732055664,44.024410247802734,80.08473205566406,51.03298568725586,10.701988220214844
2021-04-23,47878.44921875,923.783447265625,2802.853515625,1174.194580078125,634.0485229492188,551.3511962890625,1269.652099609375,172.2213897705078,307.62579345703125,510.0341491699219,2147.179931640625,8.479999542236328,14.0,4.53000020980835,31.546680450439453,18.495275497436523,68.8702392578125,44.66458511352539,79.275390625,50.933311462402344,10.731443405151367
2021-04-26,48386.51171875,939.8153076171875,2795.012939453125,1182.8214111328125,629.8342895507812,571.3721923828125,1282.0806884765625,172.17945861816406,314.8489990234375,515.6051025390625,2195.927490234375,8.479999542236328,14.100000381469727,4.670000076293945,31.964208602905273,18.451446533203125,70.68637084960938,45.40325164794922,85.62250518798828,52.129398345947266,10.770716667175293
2021-04-27,48944.140625,964.772705078125,2822.502197265625,1186.82666015625,644.8975830078125,579.1581420898438,1324.7896728515625,172.47300720214844,322.66644287109375,522.348876953125,2215.41748046875,8.699999809265137,14.800000190734863,4.730000019073486,32.428131103515625,18.582931518554688,71.78562927246094,47.56999969482422,85.32433319091797,53.17597198486328,10.86889934539795
2021-04-28,49733.83984375,968.240966796875,2815.47216796875,1193.5611572265625,661.8438720703125,600.7266235351562,1319.7030029296875,172.38914489746094,332.1755065917969,531.975830078125,2239.23291015625,8.65999984741211,14.800000190734863,4.71999979019165,33.0776252746582,18.53910255432129,74.41426086425781,47.422271728515625,88.17841339111328,54.47173309326172,10.927810668945312
2021-04-29,49765.94140625,981.4107666015625,2805.918212890625,1193.297119140625,660.095458984375,600.8717651367188,1303.8192138671875,171.38272094726562,328.4724426269531,529.1414794921875,2241.139892578125,8.399999618530273,14.550000190734863,4.610000133514404,32.474525451660156,18.582931518554688,74.12750244140625,46.48662567138672,95.76090240478516,54.62124252319336,10.82962703704834
2021-04-30,48782.359375,967.4647827148438,2738.501220703125,1191.8447265625,633.10693359375,580.7056884765625,1286.255615234375,169.9989013671875,323.16943359375,525.1343383789062,2189.78759765625,8.359999656677246,14.550000190734863,4.809999942779541,32.33534622192383,18.67058753967285,76.66053771972656,47.56999969482422,101.76725769042969,54.52157211303711,10.819808959960938
2021-05-03,48718.51953125,950.3900756835938,2737.239501953125,1189.9957275390625,633.510498046875,577.4171752929688,1288.1273193359375,168.53123474121094,320.4263916015625,546.0497436523438,2239.55908203125,8.449999809265137,13.90999984741211,5.119999885559082,32.01060104370117,18.451446533203125,76.2781982421875,52.59292221069336,108.83856201171875,53.8238525390625,10.986720085144043
2021-05-04,48253.51171875,929.6771850585938,2748.010009765625,1170.4090576171875,622.5044555664062,572.14599609375,1283.8084716796875,167.3571014404297,321.4778747558594,539.5992431640625,2240.76806640625,8.270000457763672,13.829999923706055,5.070000171661377,34.79413604736328,18.363792419433594,75.84806060791016,51.65727615356445,109.00895690917969,55.46847152709961,11.183087348937988
2021-05-05,48677.55078125,931.2294311523438,2790.731689453125,1181.0167236328125,628.7359008789062,582.8818969726562,1284.336181640625,169.03443908691406,324.9066162109375,547.22265625,2227.9765625,8.369999885559082,13.880000114440918,5.070000171661377,34.747737884521484,18.407621383666992,76.51717376708984,55.74455261230469,110.92588806152344,56.01667785644531,10.967082977294922
2021-05-06,48949.76171875,936.1529541015625,2804.205810546875,1198.226806640625,628.2876586914062,588.6849975585938,1285.9197998046875,170.0408477783203,325.0437316894531,545.7076416015625,2222.5341796875,8.3100004196167,13.550000190734863,5.010000228881836,33.77350616455078,18.495275497436523,75.13115692138672,57.12339782714844,113.86515045166016,56.664554595947266,11.133995056152344
2021-05-10,49502.41015625,934.1156005859375,2834.71484375,1179.16796875,636.2900390625,592.989013671875,1338.9459228515625,172.38914489746094,330.80401611328125,559.7327880859375,2263.002197265625,8.199999809265137,13.130000114440918,5.590000152587891,33.031227111816406,19.766277313232422,76.03923797607422,64.70701599121094,124.59992980957031,55.16944885253906,11.222360610961914
2021-05-11,49161.80859375,937.9962158203125,2814.931640625,1171.4212646484375,629.2963256835938,589.7489013671875,1328.0047607421875,171.131103515625,333.2269592285156,555.334716796875,2235.418701171875,8.100000381469727,13.15999984741211,6.139999866485596,32.56731033325195,20.116901397705078,78.14213562011719,72.24140930175781,119.70114135742188,56.06651306152344,11.41872787475586
2021-05-12,48690.80078125,928.2219848632812,2783.656494140625,1168.1201171875,627.4135131835938,575.4344482421875,1329.20458984375,170.50213623046875,336.3357238769531,549.0795288085938,2166.71630859375,8.789999961853027,13.329999923706055,5.699999809265137,34.422996520996094,20.511348724365234,78.04656219482422,70.2716293334961,112.62981414794922,55.01993942260742,12.34165096282959
2021-05-14,48732.55078125,939.5242309570312,2749.6318359375,1159.18505859375,621.876708984375,577.6589965820312,1358.52490234375,178.09210205078125,329.61541748046875,547.85791015625,2211.138671875,8.640000343322754,13.199999809265137,5.639999866485596,34.191036224365234,20.20455551147461,76.18260955810547,66.97225952148438,108.36997985839844,53.973365783691406,12.567472457885742
2021-05-17,49580.73046875,951.0206909179688,2766.802001953125,1170.0570068359375,645.5476684570312,603.1445922851562,1331.028076171875,178.2598419189453,350.553466796875,537.10693359375,2210.393798828125,8.5600004196167,13.350000381469727,5.570000171661377,34.933311462402344,20.248382568359375,78.04656219482422,70.12389373779297,111.22407531738281,55.61798095703125,12.655838012695312
2021-05-18,50193.328125,964.239013671875,2784.423095703125,1179.564208984375,662.1576538085938,612.3330078125,1360.58837890625,176.16314697265625,349.59344482421875,524.156982421875,2208.4404296875,8.569999694824219,13.329999923706055,5.559999942779541,34.65495681762695,20.248382568359375,80.62738800048828,70.66558074951172,112.37420654296875,55.81732940673828,12.46928882598877
2021-05-19,49902.640625,968.3864135742188,2777.753173828125,1176.5711669921875,653.6172485351562,604.740478515625,1347.0078125,174.23419189453125,351.3307189941406,516.338134765625,2195.60205078125,8.430000305175781,13.300000190734863,5.570000171661377,33.58794021606445,20.248382568359375,80.72297668457031,72.58610534667969,109.5201416015625,55.368797302246094,12.40056037902832
2021-05-20,49564.859375,963.0263671875,2757.969482421875,1179.1240234375,642.3646240234375,598.26025390625,1352.910400390625,173.60520935058594,351.60498046875,508.9102478027344,2180.71728515625,8.399999618530273,13.270000457763672,5.53000020980835,34.747737884521484,20.248382568359375,79.81491088867188,71.40423583984375,103.51378631591797,54.92026138305664,12.302376747131348
2021-05-21,50540.48046875,970.5935668945312,2776.356201171875,1192.548828125,671.1239013671875,621.3763427734375,1361.4522705078125,175.32447814941406,366.73712158203125,518.8793334960938,2196.16015625,8.569999694824219,13.34000015258789,5.449999809265137,35.35083770751953,20.4675235748291,81.34429168701172,71.10877227783203,103.98237609863281,57.16292190551758,12.46928882598877
2021-05-24,50651.8984375,963.147705078125,2777.662841796875,1186.782958984375,676.61572265625,626.5508422851562,1385.1578369140625,177.3792266845703,376.74896240234375,514.8231811523438,2173.5537109375,8.600000381469727,13.859999656677246,5.460000038146973,36.92816925048828,21.037281036376953,82.63471984863281,71.3550033569336,106.28266906738281,59.05672836303711,12.803112983703613
2021-05-25,50637.53125,952.936767578125,2820.320556640625,1198.886962890625,662.964599609375,628.4851684570312,1392.5001220703125,176.8341064453125,376.931884765625,514.1879272460938,2180.763427734375,8.539999961853027,13.600000381469727,5.420000076293945,36.510643005371094,20.993452072143555,83.01707458496094,73.37401580810547,105.6010971069336,58.75770568847656,12.763839721679688
2021-05-26,51017.51953125,955.4348754882812,2860.39892578125,1230.09375,661.9335327148438,631.1449584960938,1413.614501953125,176.58248901367188,378.1205139160156,513.8947143554688,2188.949951171875,8.550000190734863,13.460000038146973,5.960000038146973,36.41786193847656,20.905797958374023,83.16044616699219,71.40423583984375,101.17088317871094,57.61145782470703,12.734384536743164
2021-05-27,51115.21875,959.5822143554688,2880.324462890625,1236.5201416015625,663.233642578125,631.2900390625,1423.068115234375,177.12762451171875,388.8638610839844,508.1772155761719,2165.3671875,8.470000267028809,13.420000076293945,5.730000019073486,39.10860824584961,20.730484008789062,84.16410064697266,72.19215393066406,104.19534301757812,57.71113204956055,12.911113739013672
2021-05-28,51422.87890625,1016.1907958984375,2847.628173828125,1236.6519775390625,672.984375,622.1016845703125,1417.7413330078125,178.51144409179688,385.8922424316406,511.7934265136719,2160.901611328125,8.75,13.359999656677246,5.690000057220459,39.154998779296875,20.555177688598633,84.97659301757812,70.76406860351562,103.04519653320312,58.957054138183594,13.274394035339355
2021-05-31,51937.44140625,1047.9879150390625,2861.077880859375,1240.077880859375,679.8211059570312,640.478515625,1406.5604248046875,181.65646362304688,387.9037780761719,522.8375244140625,2178.1591796875,8.670000076293945,13.489999771118164,5.699999809265137,39.34056854248047,20.818145751953125,83.30381774902344,69.97616577148438,107.81620788574219,58.309173583984375,13.352940559387207
2021-06-01,51934.87890625,1051.7713623046875,2856.051513671875,1234.516357421875,677.6019287109375,628.9204711914062,1414.958251953125,180.4822998046875,395.5384826660156,520.833984375,2194.067138671875,8.529999732971191,13.380000114440918,5.920000076293945,38.64468765258789,20.686660766601562,81.96562194824219,70.02539825439453,103.25819396972656,57.26259994506836,12.950387001037598
2021-06-02,51849.48046875,1067.803466796875,2834.22412109375,1227.709716796875,674.306884765625,627.0827026367188,1412.2227783203125,175.2825164794922,399.744384765625,517.6087036132812,2194.252685546875,8.8100004196167,13.4399995803833,6.420000076293945,40.82511901855469,20.59900665283203,83.35161590576172,71.10877227783203,103.81196594238281,60.70134735107422,13.195845603942871
2021-06-03,52232.4296875,1071.65966796875,2845.228271484375,1236.385009765625,681.5247192382812,628.8721313476562,1449.461181640625,175.36639404296875,405.6962585449219,520.0520629882812,2197.2763671875,9.34000015258789,13.5,7.039999961853027,40.59315490722656,20.686660766601562,84.1163101196289,71.20726776123047,104.2379379272461,60.45216369628906,13.166390419006348
2021-06-04,52100.05078125,1062.6129150390625,2846.767822265625,1232.5587158203125,672.984375,621.7147827148438,1475.7103271484375,175.1148223876953,403.7872314453125,520.6384887695312,2178.437744140625,9.75,13.729999542236328,7.340000152587891,39.99005889892578,20.77431297302246,83.8773422241211,72.7830810546875,104.7491226196289,59.65476989746094,13.274394035339355
2021-06-07,52328.51171875,1080.415283203125,2881.773681640625,1236.47412109375,672.1102294921875,626.986083984375,1494.665283203125,177.33731079101562,402.669677734375,524.4013061523438,2176.39111328125,10.09000015258789,15.069999694824219,7.239999771118164,39.06221008300781,21.694692611694336,83.73396301269531,75.83622741699219,104.79173278808594,60.15313720703125,13.343121528625488
2021-06-08,52275.5703125,1074.30322265625,2898.7099609375,1257.2510986328125,665.2958374023438,621.3279418945312,1484.3480224609375,179.182373046875,397.7806701660156,534.419189453125,2190.206298828125,10.039999961853027,14.770000457763672,6.920000076293945,38.4591178894043,21.694692611694336,82.44355010986328,74.6051254272461,103.4285888671875,59.15639877319336,13.647489547729492
2021-06-09,51941.640625,1054.92431640625,2897.804443359375,1258.8084716796875,663.3905029296875,615.0895385742188,1457.5709228515625,178.134033203125,392.47259521484375,528.5551147460938,2192.067138671875,9.65999984741211,14.210000038146973,7.090000152587891,37.624053955078125,21.300247192382812,80.77078247070312,73.66948699951172,106.02709197998047,59.45542526245117,13.352940559387207
2021-06-10,52300.46875,1058.78076171875,2912.794189453125,1267.5728759765625,664.197509765625,619.1517944335938,1457.9068603515625,180.50454711914062,402.5300598144531,532.7088623046875,2214.580322265625,9.960000038146973,14.640000343322754,7.329999923706055,39.433345794677734,21.475557327270508,82.63471984863281,74.65438079833984,109.5201416015625,60.15313720703125,13.411849021911621
2021-06-11,52474.76171875,1080.4083251953125,2963.196044921875,1287.326416015625,666.2820434570312,614.7509155273438,1442.262939453125,179.25465393066406,400.0156555175781,528.65283203125,2201.6025390625,9.869999885559082,14.430000305175781,7.119999885559082,39.01582336425781,21.431732177734375,82.20457458496094,75.04832458496094,115.05793762207031,59.80427932739258,13.411849021911621
2021-06-14,52551.53125,1096.177734375,2967.407958984375,1300.362060546875,663.233642578125,614.2673950195312,1454.6436767578125,178.65122985839844,400.76068115234375,526.9913330078125,2215.93896484375,9.65999984741211,14.119999885559082,7.039999961853027,39.897274017333984,21.65087127685547,81.58325958251953,66.33207702636719,116.93223571777344,59.206241607666016,13.431487083435059
2021-06-15,52773.05078125,1098.3258056640625,2954.818359375,1310.5504150390625,668.030517578125,623.8909912109375,1450.1328125,178.52191162109375,399.9691162109375,530.3143310546875,2240.583251953125,9.710000038146973,14.119999885559082,7.21999979019165,39.34056854248047,22.089147567749023,82.20457458496094,68.59732055664062,116.93223571777344,59.35574722290039,13.991131782531738
2021-06-16,52501.98046875,1079.749267578125,2967.407958984375,1317.179443359375,665.363037109375,618.9583129882812,1430.650146484375,179.16844177246094,396.6632080078125,524.3035888671875,2257.44970703125,9.539999961853027,14.029999732971191,7.099999904632568,38.73747253417969,21.870004653930664,81.2009048461914,65.93811798095703,111.8204345703125,58.309173583984375,13.775128364562988
2021-06-17,52323.328125,1081.6534423828125,3007.03271484375,1332.0838623046875,657.2037353515625,611.752685546875,1428.6346435546875,177.14271545410156,391.30853271484375,516.7290649414062,2264.71142578125,9.430000305175781,13.75,7.170000076293945,38.134368896484375,21.65087127685547,81.58325958251953,64.51004028320312,109.30714416503906,57.661293029785156,13.676944732666016
2021-06-18,52344.44921875,1086.2913818359375,2986.111083984375,1338.712646484375,663.435302734375,609.5765380859375,1416.1578369140625,176.36691284179688,384.4173278808594,526.6981811523438,2324.541015625,10.359999656677246,13.75,7.510000228881836,37.39209747314453,21.519384384155273,80.14945220947266,63.32817840576172,105.6436996459961,57.46194839477539,13.382394790649414
2021-06-21,52574.4609375,1092.41845703125,2963.875732421875,1335.0198974609375,667.3131713867188,610.3502197265625,1407.8560791015625,176.3238067626953,390.70318603515625,527.2845458984375,2357.6650390625,10.170000076293945,13.899999618530273,7.880000114440918,38.691078186035156,21.82617950439453,81.4876708984375,66.77527618408203,108.1144027709961,58.209503173828125,14.06967830657959
2021-06-22,52588.7109375,1086.755126953125,2989.41650390625,1345.119140625,665.4526977539062,609.9149780273438,1438.807861328125,176.75482177734375,389.958251953125,524.4990844726562,2332.833984375,10.0,13.819999694824219,8.270000457763672,38.31993865966797,21.870004653930664,80.91415405273438,65.74114990234375,108.41258239746094,57.91047668457031,14.295500755310059
2021-06-23,52306.078125,1076.551513671875,2954.501953125,1337.24462890625,665.8114013671875,604.0634155273438,1420.2369384765625,175.89280700683594,390.097900390625,522.0067749023438,2323.369384765625,9.930000305175781,13.699999809265137,7.860000133514404,39.20138931274414,21.782352447509766,81.05754852294922,65.05172729492188,105.72888946533203,57.511783599853516,14.50168514251709
2021-06-24,52699.0,1051.2867431640625,3055.48779296875,1387.340576171875,675.270751953125,613.010009765625,1443.5587158203125,175.28941345214844,388.42169189453125,516.8267822265625,2333.114501953125,9.569999694824219,13.619999885559082,7.46999979019165,38.598289489746094,21.65087127685547,81.10533142089844,63.722129821777344,106.49565887451172,56.714393615722656,14.246408462524414
2021-06-25,52925.0390625,1027.3402099609375,3061.91796875,1400.95458984375,678.8125,627.3729248046875,1461.6019287109375,176.75482177734375,399.2706604003906,522.8864135742188,2294.930908203125,10.59000015258789,13.670000076293945,7.820000171661377,39.247779846191406,21.65087127685547,81.91781616210938,64.2638168334961,111.9482192993164,58.010154724121094,14.275863647460938
2021-06-28,52735.58984375,1018.4058837890625,3021.071044921875,1398.3743896484375,676.10009765625,628.775390625,1453.0120849609375,175.5479736328125,397.3150634765625,519.1235961914062,2305.09765625,10.5,13.649999618530273,7.869999885559082,40.22201919555664,21.694692611694336,83.54278564453125,65.29794311523438,113.48178100585938,56.81406784057617,14.982784271240234
2021-06-29,52549.66015625,1018.9917602539062,3024.694091796875,1390.410400390625,679.0394287109375,619.2001342773438,1449.7010498046875,175.28941345214844,392.5191345214844,512.9661865234375,2336.534912109375,10.09000015258789,13.5600004196167,7.670000076293945,39.94366455078125,22.176799774169922,82.68251037597656,63.91911697387695,111.0536880493164,55.667816162109375,14.698052406311035
2021-06-30,52482.7109375,1030.562255859375,3029.810546875,1407.0054931640625,677.4342651367188,610.1568603515625,1440.8233642578125,174.77220153808594,390.423828125,513.1616821289062,2314.093017578125,9.949999809265137,13.550000190734863,8.050000190734863,39.247779846191406,21.782352447509766,83.30381774902344,64.8055191040039,111.26667022705078,54.02320098876953,14.914054870605469
2021-07-01,52318.6015625,1024.142333984375,3025.96142578125,1388.49755859375,672.1884765625,609.96337890625,1432.1856689453125,174.9876708984375,391.4947814941406,511.0114440917969,2320.792724609375,9.069999694824219,13.550000190734863,8.449999809265137,39.29417419433594,21.256420135498047,82.87020111083984,63.91911697387695,108.19959259033203,54.02320098876953,14.874781608581543
2021-07-02,52484.671875,1039.4964599609375,3011.968505859375,1394.6815185546875,669.5657958984375,619.2968139648438,1426.09130859375,174.47048950195312,395.35943603515625,512.9661865234375,2331.802734375,8.800000190734863,13.5600004196167,8.869999885559082,39.06221008300781,21.34407615661621,82.24385833740234,64.90400695800781,105.94189453125,53.8238525390625,14.825690269470215
2021-07-05,52880.0,1049.602294921875,3008.345703125,1405.09228515625,676.054931640625,626.40576171875,1447.0137939453125,175.50489807128906,402.9490661621094,512.0377807617188,2341.07958984375,9.100000381469727,13.470000267028809,9.3100004196167,39.247779846191406,21.34407615661621,84.07470703125,64.95323181152344,106.96424102783203,54.27238464355469,14.727506637573242
2021-07-06,52861.1796875,1037.909912109375,2954.72802734375,1390.3214111328125,693.8494262695312,629.2106323242188,1444.5184326171875,174.59979248046875,400.1087951660156,514.0413208007812,2317.37255859375,8.8100004196167,13.380000114440918,8.850000381469727,38.83024978637695,21.081106185913086,83.78562927246094,63.475914001464844,104.8769302368164,53.42515563964844,14.334773063659668
2021-07-07,53054.76171875,1030.1959228515625,2966.45703125,1391.4783935546875,696.02001953125,632.2089233398438,1454.2598876953125,175.59109497070312,402.80938720703125,517.6087036132812,2323.88525390625,8.880000114440918,13.329999923706055,8.40999984741211,38.691078186035156,20.861968994140625,83.15929412841797,66.82453155517578,109.13674926757812,53.774017333984375,14.187498092651367
2021-07-08,52568.94140625,1021.7745361328125,2949.973388671875,1388.5418701171875,687.4053955078125,620.6509399414062,1440.3914794921875,174.1687774658203,395.2197570800781,513.308349609375,2292.963134765625,8.800000190734863,13.329999923706055,8.5600004196167,38.04158401489258,20.861968994140625,82.91838836669922,65.98737335205078,104.70652770996094,53.02646255493164,14.187498092651367
2021-07-09,52386.19140625,1012.15673828125,2905.276611328125,1390.5439453125,679.1300659179688,617.700927734375,1438.9039306640625,173.60848999023438,394.4747619628906,523.8148803710938,2295.352294921875,9.029999732971191,13.260000228881836,8.520000457763672,38.04158401489258,20.818145751953125,82.53294372558594,65.44568634033203,106.53824615478516,53.574668884277344,14.040224075317383
2021-07-12,52372.69140625,1017.6489868164062,2891.871826171875,1377.374755859375,672.572998046875,625.0999755859375,1440.4874267578125,173.3929901123047,398.10662841796875,517.6575317382812,2290.8544921875,9.020000457763672,13.100000381469727,8.3100004196167,37.94880294799805,20.905797958374023,86.24282836914062,65.59341430664062,106.36786651611328,53.774017333984375,13.991131782531738
2021-07-13,52769.73046875,1025.0211181640625,2887.297607421875,1374.6610107421875,678.9943237304688,642.7996826171875,1452.4364013671875,173.9963836669922,399.6431579589844,518.3416748046875,2282.04638671875,8.850000381469727,13.029999732971191,7.96999979019165,37.99519348144531,20.818145751953125,86.00192260742188,65.39643859863281,106.79385375976562,53.8238525390625,14.040224075317383
2021-07-14,52904.05078125,1018.4058837890625,2910.801025390625,1403.1346435546875,677.56982421875,642.3160400390625,1482.140625,175.97898864746094,401.3194274902344,517.9996337890625,2263.49365234375,8.819999694824219,13.010000228881836,7.929999828338623,37.80962371826172,20.59900665283203,86.58009338378906,64.85474395751953,106.1122817993164,53.62450408935547,13.892948150634766
2021-07-15,53158.8515625,1017.0632934570312,2905.945556640625,1406.1600341796875,687.5863647460938,645.4111328125,1544.2843017578125,177.74612426757812,401.9713134765625,513.650390625,2260.5888671875,8.770000457763672,13.539999961853027,8.25,37.43848419189453,20.33603858947754,85.182861328125,63.96834945678711,107.47542572021484,53.22581100463867,13.79476547241211
2021-07-16,53140.05859375,1031.001708984375,2899.727783203125,1383.6478271484375,688.12890625,638.5924072265625,1553.9296875,179.21153259277344,400.6209716796875,528.7505493164062,2262.55615234375,9.449999809265137,13.420000076293945,7.960000038146973,37.902408599853516,20.379865646362305,84.70106506347656,65.29794311523438,108.36997985839844,53.873687744140625,13.79476547241211
2021-07-19,52553.3984375,1024.8013916015625,2890.423583984375,1371.902587890625,665.17919921875,634.5301513671875,1544.332275390625,179.12533569335938,398.2928771972656,526.1116333007812,2258.66748046875,9.170000076293945,13.229999542236328,7.71999979019165,37.39209747314453,20.423690795898438,82.96656036376953,63.032711029052734,107.90140533447266,52.47825622558594,13.59839916229248
2021-07-20,52198.51171875,1022.1163330078125,2909.394775390625,1378.93212890625,652.5399780273438,620.9410400390625,1526.0010986328125,178.2633514404297,391.8672790527344,513.9435424804688,2280.640625,9.0,12.960000038146973,7.420000076293945,36.88178253173828,20.423690795898438,80.75027465820312,62.24480056762695,104.62134552001953,51.03298568725586,13.352940559387207
2021-07-22,52837.2109375,1035.4931640625,2919.60595703125,1414.968994140625,655.2985229492188,634.2883911132812,1575.476318359375,178.4788360595703,392.98480224609375,534.1260986328125,2228.8701171875,9.25,13.020000457763672,7.579999923706055,37.11374282836914,20.642831802368164,81.18389129638672,63.57441329956055,107.51801300048828,51.979888916015625,13.352940559387207
2021-07-23,52975.80078125,1027.779541015625,2915.521240234375,1415.1025390625,652.4721069335938,654.4544677734375,1547.1156005859375,183.04745483398438,399.6431579589844,536.129638671875,2210.691650390625,8.359999656677246,13.069999694824219,7.349999904632568,37.20652770996094,20.423690795898438,82.29203796386719,62.98346710205078,107.81620788574219,50.983150482177734,13.303848266601562
2021-07-26,52852.26953125,1014.3535766601562,2903.99365234375,1427.29296875,648.673583984375,654.5512084960938,1533.53515625,181.96998596191406,394.19537353515625,531.5849609375,2200.85302734375,8.289999961853027,13.300000190734863,7.28000020980835,36.55703353881836,20.33603858947754,84.07470703125,61.75236129760742,110.4572982788086,51.08282470703125,13.303848266601562
2021-07-27,52578.76171875,1002.9296264648438,2889.198486328125,1426.00244140625,651.0928955078125,655.4216918945312,1543.468505859375,179.85804748535156,399.9225769042969,528.2129516601562,2195.23046875,8.40999984741211,13.050000190734863,6.929999828338623,36.325077056884766,20.248382568359375,83.20745849609375,60.57049560546875,110.5425033569336,50.58445358276367,13.549306869506836
2021-07-28,52443.7109375,994.4103393554688,2902.314453125,1428.4051513671875,641.0538940429688,662.8207397460938,1546.9627685546875,180.28903198242188,396.19757080078125,555.04150390625,2212.706298828125,8.369999885559082,12.9399995803833,6.590000152587891,35.62919235229492,20.160728454589844,82.38839721679688,59.38863754272461,114.1633529663086,50.58445358276367,13.451123237609863
2021-07-29,52653.0703125,1003.3934326171875,2901.49755859375,1438.6824951171875,641.0086059570312,666.7978515625,1548.904052734375,177.57369995117188,411.3768310546875,554.0641479492188,2186.89111328125,8.25,12.859999656677246,6.269999980926514,36.55703353881836,20.07307243347168,82.72565460205078,59.29014587402344,120.97906494140625,51.83037567138672,13.549306869506836
2021-07-30,52586.83984375,993.7024536132812,2875.083984375,1432.8096923828125,644.761962890625,662.23876953125,1554.33935546875,176.7117156982422,402.0178527832031,549.1773681640625,2187.078369140625,8.270000457763672,12.75,6.269999980926514,36.649818420410156,20.160728454589844,84.21925354003906,58.55147933959961,120.97906494140625,51.83037567138672,13.549306869506836
2021-08-02,52950.62890625,1011.3268432617188,2920.8310546875,1451.58447265625,643.3827514648438,661.1231689453125,1566.2779541015625,178.65122985839844,404.9512939453125,552.2560424804688,2185.485595703125,8.25,12.770000457763672,6.579999923706055,37.76323318481445,20.4675235748291,83.40019226074219,58.9454345703125,118.80656433105469,51.68086624145508,13.510032653808594
2021-08-03,53823.359375,1018.8452758789062,2980.965087890625,1471.8275146484375,648.673583984375,669.368408203125,1585.1563720703125,180.849365234375,415.7536926269531,567.06298828125,2236.927978515625,7.400000095367432,12.779999732971191,6.900000095367432,37.39209747314453,20.642831802368164,85.85738372802734,58.20677185058594,118.3805923461914,51.53135681152344,13.303848266601562
2021-08-04,54369.76953125,1026.9739990234375,2971.25341796875,1467.4234619140625,662.4207763671875,693.328125,1574.867919921875,179.81495666503906,425.6248474121094,561.1987915039062,2227.277099609375,6.03000020980835,12.640000343322754,6.789999961853027,36.55703353881836,20.686660766601562,84.55651092529297,57.12339782714844,117.27304077148438,49.63755416870117,13.097662925720215
2021-08-05,54492.83984375,1041.4981689453125,2981.872802734375,1472.4952392578125,671.8268432617188,681.0572509765625,1578.8472900390625,185.4611053466797,411.4700012207031,585.339599609375,2210.27001953125,5.940000057220459,12.430000305175781,6.949999809265137,36.09311294555664,20.730484008789062,82.87020111083984,56.33549118041992,121.87364196777344,47.64407730102539,12.940569877624512
2021-08-06,54277.71875,1019.89501953125,3004.565185546875,1468.490966796875,675.467041015625,676.4981689453125,1562.444091796875,184.771484375,405.6962585449219,594.0380249023438,2221.795654296875,7.099999904632568,12.529999732971191,6.809999942779541,36.69620895385742,20.642831802368164,83.88198852539062,56.68019485473633,120.16968536376953,48.98967361450195,13.097662925720215
2021-08-09,54402.8515625,1014.134033203125,3015.68408203125,1479.7471923828125,679.9666137695312,681.687744140625,1550.8936767578125,184.25428771972656,403.6009216308594,585.681640625,2233.55517578125,6.909999847412109,12.449999809265137,6.659999847412109,35.95393753051758,20.642831802368164,84.60470581054688,55.10437774658203,114.29112243652344,47.245384216308594,12.891477584838867
2021-08-10,54554.66015625,1019.5773315429688,3025.532470703125,1491.6258544921875,681.6849365234375,679.9902954101562,1540.5081787109375,180.849365234375,397.082275390625,608.160888671875,2231.540771484375,6.670000076293945,12.34000015258789,6.420000076293945,34.747737884521484,20.20455551147461,83.20745849609375,53.774784088134766,108.36997985839844,45.65060043334961,12.606746673583984
2021-08-11,54525.9296875,1033.10107421875,3032.158935546875,1492.6048583984375,676.0322875976562,672.66650390625,1538.9066162109375,179.85804748535156,398.5722351074219,606.6948852539062,2239.458251953125,6.650000095367432,11.979999542236328,6.25,34.65495681762695,20.248382568359375,82.05113220214844,53.676292419433594,114.84491729736328,46.697174072265625,12.40056037902832
2021-08-12,54843.98046875,1030.244873046875,3044.3212890625,1504.2166748046875,678.9490966796875,680.4752197265625,1574.72216796875,180.07351684570312,397.7341003417969,609.1382446289062,2243.113037109375,6.5,11.949999809265137,6.559999942779541,35.026092529296875,20.94962501525879,82.53294372558594,54.95664596557617,114.97271728515625,45.700435638427734,13.038752555847168
2021-08-13,55437.2890625,1047.08837890625,3142.305419921875,1523.79248046875,689.6664428710938,683.6763305664062,1618.4483642578125,182.1423797607422,401.69189453125,622.625732421875,2252.3896484375,6.320000171661377,11.890000343322754,6.510000228881836,35.07249069213867,20.905797958374023,82.14749908447266,54.759666442871094,114.1633529663086,45.35158157348633,13.686762809753418
2021-08-16,55582.578125,1060.611572265625,3151.246337890625,1516.896240234375,691.58837890625,681.4452514648438,1607.6744384765625,181.79754638671875,395.6387939453125,619.4005126953125,2275.30029296875,5.96999979019165,11.720000267028809,6.659999847412109,34.747737884521484,20.818145751953125,81.71387481689453,53.380828857421875,114.5893325805664,44.703697204589844,13.254755973815918
2021-08-17,55792.26953125,1056.4619140625,3224.450927734375,1549.55224609375,685.0313110351562,679.9902954101562,1590.0579833984375,180.3321533203125,392.3794860839844,612.119140625,2323.0419921875,5.739999771118164,11.270000457763672,6.340000152587891,34.14463806152344,20.4675235748291,80.22029113769531,51.903499603271484,110.798095703125,44.005985260009766,12.852205276489258
2021-08-18,55629.48828125,1060.1722412109375,3229.98828125,1542.344970703125,684.1495361328125,667.7678833007812,1583.700439453125,180.11663818359375,390.98260498046875,608.6495361328125,2327.679931640625,6.449999809265137,11.289999961853027,6.039999961853027,33.86628723144531,20.555177688598633,80.26846313476562,53.62704849243164,109.392333984375,44.50435256958008,12.685293197631836
2021-08-20,55329.3203125,1047.7960205078125,3229.03466796875,1541.2769775390625,684.8052978515625,660.0076904296875,1546.6715087890625,180.20285034179688,378.9696044921875,599.071533203125,2452.72705078125,5.980000019073486,11.15999984741211,5.78000020980835,33.031227111816406,20.20455551147461,76.94402313232422,50.86936950683594,101.46907043457031,41.71348571777344,12.626381874084473
2021-08-23,55555.7890625,1055.705078125,3300.19677734375,1547.5501708984375,688.94287109375,662.1416625976562,1534.5389404296875,177.87545776367188,381.157958984375,608.4540405273438,2468.28125,6.0,10.84000015258789,5.900000095367432,33.54154586791992,19.941587448120117,75.40225219726562,50.67238998413086,98.14640808105469,40.81642150878906,12.361288070678711
2021-08-24,55958.98046875,1065.66455078125,3278.730224609375,1531.1331787109375,704.8833618164062,673.5394897460938,1560.69677734375,177.3151092529297,388.8407287597656,605.815185546875,2471.982666015625,6.239999771118164,10.979999542236328,6.019999980926514,33.72711181640625,20.116901397705078,77.23310089111328,52.445186614990234,101.55426788330078,42.76006317138672,12.390742301940918
2021-08-25,55944.2109375,1075.184814453125,3321.66357421875,1545.7706298828125,704.0693359375,670.1929931640625,1546.574462890625,177.91851806640625,387.5835876464844,598.5828247070312,2478.3076171875,6.309999942779541,10.970000267028809,6.099999904632568,33.81990051269531,20.20455551147461,77.57036590576172,52.248207092285156,101.63945770263672,42.461036682128906,12.459470748901367
2021-08-26,55949.1015625,1089.0252685546875,3332.147705078125,1536.650146484375,703.1198120117188,677.5166625976562,1548.3702392578125,176.453125,382.5548400878906,573.5623779296875,2498.7353515625,5.900000095367432,10.9399995803833,5.96999979019165,33.26319122314453,20.07307243347168,75.35406494140625,51.214080810546875,98.23160552978516,42.06234359741211,12.361288070678711
2021-08-27,56124.71875,1087.1214599609375,3376.714111328125,1520.1884765625,700.338623046875,678.632080078125,1589.524169921875,177.48751831054688,383.9982604980469,580.5016479492188,2509.4169921875,6.03000020980835,11.039999961853027,5.96999979019165,33.54154586791992,20.02924156188965,75.16134643554688,53.33158493041992,100.7022933959961,42.51087951660156,12.439834594726562
2021-08-30,56889.76171875,1108.2608642578125,3359.6953125,1510.7568359375,709.0889282226562,692.1640625,1611.0716552734375,179.25465393066406,393.63665771484375,606.3038330078125,2518.08447265625,5.980000019073486,10.899999618530273,6.190000057220459,34.09824752807617,20.160728454589844,78.34125518798828,53.233097076416016,103.51378631591797,43.308265686035156,12.724565505981445
2021-08-31,57552.390625,1103.0125732421875,3436.98486328125,1516.362548828125,715.1712036132812,697.3052368164062,1622.2823486328125,182.09925842285156,396.7097473144531,648.67236328125,2551.770751953125,6.110000133514404,10.800000190734863,6.050000190734863,34.00546646118164,20.160728454589844,78.29307556152344,51.755767822265625,103.5989761352539,42.76006317138672,12.567472457885742
2021-09-01,57338.2109375,1108.1143798828125,3371.177734375,1492.515380859375,713.8145141601562,697.644775390625,1637.03564453125,180.59075927734375,400.1553955078125,651.1157836914062,2559.032958984375,6.090000152587891,11.109999656677246,6.050000190734863,34.65495681762695,20.20455551147461,79.40121459960938,54.1194953918457,102.27843475341797,44.30500411987305,12.587109565734863
2021-09-02,57852.5390625,1119.7825927734375,3483.6396484375,1502.3924560546875,718.6079711914062,703.3678588867188,1636.0648193359375,180.80625915527344,400.1087951660156,651.0180053710938,2623.079345703125,7.139999866485596,11.170000076293945,6.260000228881836,34.79413604736328,20.160728454589844,79.73847961425781,53.87327575683594,102.91741180419922,44.7535400390625,12.587109565734863
2021-09-03,58129.94921875,1165.96728515625,3486.726318359375,1512.936767578125,712.5257568359375,702.8828735351562,1636.9871826171875,181.49586486816406,401.73846435546875,643.3945922851562,2592.016845703125,7.260000228881836,11.079999923706055,6.119999885559082,35.304447174072266,20.20455551147461,79.8348388671875,54.611942291259766,104.3231430053711,45.50109100341797,12.646018981933594
2021-09-06,58296.91015625,1183.6893310546875,3495.530517578125,1539.364013671875,708.523681640625,699.3908081054688,1645.0916748046875,180.46144104003906,401.41253662109375,639.6806640625,2604.525634765625,7.21999979019165,10.989999771118164,6.090000152587891,35.11887741088867,20.20455551147461,79.44940185546875,54.611942291259766,103.47118377685547,44.952884674072266,12.646018981933594
2021-09-07,58279.48046875,1191.866943359375,3462.581298828125,1518.45361328125,709.58642578125,695.0741577148438,1630.9691162109375,182.53025817871094,399.4569396972656,655.5138549804688,2601.01220703125,8.279999732971191,10.930000305175781,6.050000190734863,34.747737884521484,20.160728454589844,78.5821533203125,54.46419906616211,102.4914321899414,46.19880676269531,12.55765438079834
2021-09-08,58250.26171875,1186.6429443359375,3425.684326171875,1506.441162109375,713.1814575195312,699.0997924804688,1616.8953857421875,182.05615234375,401.7850341796875,652.6795043945312,2622.469970703125,8.069999694824219,10.920000076293945,6.099999904632568,34.933311462402344,20.160728454589844,80.02755737304688,54.85816192626953,102.23583221435547,46.04929733276367,12.577290534973145
2021-09-09,58305.0703125,1184.128662109375,3441.70458984375,1505.3731689453125,708.9080810546875,698.61474609375,1620.4866943359375,183.3491668701172,402.48345947265625,670.7606201171875,2631.88720703125,8.390000343322754,10.949999809265137,6.25,34.84052276611328,20.20455551147461,79.40121459960938,54.80891799926758,104.11016082763672,46.697174072265625,13.922403335571289
2021-09-13,58177.76171875,1157.8140869140625,3489.04052734375,1504.661376953125,703.3457641601562,686.1013793945312,1622.52490234375,184.55599975585938,402.9956359863281,679.8500366210938,2609.351806640625,7.960000038146973,11.079999923706055,6.260000228881836,34.88691711425781,20.116901397705078,79.11213684082031,54.316471099853516,102.3636245727539,46.697174072265625,13.568942070007324
2021-09-14,58247.08984375,1156.2275390625,3526.482421875,1500.1236572265625,700.1351318359375,686.198486328125,1646.3533935546875,186.2368927001953,403.2749938964844,678.384033203125,2588.877685546875,8.6899995803833,12.510000228881836,6.510000228881836,35.07249069213867,20.116901397705078,79.30486297607422,57.22188186645508,102.78961944580078,47.7935905456543,13.313666343688965
2021-09-15,58723.19921875,1161.4268798828125,3589.702392578125,1522.5465087890625,699.6151733398438,692.6975708007812,1666.5908203125,186.19378662109375,413.33245849609375,709.1218872070312,2600.778076171875,8.930000305175781,12.720000267028809,6.539999961853027,35.90754699707031,20.02924156188965,80.60572052001953,57.02490997314453,102.83221435546875,48.59097671508789,13.352940559387207
2021-09-16,59141.16015625,1185.42236328125,3542.23095703125,1514.7607421875,705.31298828125,705.1625366210938,1670.2789306640625,198.90841674804688,431.77105712890625,701.8894653320312,2592.81298828125,11.25,14.75,6.510000228881836,38.78385543823242,19.985416412353516,82.77383422851562,57.32037353515625,101.8950424194336,50.73396682739258,14.118770599365234
2021-09-17,59015.890625,1167.016845703125,3476.832275390625,1504.9285888671875,715.9851684570312,698.4207763671875,1665.0863037109375,199.2101287841797,422.83111572265625,711.6631469726562,2549.709716796875,11.170000076293945,13.270000457763672,6.449999809265137,36.83538818359375,19.985416412353516,80.22029113769531,55.695308685302734,98.18900299072266,48.93983459472656,13.647489547729492
2021-09-20,58490.9296875,1168.7257080078125,3470.3876953125,1501.858642578125,705.1547241210938,688.7689819335938,1653.6815185546875,201.3651580810547,407.2327880859375,708.3400268554688,2622.04833984375,10.75,12.800000190734863,6.480000019073486,35.39723205566406,19.85393524169922,76.84766387939453,53.2823371887207,91.56806182861328,47.64407730102539,13.382394790649414
2021-09-21,59005.26953125,1173.729736328125,3508.147216796875,1528.4193115234375,700.8587036132812,689.9330444335938,1667.60986328125,208.1319122314453,408.76934814453125,710.2947387695312,2634.979248046875,10.8100004196167,13.0,6.420000076293945,35.35083770751953,19.634796142578125,77.13674926757812,53.62704849243164,96.28491973876953,48.39162826538086,13.146754264831543
2021-09-22,58927.328125,1186.6429443359375,3505.92333984375,1527.4849853515625,693.8946533203125,682.3182983398438,1660.5728759765625,209.81280517578125,408.8158874511719,710.2947387695312,2609.44580078125,10.390000343322754,13.170000076293945,6.429999828338623,35.44362258911133,19.590965270996094,78.14852905273438,56.18775177001953,96.32821655273438,48.341793060302734,13.166390419006348
2021-09-23,59885.359375,1215.4718017578125,3511.551025390625,1549.774658203125,710.083740234375,695.8987426757812,1717.9847412109375,208.95083618164062,418.87335205078125,709.7572631835938,2606.681640625,10.579999923706055,13.010000228881836,6.369999885559082,35.72197723388672,19.634796142578125,78.87123107910156,56.236995697021484,95.59255981445312,48.341793060302734,13.20566463470459
2021-09-24,60048.46875,1212.20068359375,3513.910888671875,1569.1279296875,724.1475830078125,701.0399169921875,1716.140380859375,205.45970153808594,410.4921569824219,722.462890625,2569.10595703125,11.5,12.859999656677246,6.320000171661377,35.1652717590332,19.54714012145996,77.90762329101562,55.399845123291016,93.55865478515625,46.896522521972656,13.13693618774414
2021-09-27,60077.87890625,1232.8275146484375,3482.73193359375,1532.200927734375,734.503173828125,708.0240478515625,1688.9632568359375,205.63209533691406,415.5208740234375,706.4830322265625,2540.152099609375,11.34000015258789,12.899999618530273,6.289999961853027,35.58279800415039,19.678627014160156,78.63033294677734,56.0400276184082,94.51068878173828,46.697174072265625,12.989660263061523
2021-09-28,59667.6015625,1243.9832763671875,3430.1318359375,1501.5472412109375,730.7498779296875,695.5107421875,1685.663330078125,204.94248962402344,414.49652099609375,680.4853515625,2552.380126953125,10.979999542236328,12.739999771118164,6.170000076293945,36.325077056884766,19.590965270996094,77.95580291748047,59.634857177734375,95.50598907470703,46.04929733276367,12.970024108886719
2021-09-29,59413.26953125,1233.828369140625,3441.568115234375,1505.595947265625,720.4620361328125,688.4779663085938,1669.8907470703125,205.2441864013672,428.46514892578125,678.2374877929688,2515.4140625,11.25,12.3100004196167,6.46999979019165,36.78900146484375,19.85393524169922,78.43761444091797,61.85084915161133,99.09774780273438,48.1424446105957,13.127118110656738
2021-09-30,59126.359375,1228.8243408203125,3426.046875,1490.7803955078125,721.5021362304688,679.7962036132812,1653.0992431640625,203.39085388183594,421.8998718261719,672.5687866210938,2530.406982421875,11.899999618530273,12.539999961853027,6.429999828338623,37.160133361816406,20.02924156188965,81.18389129638672,63.672889709472656,98.40536499023438,47.49456787109375,13.402030944824219
2021-10-01,58765.578125,1231.6802978515625,3385.01953125,1481.4820556640625,715.64599609375,671.4539794921875,1646.6446533203125,203.08920288085938,420.68927001953125,657.6640625,2532.32763671875,11.399999618530273,12.859999656677246,6.510000228881836,37.670448303222656,20.94962501525879,80.12393188476562,64.70701599121094,99.44395446777344,47.1955451965332,13.382394790649414
2021-10-04,59299.3203125,1247.7913818359375,3422.961181640625,1494.0728759765625,716.8896484375,679.1171264648438,1664.3583984375,203.9080810546875,431.2123107910156,665.6783447265625,2517.38232421875,11.430000305175781,13.09000015258789,6.829999923706055,38.134368896484375,20.94962501525879,81.90660095214844,64.51004028320312,104.11756134033203,47.49456787109375,13.529669761657715
2021-10-05,59744.87890625,1273.78857421875,3479.781982421875,1506.2186279296875,721.4116821289062,676.4010620117188,1666.2025146484375,202.35646057128906,432.7023010253906,683.4173583984375,2538.183837890625,11.569999694824219,13.109999656677246,7.170000076293945,38.08797836303711,20.686660766601562,82.58112335205078,65.24871063232422,103.2520751953125,47.7935905456543,13.460941314697266
2021-10-06,59189.73046875,1249.9149169921875,3458.179443359375,1489.44580078125,730.3429565429688,669.368408203125,1645.14013671875,199.3394317626953,425.71795654296875,675.7451171875,2515.929443359375,11.4399995803833,13.0600004196167,6.849999904632568,37.02096176147461,20.730484008789062,81.32843780517578,62.24480056762695,100.17960357666016,46.896522521972656,13.284211158752441
2021-10-07,59677.828125,1255.7491455078125,3533.244873046875,1504.9285888671875,728.6243896484375,681.0572509765625,1661.73779296875,200.80482482910156,426.2767333984375,676.8690795898438,2502.99853515625,11.369999885559082,13.15999984741211,7.130000114440918,37.06734848022461,20.642831802368164,82.38839721679688,62.24480056762695,100.13634490966797,47.64407730102539,13.323484420776367
2021-10-08,60059.05859375,1303.9354248046875,3572.0029296875,1533.624755859375,724.5319213867188,681.7847900390625,1676.53955078125,199.6842498779297,426.23016357421875,679.6546020507812,2474.04443359375,11.369999885559082,13.220000267028809,7.289999961853027,37.39209747314453,20.686660766601562,82.48475646972656,64.4607925415039,101.13164520263672,47.84342575073242,14.413320541381836
2021-10-11,60135.78125,1294.317626953125,3346.171142578125,1505.5513916015625,739.0704345703125,691.7276000976562,1666.2509765625,205.15798950195312,436.9394836425781,675.15869140625,2479.057861328125,10.859999656677246,13.079999923706055,7.650000095367432,37.531272888183594,20.642831802368164,83.06291961669922,65.69190216064453,100.91526794433594,47.594242095947266,13.98131275177002
2021-10-12,60284.30859375,1302.8126220703125,3316.580810546875,1499.144775390625,736.786865234375,687.4594116210938,1667.4158935546875,208.0026092529297,449.8837585449219,670.9561157226562,2506.559326171875,10.670000076293945,13.180000305175781,7.389999866485596,38.2735481262207,20.59900665283203,85.32740020751953,69.532958984375,100.35270690917969,48.98967361450195,14.040224075317383
2021-10-13,60737.05078125,1316.1650390625,3318.53271484375,1520.4554443359375,741.1959228515625,688.5264892578125,1700.465087890625,214.94178771972656,448.4869079589844,674.5234375,2480.181884765625,10.699999809265137,13.229999542236328,7.099999904632568,38.4591178894043,20.730484008789062,90.14543914794922,75.24530792236328,105.37250518798828,48.690650939941406,14.079496383666992
2021-10-14,61305.94921875,1318.093505859375,3284.201416015625,1526.461669921875,762.3820190429688,705.3079223632812,1736.5233154296875,221.1482391357422,456.7749938964844,670.6140747070312,2482.00927734375,10.75,13.210000038146973,7.059999942779541,39.47974395751953,20.730484008789062,89.76000213623047,73.17704772949219,107.49293518066406,49.18901824951172,14.030405044555664
2021-10-18,61765.58984375,1321.5841064453125,3317.031982421875,1594.6654052734375,755.2596435546875,722.7684936523438,1735.552734375,226.234130859375,463.6195983886719,665.0430908203125,2487.02197265625,10.600000381469727,13.960000038146973,7.409999847412109,42.68080520629883,21.34407615661621,91.83175659179688,73.47250366210938,111.69053649902344,50.7838020324707,14.37404727935791
2021-10-19,61716.05078125,1333.5452880859375,3305.390869140625,1620.7366943359375,763.7611694335938,724.8055419921875,1792.1395263671875,212.1402587890625,454.8659362792969,665.5806274414062,2386.103759765625,10.0,13.600000381469727,7.159999847412109,41.010684967041016,20.905797958374023,89.37454223632812,68.59732055664062,106.45435333251953,48.341793060302734,14.059859275817871
2021-10-20,61259.9609375,1318.117919921875,3281.06396484375,1602.0953369140625,756.7745971679688,723.205078125,1753.9459228515625,212.57125854492188,465.5752258300781,692.4091186523438,2323.276123046875,10.640000343322754,13.479999542236328,7.039999961853027,39.99005889892578,20.642831802368164,90.62725067138672,71.8474349975586,103.4251708984375,48.49130630493164,13.843856811523438
2021-10-21,60923.5,1280.5745849609375,3213.357421875,1560.5858154296875,757.7693481445312,734.1663208007812,1752.5384521484375,211.1058349609375,468.4620666503906,680.6319580078125,2291.838623046875,10.319999694824219,14.319999694824219,7.119999885559082,41.428218841552734,21.256420135498047,93.03627014160156,70.46859741210938,102.47313690185547,49.537879943847656,14.383864402770996
2021-10-22,60821.62109375,1282.5518798828125,3183.028564453125,1530.0654296875,760.595703125,736.3488159179688,1738.6102294921875,203.951171875,468.36895751953125,678.7261352539062,2300.458984375,10.25,13.729999542236328,7.059999942779541,40.77872085571289,22.57124900817871,100.26332092285156,68.203369140625,100.78544616699219,49.8369026184082,14.197317123413086
2021-10-25,60967.05078125,1270.1512451171875,3176.162353515625,1519.5213623046875,749.2452392578125,815.8427734375,1730.8453369140625,201.3220672607422,471.53515625,675.1099243164062,2301.068115234375,10.4399995803833,13.319999694824219,6.920000076293945,41.706573486328125,21.913833618164062,98.76972198486328,67.66167449951172,100.00651550292969,49.08934783935547,14.305317878723145
2021-10-26,61350.26171875,1299.37060546875,3167.568115234375,1529.7548828125,747.5267944335938,804.1539306640625,1741.7161865234375,204.1235809326172,477.35540771484375,680.3876342773438,2296.7783203125,10.399999618530273,13.460000038146973,7.059999942779541,42.5416259765625,21.82617950439453,98.23973846435547,70.56708526611328,103.72808837890625,52.72744369506836,14.482048034667969
2021-10-27,61143.328125,1285.2857666015625,3172.933349609375,1551.8382568359375,742.8238525390625,810.3135375976562,1730.40869140625,205.50279235839844,483.4551086425781,686.6427001953125,2259.86865234375,10.239999771118164,13.069999694824219,6.96999979019165,42.95915985107422,21.782352447509766,96.74614715576172,69.72993469238281,101.26146697998047,52.17923355102539,14.413320541381836
2021-10-28,59984.69921875,1269.0284423828125,3114.1845703125,1529.6654052734375,720.1681518554688,774.713623046875,1759.090087890625,194.12428283691406,466.92547607421875,673.2039794921875,2253.2685546875,9.699999809265137,12.739999771118164,6.739999771118164,38.366329193115234,21.21259307861328,94.72257232666016,66.97225952148438,99.6170425415039,49.338531494140625,14.118770599365234
2021-10-29,59306.9296875,1238.8814697265625,3090.948974609375,1497.886962890625,715.5555419921875,778.254150390625,1714.87890625,192.48648071289062,467.8567810058594,670.7117919921875,2256.99267578125,9.550000190734863,12.800000190734863,6.78000020980835,39.06221008300781,21.256420135498047,93.8553237915039,67.21847534179688,99.53050231933594,49.38836669921875,14.148224830627441
2021-11-01,60138.4609375,1238.7593994140625,3162.339111328125,1526.029541015625,726.3181762695312,780.3397216796875,1742.3470458984375,195.54660034179688,480.10260009765625,696.1719360351562,2269.62646484375,10.119999885559082,13.0600004196167,7.090000152587891,39.06221008300781,21.56321144104004,94.38529968261719,70.66558074951172,108.40169525146484,50.38510513305664,14.089315414428711
2021-11-02,60029.05859375,1220.964111328125,3168.2041015625,1524.144287109375,726.56689453125,776.7506103515625,1762.826904296875,194.46908569335938,485.8297424316406,696.7584228515625,2279.1484375,10.039999961853027,13.050000190734863,7.0,39.06221008300781,21.56321144104004,98.28791809082031,71.30575561523438,105.93507385253906,52.02972412109375,14.108951568603516
2021-11-03,59771.921875,1212.6402587890625,3176.20703125,1528.4083251953125,715.3294067382812,762.2001953125,1833.14794921875,191.79684448242188,491.3706359863281,683.173095703125,2273.161865234375,9.890000343322754,13.0,6.980000019073486,38.412723541259766,21.95766258239746,96.55342864990234,70.37010192871094,105.58887481689453,50.38510513305664,13.971494674682617
2021-11-04,60067.62109375,1219.93896484375,3191.212646484375,1534.512939453125,720.8237915039062,758.9506225585938,1852.6085205078125,195.2880096435547,493.9781494140625,685.2255249023438,2284.993408203125,10.029999732971191,13.149999618530273,7.090000152587891,38.87664794921875,22.13297462463379,97.42066955566406,70.61634063720703,106.71401977539062,50.88347625732422,14.118770599365234
2021-11-08,60545.609375,1221.5010986328125,3185.347412109375,1559.87255859375,723.6275024414062,756.864990234375,1867.5560302734375,198.00331115722656,487.18011474609375,692.9466552734375,2293.00732421875,9.819999694824219,13.130000114440918,7.179999828338623,39.34056854248047,22.264453887939453,97.80610656738281,71.89669036865234,107.88240814208984,51.1824951171875,14.275863647460938
2021-11-09,60433.44921875,1230.3133544921875,3187.07470703125,1564.136474609375,710.4907836914062,763.0732421875,1889.6375732421875,197.22752380371094,492.81414794921875,697.002685546875,2292.15869140625,10.420000076293945,13.079999923706055,7.079999923706055,39.75809860229492,22.658903121948242,98.28791809082031,71.01028442382812,110.47551727294922,52.07956314086914,14.393683433532715
2021-11-10,60352.8203125,1244.642333984375,3168.750244140625,1560.3662109375,703.210205078125,757.3984985351562,1890.9964599609375,198.99462890625,488.3441162109375,719.0421142578125,2263.87548828125,10.319999694824219,13.029999732971191,7.03000020980835,39.247779846191406,22.40593147277832,96.69795989990234,65.29794311523438,105.51283264160156,51.68086624145508,14.177679061889648
2021-11-11,59919.69140625,1247.3519287109375,3172.160888671875,1555.29443359375,700.2029418945312,749.1532592773438,1874.3018798828125,198.2188262939453,474.51513671875,712.102783203125,2240.022705078125,9.880000114440918,13.239999771118164,7.070000171661377,38.87664794921875,22.180068969726562,96.55342864990234,63.82062530517578,104.61865997314453,50.73396682739258,13.991131782531738
2021-11-12,60686.69140625,1265.684326171875,3205.263916015625,1597.8896484375,702.4188842773438,753.5184326171875,1900.9937744140625,200.9341583251953,476.0982360839844,726.469970703125,2269.2958984375,10.34000015258789,13.170000076293945,7.119999885559082,38.691078186035156,22.044546127319336,96.40888977050781,64.21456146240234,105.11045837402344,51.48152160644531,13.843856811523438
2021-11-15,60718.7109375,1258.8736572265625,3232.000244140625,1602.8719482421875,704.0919799804688,750.1718139648438,1889.831787109375,205.20108032226562,471.8611145019531,720.8990478515625,2285.65380859375,10.09000015258789,13.050000190734863,6.980000019073486,38.64468765258789,21.954200744628906,95.92707824707031,63.180450439453125,103.1879653930664,50.983150482177734,13.676944732666016
2021-11-16,60322.37109375,1226.4320068359375,3233.136962890625,1607.4051513671875,699.7733764648438,741.5870361328125,1897.83935546875,203.04608154296875,460.9655456542969,713.47119140625,2268.77734375,10.010000228881836,13.0600004196167,7.019999980926514,38.18075942993164,21.909029006958008,93.80714416503906,62.78649139404297,102.51734924316406,50.08608627319336,13.392212867736816
2021-11-17,60008.328125,1202.9736328125,3204.763671875,1605.1160888671875,692.1763305664062,738.4345092773438,1894.2479248046875,206.45098876953125,463.8989562988281,703.5509643554688,2257.228515625,9.989999771118164,13.020000457763672,6.96999979019165,37.71683883666992,21.637989044189453,93.56623840332031,63.032711029052734,101.71259307861328,49.338531494140625,13.431487083435059
2021-11-18,59636.01171875,1207.2210693359375,3160.838623046875,1598.5179443359375,695.8391723632812,740.3259887695312,1842.271728515625,204.6838836669922,469.3002014160156,698.0289306640625,2260.480712890625,9.979999542236328,12.859999656677246,6.909999847412109,38.691078186035156,21.32177734375,91.3017578125,61.35840606689453,98.8512191772461,48.49130630493164,13.343121528625488
2021-11-22,58465.890625,1153.835205078125,3147.74267578125,1578.5894775390625,685.1895751953125,730.3832397460938,1809.5135498046875,199.08082580566406,453.0034484863281,725.2483520507812,2252.70263671875,10.600000381469727,12.550000190734863,6.829999923706055,37.02096176147461,21.366947174072266,88.17003631591797,59.14241027832031,96.07926940917969,47.04603576660156,13.107481956481934
2021-11-23,58664.328125,1164.94189453125,3149.970947265625,1555.02490234375,685.9132080078125,729.3162231445312,1832.7596435546875,199.64112854003906,459.149658203125,742.3032836914062,2257.888671875,10.579999923706055,12.579999923706055,6.900000095367432,37.76323318481445,21.54764175415039,89.37454223632812,62.73725128173828,99.34300994873047,48.59097671508789,13.097662925720215
2021-11-24,58340.98828125,1147.732666015625,3131.645751953125,1523.8302001953125,686.6140747070312,737.4158935546875,1805.776611328125,196.4517059326172,459.3359069824219,741.5701904296875,2240.493896484375,10.989999771118164,12.569999694824219,6.949999809265137,37.57766342163086,21.45729637145996,89.66363525390625,61.506141662597656,98.94063568115234,48.59097671508789,13.402030944824219
2021-11-25,58795.08984375,1217.790771484375,3133.41943359375,1546.2275390625,689.2821044921875,728.394775390625,1794.6630859375,199.38253784179688,456.8215026855469,747.6298217773438,2215.416015625,11.649999618530273,12.729999542236328,7.059999942779541,37.06734848022461,21.41212272644043,89.56726837158203,61.801605224609375,98.31471252441406,48.44146728515625,13.166390419006348
2021-11-26,57107.1484375,1177.6353759765625,3133.55517578125,1517.5015869140625,673.839111328125,700.3123779296875,1725.11865234375,193.04678344726562,438.15008544921875,720.7525634765625,2201.179443359375,10.859999656677246,12.430000305175781,6.860000133514404,35.72197723388672,21.095911026000977,85.52012634277344,58.55147933959961,92.68140411376953,46.19880676269531,12.891477584838867
2021-11-29,57260.578125,1192.4525146484375,3183.619140625,1523.24658203125,678.858642578125,696.6746826171875,1715.6552734375,190.84864807128906,432.7023010253906,722.9514770507812,2195.852783203125,11.199999809265137,12.170000076293945,6.610000133514404,34.88691711425781,20.91521644592285,83.88198852539062,56.87717819213867,91.7872314453125,45.002723693847656,12.665655136108398
2021-11-30,57064.87109375,1174.9991455078125,3212.084228515625,1539.0460205078125,675.421875,692.8916015625,1712.06396484375,190.762451171875,428.9307556152344,712.2494506835938,2185.81201171875,11.069999694824219,12.369999885559082,6.880000114440918,34.65495681762695,21.005563735961914,83.78562927246094,58.00979232788086,89.46236419677734,44.45451354980469,12.70492935180664
2021-12-01,57684.7890625,1204.364990234375,3254.054443359375,1539.9886474609375,680.3961181640625,706.4235229492188,1733.5145263671875,191.32275390625,442.62005615234375,704.6749877929688,2210.984619140625,12.670000076293945,12.430000305175781,7.210000038146973,35.490013122558594,20.960391998291016,85.37557983398438,59.14241027832031,91.6530990600586,46.0991325378418,12.793293952941895
2021-12-02,58461.2890625,1212.61572265625,3311.34765625,1569.387939453125,689.915283203125,700.8943481445312,1736.3778076171875,194.33978271484375,444.2497253417969,715.5725708007812,2246.197998046875,12.8100004196167,12.59000015258789,7.079999923706055,35.72197723388672,21.005563735961914,85.56830596923828,59.634857177734375,93.48616790771484,46.796852111816406,12.852205276489258
2021-12-03,57696.4609375,1175.6826171875,3309.984130859375,1557.4039306640625,684.2399291992188,695.1226806640625,1748.898681640625,191.10723876953125,440.6644592285156,702.0848388671875,2209.05224609375,14.4399995803833,12.569999694824219,7.010000228881836,35.72197723388672,21.141082763671875,85.95374298095703,59.58560562133789,92.9943618774414,47.09587097167969,12.783476829528809
2021-12-06,56747.140625,1153.7864990234375,3214.221435546875,1520.374267578125,680.7579345703125,688.7689819335938,1729.4864501953125,187.83160400390625,433.35418701171875,681.3161010742188,2175.582763671875,15.020000457763672,12.609999656677246,7.019999980926514,35.258056640625,21.050737380981445,84.60470581054688,59.930320739746094,92.0107650756836,46.44799041748047,12.77365779876709
2021-12-07,57633.6484375,1162.720703125,3260.0107421875,1537.0711669921875,689.82470703125,712.6317138671875,1744.773681640625,190.2021484375,443.8772277832031,683.1242065429688,2189.771728515625,14.210000038146973,13.100000381469727,7.019999980926514,35.72197723388672,20.960391998291016,86.33918762207031,61.16143035888672,96.3475341796875,47.64407730102539,12.891477584838867
2021-12-08,58649.6796875,1180.1986083984375,3298.02490234375,1573.562255859375,702.4866943359375,730.8197021484375,1770.34912109375,193.90879821777344,457.6596984863281,698.9085693359375,2207.496337890625,14.289999961853027,13.239999771118164,7.170000076293945,36.510643005371094,21.141082763671875,87.11007690429688,61.65386962890625,98.49354553222656,48.39162826538086,13.068207740783691
2021-12-09,58807.12890625,1198.97021484375,3277.198974609375,1582.359619140625,690.7518310546875,732.6142578125,1824.4609375,202.83056640625,455.0055847167969,697.7357177734375,2206.600830078125,16.43000030517578,14.010000228881836,7.5,36.649818420410156,21.32177734375,87.49551391601562,63.180450439453125,100.01365661621094,49.338531494140625,13.156572341918945
2021-12-10,58786.671875,1200.483642578125,3307.164306640625,1578.72412109375,688.4229125976562,735.2818603515625,1818.00634765625,203.39085388183594,460.6861877441406,694.5104370117188,2199.435546875,16.399999618530273,14.449999809265137,7.860000133514404,37.80962371826172,21.41212272644043,89.18183135986328,63.57441329956055,100.3713150024414,51.930049896240234,13.500214576721191
2021-12-13,58283.421875,1176.4881591796875,3283.1103515625,1566.380859375,683.1320190429688,731.353271484375,1806.310546875,202.3133544921875,454.1209411621094,686.98486328125,2174.357177734375,15.5,14.0,7.510000228881836,37.345703125,21.32177734375,88.6036605834961,62.98346710205078,101.08666229248047,50.933311462402344,13.441304206848145
2021-12-14,58117.08984375,1162.134765625,3294.659912109375,1572.8890380859375,679.8987426757812,736.1063232421875,1814.17236328125,196.7965087890625,454.9590148925781,675.989501953125,2185.199462890625,15.319999694824219,13.920000076293945,7.309999942779541,37.25292205810547,21.186256408691406,87.688232421875,63.82062530517578,102.4726333618164,50.6342887878418,13.352940559387207
2021-12-15,57788.03125,1158.2779541015625,3246.278564453125,1556.147216796875,678.7003173828125,730.043701171875,1825.5286865234375,193.08985900878906,451.5600280761719,669.8321533203125,2189.724609375,14.970000267028809,13.770000457763672,7.260000228881836,36.88178253173828,21.050737380981445,86.09828186035156,63.5251579284668,101.9361343383789,50.08608627319336,13.186028480529785
2021-12-16,57901.140625,1173.876220703125,3256.964111328125,1590.169677734375,678.406494140625,719.0823974609375,1819.413818359375,192.1416473388672,448.1144104003906,666.7535400390625,2177.562744140625,14.640000343322754,13.399999618530273,7.050000190734863,36.55703353881836,20.824871063232422,85.32740020751953,64.06685638427734,101.39962768554688,49.48804473876953,13.078025817871094
2021-12-17,57011.73828125,1142.9725341796875,3262.28466796875,1635.3231201171875,666.0610961914062,706.375,1792.6248779296875,187.91781616210938,435.58917236328125,651.1157836914062,2102.799560546875,14.0600004196167,13.140000343322754,6.820000171661377,35.258056640625,20.599002838134766,82.09931945800781,59.240901947021484,100.41602325439453,47.89326095581055,12.812931060791016
2021-12-20,55822.01171875,1111.7515869140625,3234.910888671875,1614.676513671875,645.1237182617188,688.7689819335938,1745.0162353515625,183.00437927246094,418.31463623046875,643.3457641601562,2138.53125,13.630000114440918,12.770000457763672,7.159999847412109,34.09824752807617,20.373138427734375,78.10035705566406,56.18775177001953,95.22979736328125,45.45125198364258,12.3809232711792
2021-12-21,56319.01171875,1127.8135986328125,3281.609130859375,1627.0645751953125,652.2234497070312,698.7603149414062,1773.1156005859375,183.21986389160156,415.1949157714844,651.946533203125,2143.528076171875,13.930000305175781,13.039999961853027,7.510000228881836,34.283817291259766,20.373138427734375,77.57036590576172,56.38473129272461,98.94063568115234,45.600765228271484,12.518381118774414
2021-12-22,56930.55859375,1155.080322265625,3301.20751953125,1637.7921142578125,653.580078125,710.9341430664062,1811.1148681640625,182.78887939453125,424.4608154296875,669.3434448242188,2147.440673828125,13.90999984741211,13.670000076293945,7.880000114440918,34.747737884521484,20.418312072753906,78.34125518798828,57.51735305786133,100.81841278076172,47.94309616088867,12.655838012695312
2021-12-23,57315.28125,1154.4454345703125,3331.03662109375,1666.83251953125,652.9923095703125,709.091064453125,1821.937255859375,187.31442260742188,430.18798828125,663.1372680664062,2168.22900390625,13.789999961853027,13.579999923706055,7.75,35.258056640625,20.689350128173828,79.16030883789062,57.960548400878906,99.61127471923828,47.544403076171875,12.783476829528809
2021-12-24,57124.30859375,1158.1558837890625,3337.81201171875,1672.9815673828125,650.8668823242188,705.6474609375,1804.8544921875,187.91781616210938,425.4386291503906,661.7200927734375,2167.00341796875,13.649999618530273,13.229999542236328,8.130000114440918,34.191036224365234,20.373138427734375,78.05216979980469,56.2862434387207,97.28640747070312,46.747013092041016,12.74420166015625
2021-12-27,57420.23828125,1156.9599609375,3360.82080078125,1675.3155517578125,655.7732543945312,713.69873046875,1811.357666015625,187.52993774414062,426.55609130859375,660.2051391601562,2169.831787109375,13.460000038146973,13.199999809265137,8.529999732971191,34.562171936035156,20.418312072753906,78.29307556152344,56.68019485473633,96.97344970703125,46.2486457824707,12.626381874084473
2021-12-28,57897.48046875,1170.580810546875,3371.505859375,1694.3466796875,660.6345825195312,713.98974609375,1843.5821533203125,189.5987548828125,429.2567138671875,664.6521606445312,2178.033935546875,13.75,13.479999542236328,8.949999809265137,34.51578140258789,20.599002838134766,78.87123107910156,57.32037353515625,97.28640747070312,47.1955451965332,12.734384536743164
2021-12-29,57806.48828125,1173.19287109375,3358.637451171875,1692.1920166015625,657.3560791015625,713.601806640625,1836.7391357421875,186.8834228515625,423.01739501953125,661.3292236328125,2175.2529296875,14.449999809265137,13.890000343322754,9.390000343322754,34.469390869140625,20.644176483154297,78.96759033203125,57.17264175415039,95.14038848876953,47.245384216308594,12.70492935180664
2021-12-30,57794.3203125,1150.4422607421875,3395.014404296875,1699.0145263671875,660.9285278320312,713.7957153320312,1830.1875,186.19378662109375,420.7358093261719,664.2123413085938,2193.401611328125,13.989999771118164,13.5600004196167,9.850000381469727,34.422996520996094,20.599002838134766,78.96759033203125,56.236995697021484,94.06736755371094,47.29521942138672,12.685293197631836
2021-12-31,58253.8203125,1156.1541748046875,3398.380126953125,1696.3214111328125,669.1813354492188,718.0638427734375,1839.311279296875,187.91781616210938,428.7911071777344,668.3660888671875,2224.749267578125,15.369999885559082,13.6899995803833,10.319999694824219,34.60856246948242,20.644176483154297,79.97938537597656,58.05903625488281,95.8110122680664,48.19227981567383,12.763839721679688
2022-01-03,59183.21875,1173.8275146484375,3472.315673828125,1703.05419921875,687.2245483398438,741.8295288085938,1865.6148681640625,188.90911865234375,438.47601318359375,675.5496826171875,2227.38916015625,15.550000190734863,14.069999694824219,10.829999923706055,35.258056640625,20.824871063232422,84.02653503417969,59.73334884643555,98.40413665771484,49.48804473876953,12.989660263061523
2022-01-04,59855.9296875,1199.8978271484375,3531.018798828125,1702.2462158203125,691.1588134765625,749.7352905273438,1881.09619140625,189.77114868164062,450.2562561035156,681.4138793945312,2264.534912109375,15.300000190734863,14.520000457763672,10.289999961853027,35.58279800415039,20.824871063232422,85.23104095458984,59.14241027832031,98.18060302734375,49.08934783935547,12.979843139648438
2022-01-05,60223.1484375,1203.9500732421875,3511.33056640625,1656.194580078125,707.551513671875,763.9946899414062,1890.8994140625,190.11593627929688,458.3580627441406,684.1992797851562,2277.2626953125,15.100000381469727,14.5,9.779999732971191,35.95393753051758,20.689350128173828,86.77281188964844,58.89619064331055,100.9525375366211,49.58771514892578,13.04857063293457
2022-01-06,59601.83984375,1179.80810546875,3462.0390625,1632.181396484375,696.3591918945312,761.5211181640625,1868.6236572265625,188.52122497558594,457.93902587890625,694.1683959960938,2255.672607421875,15.300000190734863,14.239999771118164,10.260000228881836,35.95393753051758,20.644176483154297,86.77281188964844,59.191654205322266,100.55015563964844,49.58771514892578,12.979843139648438
2022-01-07,59744.6484375,1189.2548828125,3505.69189453125,1627.648193359375,701.107421875,769.5723266601562,1848.774658203125,188.3488311767578,457.51995849609375,688.7928466796875,2278.252685546875,15.100000381469727,13.930000305175781,10.770000457763672,36.09311294555664,20.734525680541992,88.02549743652344,58.60072708129883,100.14776611328125,49.039512634277344,13.019116401672363
2022-01-10,60395.62890625,1190.084716796875,3527.97265625,1661.715576171875,704.9285888671875,786.2083740234375,1895.75244140625,192.48648071289062,468.92767333984375,688.7440795898438,2269.390380859375,14.850000381469727,14.029999732971191,11.300000190734863,37.43848419189453,20.734525680541992,92.02446746826172,61.65386962890625,98.13587951660156,49.58771514892578,13.225301742553711
2022-01-11,60616.890625,1198.5064697265625,3561.12109375,1666.158935546875,708.0262451171875,786.159912109375,1903.08056640625,191.23655700683594,471.1626892089844,687.6689453125,2264.6767578125,11.800000190734863,13.880000114440918,11.850000381469727,37.06734848022461,20.779699325561523,92.98807525634766,60.964454650878906,93.39674377441406,49.08934783935547,13.078025817871094
2022-01-12,61150.0390625,1230.5819091796875,3507.87451171875,1685.5042724609375,703.8885498046875,799.4007568359375,1914.824951171875,191.96926879882812,475.0738830566406,713.52001953125,2274.8583984375,12.800000190734863,13.779999732971191,12.40999984741211,37.160133361816406,20.824871063232422,94.86711120605469,61.407649993896484,93.84382629394531,49.38836669921875,12.989660263061523
2022-01-13,61235.30078125,1237.7830810546875,3544.61474609375,1702.91943359375,691.1361694335938,799.6917724609375,1958.793701171875,193.13296508789062,476.1448059082031,714.9860229492188,2277.781494140625,12.800000190734863,13.960000038146973,11.789999961853027,37.484886169433594,20.779699325561523,96.98705291748047,61.75236129760742,96.61577606201172,49.58771514892578,13.009298324584961
2022-01-14,61223.03125,1239.4183349609375,3609.7294921875,1730.927490234375,698.7785034179688,795.61767578125,1984.66064453125,191.88307189941406,473.3045654296875,704.3817749023438,2229.2275390625,12.75,14.0600004196167,12.34000015258789,37.345703125,21.41212272644043,95.87890625,62.73725128173828,96.79461669921875,48.98967361450195,12.999478340148926
2022-01-17,61308.91015625,1246.05810546875,3655.064208984375,1740.9366455078125,688.0611572265625,794.8416748046875,2008.537841796875,193.56394958496094,478.7057189941406,712.0540161132812,2252.37353515625,12.5,14.079999923706055,12.920000076293945,36.97456359863281,21.72833251953125,96.3125228881836,62.884979248046875,96.07926940917969,48.88999938964844,13.087843894958496
2022-01-18,60754.859375,1230.7041015625,3628.8271484375,1724.419189453125,691.7014770507812,798.6732788085938,1962.1424560546875,190.33145141601562,471.8145446777344,697.93115234375,2233.516845703125,12.050000190734863,13.789999961853027,12.279999732971191,36.37146759033203,21.41212272644043,94.77074432373047,59.7825927734375,94.20149993896484,47.594242095947266,12.970024108886719
2022-01-19,60098.8203125,1230.972412109375,3567.37939453125,1676.616943359375,686.70458984375,784.122802734375,1960.0068359375,189.94354248046875,480.4285583496094,688.1087036132812,2178.64697265625,11.949999809265137,13.789999961853027,11.670000076293945,37.11374282836914,21.231433868408203,94.91529846191406,60.91520690917969,93.57556915283203,48.7404899597168,12.940569877624512
2022-01-20,59464.62109375,1210.174560546875,3487.2548828125,1637.522705078125,682.7024536132812,785.6748657226562,1943.3125,188.5643310546875,476.3775939941406,699.1040649414062,2132.214599609375,12.050000190734863,13.819999694824219,12.25,37.06734848022461,21.32177734375,94.28894805908203,60.76747512817383,94.33560943603516,47.594242095947266,12.93075180053711
2022-01-21,59037.1796875,1209.8328857421875,3493.6318359375,1603.32080078125,687.6768188476562,780.4851684570312,1897.111328125,187.09889221191406,468.229248046875,679.3125610351562,2189.34765625,11.899999618530273,13.739999771118164,11.65999984741211,35.95393753051758,21.095911026000977,90.48269653320312,58.699214935302734,91.69780731201172,46.547664642333984,12.685293197631836
2022-01-24,57491.51171875,1160.743408203125,3435.918701171875,1559.1990966796875,672.6407470703125,774.2770385742188,1844.018798828125,182.53025817871094,460.1274719238281,673.98583984375,2155.312744140625,10.949999809265137,13.470000267028809,11.079999923706055,35.258056640625,20.644176483154297,88.50730895996094,56.43397521972656,87.09280395507812,44.50435256958008,12.439834594726562
2022-01-25,57858.1484375,1158.86376953125,3434.6435546875,1545.9132080078125,672.5503540039062,777.5266723632812,1868.1385498046875,184.6421661376953,479.4507141113281,695.7810668945312,2194.815673828125,11.300000190734863,13.59000015258789,11.020000457763672,36.55703353881836,20.779699325561523,92.36173248291016,56.72943878173828,87.2269287109375,45.05255889892578,12.724565505981445
2022-01-27,57276.94140625,1141.5567626953125,3325.320556640625,1506.7740478515625,667.5986328125,770.202880859375,1855.03515625,185.03009033203125,492.6278381347656,691.1874389648438,2165.117919921875,10.649999618530273,13.529999732971191,11.569999694824219,38.134368896484375,20.734525680541992,96.36070251464844,58.45298767089844,86.15390014648438,45.750274658203125,13.097662925720215
2022-01-28,57200.23046875,1140.1654052734375,3361.897705078125,1512.83349609375,661.7199096679688,757.6895751953125,1842.9996337890625,187.52993774414062,487.3663024902344,699.6904296875,2152.39013671875,10.800000190734863,13.369999885559082,11.380000114440918,37.902408599853516,20.824871063232422,96.50524139404297,56.92641830444336,87.09280395507812,46.44799041748047,13.20566463470459
2022-01-31,58014.171875,1165.0396728515625,3405.30810546875,1559.0196533203125,671.7816162109375,765.59521484375,1852.7542724609375,189.72802734375,501.3349304199219,712.884765625,2144.187744140625,10.699999809265137,13.279999732971191,11.9399995803833,38.551902770996094,21.095911026000977,96.9388656616211,57.12339782714844,87.98696899414062,46.6473388671875,13.372576713562012
2022-02-01,58862.5703125,1162.1593017578125,3462.474853515625,1590.8428955078125,677.5924072265625,785.6264038085938,1932.6357421875,196.279296875,495.6543884277344,706.38525390625,2175.01708984375,10.6899995803833,13.380000114440918,12.319999694824219,38.31993865966797,20.960391998291016,96.60160064697266,58.89619064331055,92.41313934326172,47.29521942138672,13.294029235839844
2022-02-02,59558.328125,1163.6483154296875,3513.81103515625,1605.1607666015625,692.4249877929688,789.4094848632812,1923.6090087890625,199.6842498779297,502.7318115234375,708.5355224609375,2194.768798828125,11.399999618530273,13.640000343322754,11.899999618530273,39.66530990600586,21.005563735961914,97.61339569091797,59.4378776550293,93.08379364013672,49.039512634277344,13.568942070007324
2022-02-03,58788.01953125,1148.611328125,3484.657958984375,1560.8150634765625,684.8052978515625,784.6078491210938,1878.1358642578125,201.9685821533203,502.9646301269531,705.2613525390625,2167.7578125,11.359999656677246,13.430000305175781,11.800000190734863,39.57252883911133,20.960391998291016,97.37248992919922,59.14241027832031,93.39674377441406,48.29195785522461,13.392212867736816
2022-02-04,58644.8203125,1138.4078369140625,3475.22900390625,1562.8348388671875,689.2821044921875,780.82470703125,1890.8023681640625,201.8392333984375,493.745361328125,703.89306640625,2175.865478515625,11.319999694824219,13.6899995803833,11.600000381469727,38.4591178894043,20.824871063232422,95.25254821777344,57.862060546875,93.97795867919922,47.743751525878906,13.20566463470459
2022-02-07,57621.19140625,1131.4996337890625,3442.38671875,1539.4049072265625,664.1165771484375,762.7821655273438,1830.3817138671875,198.47743225097656,496.53912353515625,690.5032958984375,2128.490478515625,10.970000267028809,13.9399995803833,11.09000015258789,38.691078186035156,20.824871063232422,95.92707824707031,56.7786865234375,91.6530990600586,46.94635772705078,13.195845603942871
2022-02-08,57808.578125,1150.027099609375,3409.40771484375,1540.93115234375,660.7249755859375,768.94189453125,1819.316650390625,199.29632568359375,494.5833740234375,692.7999877929688,2135.137451171875,10.869999885559082,14.180000305175781,10.550000190734863,38.96942901611328,20.824871063232422,95.30073547363281,54.95664596557617,91.0718765258789,46.597503662109375,13.058389663696289
2022-02-09,58465.96875,1163.8680419921875,3426.580810546875,1559.7379150390625,677.27587890625,778.6421508789062,1833.5845947265625,198.30503845214844,498.35504150390625,703.306640625,2146.781005859375,10.819999694824219,14.119999885559082,10.59000015258789,38.598289489746094,20.824871063232422,98.43245697021484,54.85816192626953,92.63668823242188,46.94635772705078,13.019116401672363
2022-02-10,58926.03125,1161.4512939453125,3435.645263671875,1587.8804931640625,689.2369384765625,781.1156616210938,1843.7276611328125,200.11524963378906,503.29058837890625,707.4115600585938,2151.635986328125,11.15999984741211,13.869999885559082,10.5600004196167,37.85601806640625,20.91521644592285,100.6005859375,56.13850784301758,92.4578628540039,47.14570617675781,12.989660263061523
2022-02-11,58152.921875,1160.4017333984375,3366.772216796875,1544.9259033203125,686.8401489257812,767.34130859375,1814.1239013671875,200.2876434326172,492.90716552734375,698.2732543945312,2128.443359375,10.800000190734863,13.920000076293945,10.319999694824219,36.92816925048828,20.734525680541992,99.25152587890625,55.399845123291016,90.89305114746094,46.29848098754883,12.783476829528809
2022-02-15,58142.05078125,1180.174072265625,3478.008056640625,1560.4110107421875,686.5462036132812,752.8880004882812,1821.888916015625,196.6717071533203,488.5769348144531,695.2434692382812,2158.942626953125,10.6899995803833,13.510000228881836,9.720000267028809,35.62919235229492,20.327966690063477,96.74614715576172,53.97175598144531,87.85284423828125,45.30174255371094,12.528199195861816
2022-02-16,57996.6796875,1177.733154296875,3474.226806640625,1555.4737548828125,685.5740966796875,742.4115600585938,1805.4368896484375,196.1866455078125,480.84759521484375,705.06591796875,2157.481201171875,10.59000015258789,13.579999923706055,10.199999809265137,35.76837158203125,20.373138427734375,95.92707824707031,54.26722717285156,88.29993438720703,45.1522331237793,12.587109565734863
2022-02-17,57892.01171875,1193.6243896484375,3447.716064453125,1548.8309326171875,681.1649169921875,727.5701293945312,1812.3282470703125,196.36302185058594,477.54168701171875,700.912109375,2175.677001953125,10.5600004196167,13.8100004196167,10.710000038146973,35.304447174072266,20.237619400024414,94.62620544433594,53.380828857421875,87.04808044433594,44.55419158935547,12.449652671813965
2022-02-18,57832.96875,1183.493896484375,3457.1455078125,1532.4478759765625,684.0365600585938,727.0850830078125,1828.5859375,195.657470703125,480.009521484375,696.5629272460938,2179.7314453125,10.65999984741211,13.90999984741211,10.180000305175781,34.97970199584961,20.102100372314453,94.33712768554688,52.59292221069336,86.5562973022461,44.25516891479492,12.410379409790039
2022-02-21,57683.58984375,1171.7769775390625,3389.228759765625,1553.5438232421875,688.151611328125,731.6927490234375,1808.30029296875,192.35023498535156,476.6570129394531,693.728515625,2162.3837890625,11.25,13.670000076293945,9.680000305175781,34.79413604736328,19.921403884887695,96.11980438232422,49.78599548339844,85.4832763671875,43.75680160522461,12.282740592956543
2022-02-22,57300.6796875,1165.9427490234375,3267.5166015625,1556.7305908203125,683.4938354492188,728.8796997070312,1788.69384765625,189.57211303710938,463.9455261230469,684.052734375,2138.95556640625,10.890000343322754,13.609999656677246,9.199999809265137,34.51578140258789,19.650367736816406,95.8307113647461,48.70262145996094,83.3372573852539,43.10892105102539,12.007826805114746
2022-02-23,57232.05859375,1158.9127197265625,3248.06591796875,1564.9891357421875,679.1752319335938,722.3804931640625,1768.505126953125,190.45404052734375,464.2714538574219,688.30419921875,2131.55419921875,10.720000267028809,13.850000381469727,9.479999542236328,34.70135498046875,19.876232147216797,96.64979553222656,48.94884490966797,84.81265258789062,43.158756256103516,12.08637523651123
2022-02-24,54529.91015625,1101.206298828125,3099.52392578125,1505.8763427734375,641.958251953125,686.0528564453125,1705.85205078125,183.70726013183594,440.1522521972656,655.5628051757812,2046.797607421875,9.640000343322754,12.619999885559082,9.010000228881836,29.690994262695312,18.972766876220703,90.48269653320312,43.72895050048828,76.04972076416016,38.773109436035156,11.094721794128418
2022-02-25,55858.51953125,1115.046875,3206.5234375,1520.5986328125,658.260498046875,708.5576171875,1725.409912109375,188.77838134765625,449.65093994140625,672.8619384765625,2046.3736572265625,10.289999961853027,13.130000114440918,9.0,32.474525451660156,19.424501419067383,93.2289810180664,47.422271728515625,81.90657043457031,41.86299514770508,11.566001892089844
2022-02-28,56247.28125,1151.7359619140625,3238.2724609375,1541.6044921875,645.1689453125,720.1979370117188,1763.506591796875,190.27767944335938,450.07000732421875,670.7117919921875,2045.2421875,10.319999694824219,13.260000228881836,9.390000343322754,32.428131103515625,19.514846801757812,93.42169189453125,49.04732894897461,86.15390014648438,42.012508392333984,11.595458030700684
2022-03-02,55468.8984375,1170.922607421875,3228.980224609375,1528.8572998046875,621.5862426757812,693.2796630859375,1731.6219482421875,189.8367156982422,441.7819519042969,658.6414184570312,2025.6793212890625,10.4399995803833,12.880000114440918,9.720000267028809,32.75287628173828,19.605194091796875,92.50627136230469,49.63826370239258,88.83644104003906,41.81315994262695,11.634730339050293
2022-03-03,55102.6796875,1161.060791015625,3229.0712890625,1544.52197265625,619.6416625976562,677.3711547851562,1700.465087890625,193.45265197753906,435.17010498046875,656.5889892578125,1971.9873046875,11.079999923706055,12.979999542236328,9.90999984741211,32.52091598510742,19.650367736816406,92.2171859741211,49.6875114440918,90.44596099853516,41.464298248291016,11.69364070892334
2022-03-04,54333.80859375,1135.259033203125,3211.533935546875,1547.2152099609375,617.9910888671875,667.5738525390625,1661.39794921875,198.8324432373047,430.18798828125,638.2146606445312,1904.3421630859375,10.329999923706055,12.819999694824219,10.149999618530273,32.103389739990234,19.46967124938965,89.85635375976562,48.456398010253906,87.2716293334961,40.61707305908203,11.615094184875488
2022-03-07,52842.75,1093.565673828125,3175.184326171875,1561.578125,598.5911865234375,632.7982788085938,1586.2725830078125,198.2592010498047,410.0730895996094,660.3028564453125,1832.030029296875,9.579999923706055,12.670000076293945,9.649999618530273,31.68585968017578,19.153461456298828,84.2674331665039,47.96395492553711,87.67402648925781,39.96919250488281,11.300907135009766
2022-03-08,53424.08984375,1091.9791259765625,3279.632568359375,1596.4984130859375,600.106201171875,645.0206298828125,1610.3436279296875,200.11122131347656,409.93341064453125,667.4376220703125,1836.2725830078125,9.9399995803833,12.729999542236328,9.6899995803833,32.33534622192383,19.424501419067383,86.38736724853516,49.29355239868164,85.88565826416016,40.46756362915039,11.41872787475586
2022-03-09,54647.328125,1149.1484375,3310.061279296875,1627.91748046875,619.8677978515625,647.15478515625,1641.7430419921875,202.05152893066406,420.8289489746094,675.7940063476562,1883.364990234375,10.289999961853027,12.720000267028809,9.960000038146973,33.031227111816406,19.560016632080078,89.08546447753906,49.884483337402344,85.93035888671875,41.91283416748047,11.546365737915039
2022-03-10,55464.390625,1168.4083251953125,3297.98974609375,1638.106201171875,629.5223999023438,656.2730102539062,1677.55859375,204.60914611816406,436.3807373046875,681.7559204101562,1980.802490234375,10.270000457763672,12.850000381469727,10.029999732971191,33.35597610473633,19.695537567138672,91.25358581542969,50.32768249511719,88.61289978027344,42.162017822265625,11.683821678161621
2022-03-11,55550.30078125,1170.971435546875,3280.31591796875,1635.8619384765625,631.7382202148438,657.7280883789062,1677.02490234375,208.31326293945312,438.0569763183594,679.068115234375,1975.00439453125,10.4399995803833,12.770000457763672,9.949999809265137,33.63433074951172,19.560016632080078,91.83175659179688,51.11559295654297,89.05998992919922,42.31153106689453,11.674004554748535
2022-03-14,56486.01953125,1180.7601318359375,3318.5791015625,1697.353759765625,652.2686767578125,675.2369995117188,1695.951904296875,210.78268432617188,451.7928161621094,684.6879272460938,1942.2425537109375,10.220000267028809,12.670000076293945,9.770000457763672,34.14463806152344,19.96657943725586,91.44630432128906,50.278438568115234,88.74703216552734,41.81315994262695,11.762368202209473
2022-03-15,55776.8515625,1153.859619140625,3275.48779296875,1650.98828125,643.8576049804688,676.4495849609375,1692.16650390625,209.72434997558594,452.4912414550781,687.4244995117188,1921.4537353515625,10.029999732971191,12.720000267028809,9.779999732971191,33.402366638183594,20.011751174926758,90.09725189208984,49.4412841796875,84.85736083984375,40.567237854003906,11.674004554748535
2022-03-16,56816.6484375,1173.290283203125,3329.10107421875,1695.4237060546875,654.7332153320312,686.8289184570312,1704.832763671875,213.95767211914062,458.6839904785156,696.465087890625,1951.0572509765625,10.300000190734863,12.770000457763672,9.989999771118164,33.30958557128906,20.102100372314453,94.81893157958984,50.42617416381836,86.9139633178711,41.86299514770508,11.69364070892334
2022-03-17,57863.9296875,1210.589599609375,3348.1875,1664.6778564453125,669.3848876953125,698.3722534179688,1734.970458984375,215.9420166015625,467.2514343261719,706.4342041015625,1981.839599609375,10.270000457763672,13.0,9.770000457763672,33.402366638183594,20.689350128173828,94.43348693847656,50.623146057128906,87.71873474121094,42.51087951660156,11.664185523986816
2022-03-21,57292.48828125,1204.487060546875,3302.68212890625,1663.06201171875,672.0076293945312,689.302490234375,1704.784423828125,215.5451202392578,456.8680725097656,693.2886962890625,1934.0870361328125,10.069999694824219,12.930000305175781,9.600000381469727,33.12401580810547,20.463485717773438,93.80714416503906,49.93372344970703,88.88115692138672,41.66364669799805,11.664185523986816
2022-03-22,57989.30078125,1235.7080078125,3371.646240234375,1694.2120361328125,675.80615234375,697.2081909179688,1721.77001953125,220.30758666992188,459.9411926269531,702.9645385742188,1879.7353515625,10.050000190734863,12.819999694824219,9.529999732971191,33.031227111816406,20.192445755004883,95.25254821777344,50.1799430847168,88.97057342529297,40.51740264892578,11.62491226196289
2022-03-23,57684.8203125,1239.9066162109375,3378.29638671875,1680.342529296875,667.3046875,696.6746826171875,1715.1214599609375,222.20376586914062,456.9146423339844,689.0861206054688,1865.5462646484375,10.0,12.84000015258789,9.470000267028809,33.0776252746582,20.192445755004883,94.9634780883789,50.47542190551758,92.18960571289062,40.71674728393555,11.585638999938965
2022-03-24,57595.6796875,1258.5562744140625,3416.331298828125,1693.8079833984375,652.404296875,683.1912841796875,1719.00390625,224.76136779785156,453.5155944824219,690.2589111328125,1851.64013671875,10.170000076293945,12.789999961853027,9.279999732971191,33.031227111816406,20.14727210998535,94.52985382080078,50.57389831542969,92.94964599609375,39.86952209472656,11.516910552978516
2022-03-25,57362.19921875,1267.734619140625,3378.0234375,1684.427001953125,647.45263671875,678.1956787109375,1699.446044921875,223.39437866210938,456.6352844238281,693.1909790039062,1842.259521484375,10.109999656677246,12.699999809265137,9.390000343322754,32.79926300048828,19.96657943725586,93.95169067382812,50.86936950683594,92.18960571289062,39.720008850097656,11.507092475891113
2022-03-28,57593.48828125,1279.9154052734375,3376.292724609375,1681.7786865234375,647.97265625,688.9629516601562,1690.0794677734375,226.83392333984375,463.2005615234375,716.7453002929688,1860.7852783203125,9.989999771118164,12.579999923706055,9.109999656677246,33.0776252746582,19.695537567138672,94.91529846191406,49.04732894897461,91.45648193359375,38.32457733154297,11.32054328918457
2022-03-29,57943.6484375,1280.1595458984375,3375.2900390625,1692.9552001953125,657.0394287109375,693.8131103515625,1694.1075439453125,224.58497619628906,460.9189758300781,737.4652709960938,1874.5029296875,9.850000381469727,12.539999961853027,9.239999771118164,32.428131103515625,19.46967124938965,94.09622192382812,48.357906341552734,90.54009246826172,37.776371002197266,11.055448532104492
2022-03-30,58683.98828125,1304.9849853515625,3398.703125,1721.5018310546875,667.643798828125,708.1695556640625,1721.236083984375,219.73431396484375,460.2205505371094,732.4319458007812,1900.1466064453125,9.829999923706055,12.279999732971191,9.369999885559082,32.52091598510742,19.46967124938965,93.56623840332031,49.39203643798828,89.57786560058594,38.723270416259766,11.40890884399414
2022-03-31,58568.51171875,1285.92041015625,3406.12841796875,1712.0758056640625,664.7271118164062,708.363525390625,1715.5096435546875,221.18951416015625,459.4755554199219,738.2960815429688,1931.6361083984375,9.680000305175781,12.289999961853027,9.15999984741211,32.52091598510742,19.37932777404785,93.80714416503906,48.604129791259766,90.31099700927734,39.52066421508789,11.654366493225098
2022-04-01,59276.69140625,1295.9287109375,3422.572265625,1707.7222900390625,681.1649169921875,714.42626953125,1737.78515625,223.79124450683594,473.25799560546875,741.423583984375,1961.380859375,10.100000381469727,12.670000076293945,9.4399995803833,33.68071746826172,19.46967124938965,97.7579345703125,53.03611755371094,93.5641860961914,41.5639762878418,11.919463157653809
2022-04-04,60611.73828125,1300.1273193359375,3434.369873046875,1689.8580322265625,749.0643310546875,724.0780639648438,1771.7080078125,225.2023468017578,477.308837890625,750.2687377929688,2005.362060546875,10.289999961853027,13.100000381469727,9.90999984741211,34.2374267578125,19.560016632080078,98.76972198486328,53.62704849243164,97.50471496582031,43.4577751159668,12.106010437011719
2022-04-05,60176.5,1281.74609375,3474.68310546875,1670.6923828125,726.7703857421875,719.9069213867188,1779.812744140625,228.8623809814453,474.2823181152344,748.9003295898438,2019.551025390625,10.350000381469727,13.020000457763672,10.399999618530273,34.283817291259766,20.011751174926758,94.67439270019531,55.10437774658203,97.00068664550781,43.25843048095703,12.223830223083496
2022-04-06,59610.41015625,1278.79248046875,3421.9345703125,1641.3828125,701.288330078125,718.5488891601562,1797.574951171875,228.90643310546875,478.7057189941406,757.6477661132812,2019.268310546875,10.8100004196167,14.6899995803833,10.920000076293945,34.933311462402344,20.011751174926758,95.73435974121094,55.89228820800781,101.21613311767578,43.25843048095703,12.439834594726562
2022-04-07,59034.94921875,1255.5537109375,3357.06982421875,1626.1669921875,685.9583740234375,726.60009765625,1772.532958984375,226.30474853515625,479.68353271484375,745.3330688476562,2041.2823486328125,10.90999984741211,15.569999694824219,11.899999618530273,34.747737884521484,20.14727210998535,94.81893157958984,55.64606857299805,99.93315887451172,42.361366271972656,12.449652671813965
2022-04-08,59447.1796875,1277.523193359375,3358.80029296875,1629.398681640625,685.1444091796875,731.7412109375,1776.6097412109375,236.1824188232422,480.6147766113281,744.8932495117188,2057.875732421875,11.199999809265137,15.65999984741211,11.920000076293945,35.026092529296875,20.327966690063477,96.60160064697266,55.74455261230469,101.58267211914062,41.76332473754883,12.498743057250977
2022-04-11,58964.5703125,1274.1302490234375,3367.5009765625,1585.905517578125,676.5975341796875,736.930908203125,1728.273193359375,235.74147033691406,479.54388427734375,740.739501953125,2040.2926025390625,10.859999656677246,15.109999656677246,11.119999885559082,34.747737884521484,20.282794952392578,96.36070251464844,55.695308685302734,100.75791931152344,42.21185302734375,12.371106147766113
2022-04-12,58576.37109375,1249.8905029296875,3362.991455078125,1563.2835693359375,675.2636108398438,741.24755859375,1696.14599609375,233.31614685058594,477.4485778808594,724.8085327148438,2009.462890625,10.600000381469727,14.65999984741211,11.3100004196167,34.09824752807617,20.102100372314453,94.86711120605469,54.46419906616211,98.970947265625,41.464298248291016,12.056918144226074
2022-04-13,58338.9296875,1246.1314697265625,3335.523681640625,1569.7470703125,662.4207763671875,739.50146484375,1708.9580078125,237.6817169189453,481.91851806640625,723.9288940429688,2029.308837890625,10.399999618530273,14.520000457763672,11.15999984741211,34.00546646118164,20.102100372314453,95.3970947265625,53.87327575683594,97.59634399414062,41.21511459350586,12.096192359924316
2022-04-18,57166.73828125,1242.0792236328125,3214.494384765625,1455.560791015625,630.9921264648438,736.0093383789062,1686.8280029296875,238.5195770263672,474.3754577636719,713.2756958007812,2052.21875,10.119999885559082,14.069999694824219,11.010000228881836,33.58794021606445,19.876232147216797,93.42169189453125,53.62704849243164,96.35921478271484,40.66691207885742,11.899825096130371
2022-04-19,56463.1484375,1288.117431640625,3165.163330078125,1403.9434814453125,607.45458984375,743.6726684570312,1651.44921875,230.5821533203125,476.47076416015625,706.1898193359375,1994.7086181640625,9.899999618530273,13.720000267028809,10.670000076293945,33.12401580810547,19.96657943725586,92.84353637695312,52.74065399169922,95.39700317382812,39.91935729980469,11.840916633605957
2022-04-20,57037.5,1327.1497802734375,3239.5478515625,1425.3983154296875,612.5872192382812,732.9053344726562,1642.228271484375,228.8623809814453,474.3288879394531,722.6583862304688,2040.622802734375,10.020000457763672,13.899999618530273,10.779999732971191,33.12401580810547,19.876232147216797,92.6026382446289,53.03611755371094,93.38092041015625,39.96919250488281,11.850733757019043
2022-04-21,57911.6796875,1358.2730712890625,3306.96337890625,1452.9124755859375,621.4505004882812,739.4044799804688,1664.5523681640625,229.6561279296875,480.801025390625,718.1136474609375,2071.1689453125,10.020000457763672,14.140000343322754,11.050000190734863,33.35597610473633,19.96657943725586,93.08443450927734,53.87327575683594,94.48060607910156,40.66691207885742,11.96855354309082
2022-04-22,57197.1484375,1346.70263671875,3290.474609375,1423.4683837890625,612.9489135742188,724.9510498046875,1644.946044921875,230.22933959960938,465.9942321777344,722.0230712890625,2007.8604736328125,9.930000305175781,13.949999809265137,11.010000228881836,32.89205551147461,20.237619400024414,92.2171859741211,53.13460922241211,92.96853637695312,39.96919250488281,11.850733757019043
2022-04-25,56579.890625,1315.6524658203125,3232.031982421875,1401.6993408203125,617.5162353515625,730.2377319335938,1608.6937255859375,224.9818572998047,460.6861877441406,722.707275390625,1980.708251953125,9.800000190734863,13.729999542236328,10.670000076293945,32.428131103515625,20.102100372314453,91.87992858886719,50.918609619140625,88.66148376464844,39.17180252075195,11.674004554748535
2022-04-26,57356.609375,1355.124267578125,3229.253662109375,1418.1270751953125,620.5912475585938,731.1107177734375,1649.556640625,228.33322143554688,471.209228515625,739.0779418945312,2025.254638671875,10.0,13.729999542236328,10.710000038146973,33.031227111816406,20.14727210998535,93.99987030029297,52.149723052978516,89.94442749023438,40.0190315246582,11.762368202209473
2022-04-27,56819.390625,1356.1981201171875,3244.421630859375,1394.2933349609375,620.7269897460938,714.959716796875,1627.4749755859375,227.0985107421875,462.8280334472656,736.4879150390625,2021.5782470703125,9.640000343322754,13.529999732971191,10.329999923706055,32.845664978027344,20.192445755004883,93.42169189453125,51.80501174926758,89.11965942382812,39.570499420166016,11.654366493225098
2022-04-28,57521.05859375,1376.361328125,3265.10205078125,1421.3138427734375,620.0034790039062,724.9025268554688,1667.658447265625,230.2734832763672,472.1870422363281,730.3306274414062,2113.547607421875,9.550000190734863,13.630000114440918,10.069999694824219,32.706485748291016,20.237619400024414,94.04804229736328,52.986873626708984,89.62369537353516,39.52066421508789,11.634730339050293
2022-04-29,57060.87109375,1362.4962158203125,3234.218505859375,1407.489501953125,626.19873046875,721.2649536132812,1645.96533203125,228.73007202148438,462.3624267578125,722.9514770507812,2109.115966796875,9.510000228881836,13.630000114440918,10.020000457763672,32.52091598510742,20.14727210998535,92.45809173583984,51.8542594909668,88.66148376464844,39.42098617553711,11.654366493225098
2022-05-04,55669.03125,1314.8223876953125,3172.587646484375,1378.80810546875,613.3107299804688,702.2039184570312,1585.544677734375,229.08285522460938,446.6244201660156,706.2387084960938,2045.619384765625,9.130000114440918,13.5600004196167,9.789999961853027,31.871423721313477,19.876232147216797,91.01268005371094,51.55878829956055,86.92031860351562,38.274742126464844,11.458000183105469
2022-05-05,55702.23046875,1289.240234375,3200.69287109375,1423.0645751953125,611.7053833007812,706.7630004882812,1589.912353515625,231.0231170654297,446.9503479003906,701.3030395507812,2042.9322509765625,9.079999923706055,13.479999542236328,9.75,31.778640747070312,19.921403884887695,90.67542266845703,52.986873626708984,86.23302459716797,39.12196731567383,11.477636337280273
2022-05-06,54835.578125,1279.6712646484375,3127.5380859375,1385.540771484375,595.8328247070312,698.03271484375,1574.9163818359375,235.25640869140625,451.04779052734375,694.3150024414062,2026.6220703125,9.09000015258789,13.180000305175781,9.800000190734863,31.407503128051758,19.605194091796875,87.39915466308594,50.22919464111328,82.42996215820312,38.573760986328125,11.310725212097168
2022-05-09,54470.671875,1228.8975830078125,3139.472412109375,1409.55419921875,596.9632568359375,689.0115356445312,1568.0250244140625,231.905029296875,442.9925842285156,695.6343994140625,1994.52001953125,8.960000038146973,12.960000038146973,9.710000038146973,31.0827579498291,19.605194091796875,90.38634490966797,48.65337371826172,80.55136108398438,37.826210021972656,11.222360610961914
2022-05-10,54364.8515625,1207.4649658203125,3131.409912109375,1394.652587890625,606.57275390625,689.9330444335938,1561.8131103515625,229.08285522460938,442.433837890625,703.306640625,2059.148193359375,8.739999771118164,13.010000228881836,9.520000457763672,30.89719009399414,19.37932777404785,89.1336441040039,47.56999969482422,77.1148681640625,37.3776741027832,11.202723503112793
2022-05-11,54088.390625,1195.9921875,3109.225830078125,1370.9532470703125,609.625244140625,692.74609375,1525.26953125,225.42283630371094,443.6444091796875,706.531982421875,2039.58544921875,8.649999618530273,12.859999656677246,9.199999809265137,30.711618423461914,19.334152221679688,87.44733428955078,46.14191436767578,76.8399429321289,36.630123138427734,11.045629501342773
2022-05-12,52930.30859375,1172.16748046875,3107.49560546875,1354.8399658203125,603.145263671875,675.0431518554688,1479.5537109375,223.085693359375,430.6535949707031,689.7702026367188,2018.5140380859375,8.1899995803833,12.569999694824219,8.619999885559082,26.536325454711914,19.108285903930664,82.34021759033203,44.66458511352539,73.907470703125,34.68648147583008,10.849264144897461
2022-05-13,52793.62109375,1185.3980712890625,3109.727294921875,1349.5435791015625,597.5216064453125,657.1460571289062,1489.4053955078125,228.11273193359375,414.449951171875,673.7904052734375,2068.811767578125,8.329999923706055,12.470000267028809,8.779999732971191,27.185813903808594,19.243806838989258,80.46118927001953,45.60022735595703,73.03690338134766,34.43729782104492,11.281270027160645
2022-05-16,52973.83984375,1185.0806884765625,3076.20166015625,1336.8861083984375,604.0709838867188,662.7236938476562,1499.8394775390625,224.05581665039062,423.8554992675781,677.1134643554688,2090.590087890625,9.4399995803833,12.729999542236328,8.9399995803833,27.417776107788086,19.28898048400879,82.24385833740234,47.96395492553711,74.64058685302734,35.733055114746094,11.53654670715332
2022-05-17,54318.46875,1235.5126953125,3145.029541015625,1363.2783203125,608.2135620117188,689.0599975585938,1556.8629150390625,233.36026000976562,435.2167053222656,691.5294189453125,2116.7529296875,9.369999885559082,13.300000190734863,9.489999771118164,27.78891372680664,19.46967124938965,83.54472351074219,49.195064544677734,78.48945617675781,36.67995834350586,11.467819213867188
2022-05-18,54208.53125,1239.46728515625,3142.114501953125,1355.24365234375,608.3524169921875,685.8589477539062,1527.0166015625,235.03590393066406,426.4630126953125,680.2898559570312,2159.6025390625,9.220000267028809,13.880000114440918,9.329999923706055,27.55695343017578,19.46967124938965,82.96656036376953,48.998085021972656,77.48143005371094,36.38093948364258,11.477636337280273
2022-05-19,52792.23046875,1210.3699951171875,2979.678955078125,1281.1844482421875,595.785888671875,669.6109619140625,1502.5572509765625,243.10562133789062,416.9177551269531,658.2504272460938,2134.05322265625,8.920000076293945,13.460000038146973,8.920000076293945,27.09303092956543,19.334152221679688,80.41300964355469,48.55488586425781,73.54090881347656,34.935665130615234,11.399089813232422
2022-05-20,54326.390625,1280.1595458984375,3000.814453125,1306.589111328125,611.29150390625,688.2838745117188,1562.7353515625,246.8979949951172,430.70013427734375,672.12890625,2192.458740234375,9.140000343322754,13.960000038146973,9.130000114440918,27.78891372680664,19.424501419067383,82.19568634033203,52.34669876098633,76.06100463867188,35.882568359375,11.271451950073242
2022-05-23,54288.609375,1272.25048828125,3025.4580078125,1318.4385986328125,603.0526733398438,689.739013671875,1597.2889404296875,242.135498046875,429.2567138671875,670.1741943359375,2243.88818359375,9.039999961853027,13.75,9.050000190734863,28.392011642456055,19.334152221679688,82.0029525756836,50.32768249511719,67.7217788696289,35.53371047973633,11.291088104248047
2022-05-24,54052.609375,1277.1571044921875,2995.485107421875,1293.751953125,610.4815063476562,686.8773803710938,1578.07080078125,238.9164276123047,430.56048583984375,663.430419921875,2176.94970703125,8.989999771118164,13.449999809265137,9.029999732971191,28.160051345825195,19.46967124938965,81.3766098022461,49.63826370239258,68.08834838867188,34.835994720458984,11.222360610961914
2022-05-25,53749.26171875,1274.789306640625,2904.27392578125,1267.0458984375,614.85546875,692.067138671875,1529.34619140625,240.45982360839844,429.5674133300781,672.7642211914062,2166.956298828125,8.789999961853027,13.039999961853027,8.6899995803833,27.649736404418945,19.243806838989258,80.41300964355469,48.50564193725586,65.20169067382812,33.839256286621094,11.045629501342773
2022-05-26,54252.53125,1263.218505859375,2961.1376953125,1278.13232421875,633.0455932617188,707.2965698242188,1519.0577392578125,240.86602783203125,443.56475830078125,677.6510009765625,2150.834716796875,8.600000381469727,13.220000267028809,7.829999923706055,28.06726837158203,19.198633193969727,81.85841369628906,49.39203643798828,67.53850555419922,34.23794937133789,11.025993347167969
2022-05-27,54884.66015625,1257.238037109375,2991.9541015625,1311.3916015625,644.1078491210938,717.578857421875,1553.3687744140625,242.94204711914062,443.56475830078125,669.2457275390625,2196.98388671875,8.930000305175781,13.40999984741211,7.679999828338623,28.252838134765625,19.153461456298828,83.68927001953125,50.376930236816406,67.9967041015625,35.48387145996094,11.222360610961914
2022-05-30,55925.73828125,1300.4691162109375,3095.914306640625,1371.2677001953125,648.3429565429688,726.01806640625,1611.8966064453125,242.85177612304688,448.71917724609375,683.173095703125,2214.2841796875,9.300000190734863,13.460000038146973,7.920000076293945,29.412641525268555,19.198633193969727,86.86917877197266,50.820125579833984,68.54655456542969,36.33110046386719,11.556183815002441
2022-05-31,55566.41015625,1285.89599609375,3086.05517578125,1364.3729248046875,642.1869506835938,728.9767456054688,1604.9569091796875,244.25086975097656,442.4298095703125,685.2255249023438,2215.227294921875,9.619999885559082,13.180000305175781,8.5600004196167,29.0878963470459,19.153461456298828,85.6164779663086,50.47542190551758,69.60040283203125,36.18159103393555,11.399089813232422
2022-06-01,55381.171875,1285.0660400390625,3078.4423828125,1341.6478271484375,646.2832641601562,730.1407470703125,1600.1038818359375,245.3340301513672,442.8081359863281,678.5306396484375,2176.619873046875,9.359999656677246,13.239999771118164,9.40999984741211,29.13428497314453,19.198633193969727,86.29100799560547,50.86936950683594,70.05860900878906,36.032081604003906,11.369635581970215
2022-06-02,55818.109375,1330.1278076171875,3139.3876953125,1367.95654296875,641.0993041992188,727.5216064453125,1589.6212158203125,246.77821350097656,444.2740478515625,680.1432495117188,2154.228515625,9.5600004196167,13.380000114440918,9.779999732971191,29.73738670349121,19.334152221679688,88.65184783935547,51.361812591552734,70.01278686523438,36.18159103393555,11.40890884399414
2022-06-03,55769.23046875,1356.9793701171875,3153.92431640625,1380.7476806640625,638.8544921875,721.3134155273438,1603.0640869140625,246.1914825439453,439.11962890625,670.8583374023438,2161.0166015625,9.229999542236328,13.229999542236328,9.079999923706055,29.273462295532227,19.334152221679688,86.82099151611328,49.835235595703125,69.32549285888672,35.28452682495117,11.310725212097168
2022-06-06,55675.3203125,1350.827880859375,3146.082763671875,1388.322998046875,637.6279296875,724.5145874023438,1590.3978271484375,247.90646362304688,438.4103088378906,667.87744140625,2149.04345703125,9.289999961853027,13.15999984741211,8.260000228881836,29.22707176208496,19.198633193969727,87.59187316894531,50.1799430847168,69.32549285888672,34.985504150390625,11.34999942779541
2022-06-07,55107.33984375,1353.5618896484375,3083.486328125,1367.3668212890625,630.80078125,713.2137451171875,1542.69189453125,247.13926696777344,438.22119140625,670.36962890625,2084.980712890625,9.210000038146973,13.079999923706055,8.119999885559082,28.948719024658203,19.198633193969727,87.78459930419922,49.6875114440918,68.72982025146484,34.58681106567383,11.300907135009766
2022-06-08,54892.48828125,1330.0301513671875,3121.13623046875,1360.7440185546875,632.8605346679688,707.6360473632812,1539.3433837890625,242.1296844482422,445.5035400390625,648.1836547851562,2071.545654296875,9.170000076293945,13.180000305175781,8.130000114440918,28.948719024658203,19.198633193969727,87.688232421875,49.835235595703125,69.46294403076172,34.48713302612305,11.153632164001465
2022-06-09,55320.28125,1366.30419921875,3142.688720703125,1374.0345458984375,637.5121459960938,710.9827270507812,1549.2921142578125,244.4765167236328,441.5313415527344,661.1825561523438,2071.1689453125,9.220000267028809,13.1899995803833,8.920000076293945,28.85593605041504,19.153461456298828,87.97732543945312,49.884483337402344,68.77565002441406,34.23794937133789,11.153632164001465
2022-06-10,54303.44140625,1325.001708984375,3086.55908203125,1340.060302734375,625.1539306640625,698.5177612304688,1538.9552001953125,243.79957580566406,436.7552185058594,657.7617797851562,2074.04443359375,9.130000114440918,12.9399995803833,8.600000381469727,28.670366287231445,19.108285903930664,88.31459045410156,49.04732894897461,67.12612915039062,33.93893051147461,11.055448532104492
2022-06-13,52846.69921875,1300.0052490234375,2953.387451171875,1292.024169921875,614.3463745117188,667.3798828125,1487.464111328125,238.8350830078125,421.7174987792969,656.0025024414062,2070.27294921875,8.710000038146973,12.8100004196167,8.149999618530273,27.928091049194336,18.792070388793945,85.42375946044922,46.73284912109375,65.47660064697266,32.79268264770508,10.908173561096191
2022-06-14,52693.5703125,1282.6983642578125,2945.224853515625,1306.5845947265625,606.732421875,665.1973266601562,1499.791015625,239.60232543945312,423.51446533203125,666.70458984375,2047.9765625,8.800000190734863,12.710000038146973,8.289999961853027,27.742521286010742,18.746902465820312,86.58009338378906,46.78208923339844,65.29334259033203,32.8425178527832,10.819808959960938
2022-06-15,52541.390625,1267.539306640625,2941.1435546875,1289.7109375,605.3438110351562,666.7008666992188,1514.301513671875,237.8422088623047,427.0138244628906,666.5579833984375,2045.2655029296875,8.819999694824219,12.75,8.09000015258789,27.742521286010742,18.70172691345215,85.90557098388672,46.83133316040039,64.83514404296875,32.59333419799805,10.770716667175293
2022-06-16,51495.7890625,1249.4267578125,2882.033203125,1267.4847412109375,592.985595703125,658.0675659179688,1482.0771484375,235.58563232421875,417.414306640625,639.14306640625,2041.4609375,8.510000228881836,12.510000228881836,7.75,26.953855514526367,18.249996185302734,83.68927001953125,44.861568450927734,61.627742767333984,31.49692153930664,10.701988220214844
2022-06-17,51360.421875,1264.121826171875,2833.331787109375,1258.866455078125,597.1281127929688,667.4767456054688,1445.0,237.75193786621094,417.0832824707031,629.2717895507812,2009.2183837890625,8.210000038146973,12.449999809265137,7.699999809265137,26.953855514526367,17.888608932495117,84.17107391357422,44.07365417480469,62.77324295043945,31.5467586517334,10.466347694396973
2022-06-20,51597.83984375,1241.4202880859375,2855.297607421875,1283.451416015625,611.8931884765625,664.8578491210938,1427.237548828125,238.29351806640625,410.6993408203125,626.9749755859375,2088.58837890625,7.940000057220459,12.319999694824219,7.090000152587891,26.39715003967285,17.617570877075195,81.71387481689453,41.41446304321289,59.474205017089844,29.802465438842773,10.387801170349121
2022-06-21,52532.0703125,1261.8028564453125,2945.9130859375,1315.4298095703125,618.3037109375,675.28564453125,1456.5501708984375,243.5739288330078,426.2572021484375,638.9475708007812,2097.1005859375,8.470000267028809,12.579999923706055,7.429999828338623,27.60334587097168,18.06930160522461,84.60470581054688,44.07365417480469,63.04816818237305,30.30083465576172,10.564531326293945
2022-06-22,51822.53125,1223.0633544921875,2955.084228515625,1303.953857421875,615.7117309570312,666.1188354492188,1434.759765625,239.28643798828125,423.419921875,628.1967163085938,2100.857666015625,8.529999732971191,12.479999542236328,7.150000095367432,27.783510208129883,17.978954315185547,83.54472351074219,42.94103240966797,60.94044494628906,29.104751586914062,10.97690200805664
2022-06-23,52265.71875,1203.2421875,3034.877197265625,1318.332763671875,618.7896728515625,678.5352172851562,1452.0367431640625,239.7377471923828,426.8719482421875,645.5448608398438,2141.61279296875,8.550000190734863,12.4399995803833,7.190000057220459,27.688688278198242,17.93378448486328,83.78562927246094,43.630455017089844,61.5819206237793,29.702791213989258,10.751080513000488
2022-06-24,52727.98046875,1220.8907470703125,3020.156982421875,1308.2176513671875,626.6582641601562,692.2610473632812,1451.4058837890625,239.91824340820312,429.70928955078125,656.2957153320312,2190.927490234375,8.729999542236328,12.75,7.179999828338623,28.020572662353516,17.888608932495117,86.09828186035156,44.861568450927734,62.315032958984375,30.799203872680664,10.82962703704834
2022-06-27,53161.28125,1216.5946044921875,3038.224853515625,1337.701416015625,627.6765747070312,695.8016967773438,1490.47314453125,243.5287322998047,436.187744140625,669.392333984375,2206.9541015625,8.869999885559082,12.84000015258789,7.170000076293945,28.020572662353516,17.843435287475586,87.83277893066406,45.25551986694336,64.10202026367188,31.945451736450195,10.937628746032715
2022-06-28,53177.44921875,1234.682861328125,3044.0029296875,1342.8724365234375,622.8397216796875,688.720458984375,1506.1484375,245.3340301513672,439.16693115234375,665.5806274414062,2204.9091796875,8.850000381469727,12.850000381469727,7.079999923706055,28.210222244262695,17.753087997436523,88.41094207763672,45.55098342895508,65.15586853027344,31.89561653137207,10.82962703704834
2022-06-29,53026.96875,1259.1177978515625,3018.4140625,1327.8582763671875,622.0527954101562,681.8817749023438,1502.41162109375,247.3197784423828,434.5326843261719,671.9334106445312,2128.677734375,8.649999618530273,12.729999542236328,6.980000019073486,28.210222244262695,17.753087997436523,88.50730895996094,45.45249938964844,64.19366455078125,31.49692153930664,10.839445114135742
2022-06-30,53018.94140625,1266.4410400390625,2994.751953125,1325.5904541015625,623.696044921875,685.6648559570312,1511.292724609375,246.82333374023438,440.53826904296875,668.4149780273438,2121.4970703125,8.430000305175781,12.65999984741211,6.829999923706055,27.546451568603516,17.753087997436523,86.96553039550781,44.31987380981445,62.81906509399414,31.347412109375,10.751080513000488
2022-07-01,52907.9296875,1176.0732421875,3041.4345703125,1340.8765869140625,626.5425415039062,682.9003295898438,1523.4254150390625,256.6619873046875,441.5786437988281,658.1527709960938,2171.192626953125,8.510000228881836,12.649999618530273,6.769999980926514,27.925748825073242,18.024127960205078,90.19361877441406,44.960052490234375,64.05619812011719,32.24447250366211,10.849264144897461
2022-07-04,53234.76953125,1178.5142822265625,2966.6865234375,1349.6763916015625,627.3525390625,698.2752075195312,1535.7520751953125,263.3865051269531,447.7734069824219,666.4602661132812,2258.694580078125,8.380000114440918,12.670000076293945,6.670000076293945,28.447280883789062,17.843435287475586,91.63902282714844,44.910804748535156,63.2314338684082,33.93893051147461,10.937628746032715
2022-07-05,53134.3515625,1187.9122314453125,2949.718994140625,1339.33447265625,625.77880859375,697.88720703125,1518.4752197265625,258.82830810546875,446.5439147949219,668.805908203125,2284.089111328125,8.279999732971191,12.649999618530273,6.659999847412109,28.162809371948242,18.024127960205078,91.10904693603516,44.467613220214844,63.78127670288086,33.34088897705078,10.986720085144043
2022-07-06,53750.96875,1177.537841796875,2990.21142578125,1353.4866943359375,634.8045654296875,704.2894897460938,1510.807373046875,261.03973388671875,453.63714599609375,678.2374877929688,2375.680908203125,8.520000457763672,12.640000343322754,6.590000152587891,28.399869918823242,18.024127960205078,92.02446746826172,45.25551986694336,63.735450744628906,33.93893051147461,10.967082977294922
2022-07-07,54178.4609375,1165.67431640625,3014.654052734375,1359.6556396484375,646.1675415039062,719.7129516601562,1563.948486328125,263.3865051269531,460.3520812988281,671.102783203125,2354.2333984375,8.470000267028809,12.859999656677246,6.630000114440918,29.395524978637695,18.024127960205078,93.46988677978516,46.289649963378906,66.75955963134766,34.13827896118164,11.035811424255371
2022-07-08,54481.83984375,1167.553955078125,2994.384521484375,1373.490234375,646.4915771484375,733.0023193359375,1637.8121337890625,264.4245910644531,461.9599304199219,679.5079956054688,2373.826171875,8.430000305175781,12.779999732971191,6.659999847412109,29.063640594482422,18.06930160522461,93.8553237915039,46.33889389038086,65.61406707763672,33.68974304199219,11.016175270080566
2022-07-11,54395.23046875,1183.0302734375,2855.34326171875,1336.1138916015625,650.5646362304688,746.3887329101562,1613.8377685546875,266.2298278808594,461.7234802246094,645.3493041992188,2368.547607421875,8.720000267028809,13.149999618530273,6.730000019073486,29.395524978637695,18.204818725585938,96.07161712646484,47.274532318115234,66.4388198852539,34.188114166259766,11.183087348937988
2022-07-12,53886.609375,1181.5411376953125,2829.11279296875,1304.9970703125,644.1310424804688,737.076416015625,1605.1995849609375,264.1537780761719,458.5078430175781,647.4506225585938,2329.599853515625,8.6899995803833,13.34000015258789,6.730000019073486,29.2532901763916,18.249996185302734,94.77074432373047,47.717735290527344,65.11006164550781,33.88909149169922,11.143813133239746
2022-07-13,53514.1484375,1160.621337890625,2786.83203125,1310.848388671875,628.3939819335938,730.5287475585938,1599.4727783203125,265.3723449707031,460.2575378417969,628.880859375,2375.443359375,8.760000228881836,13.239999771118164,6.460000038146973,29.158464431762695,18.11447525024414,94.43348693847656,47.61924362182617,65.11006164550781,33.78942108154297,11.084903717041016
2022-07-14,53416.1484375,1170.2147216796875,2757.54296875,1296.469482421875,625.4548950195312,729.8012084960938,1597.6773681640625,262.43878173828125,453.447998046875,627.4636840820312,2375.06298828125,8.65999984741211,13.300000190734863,6.349999904632568,28.826580047607422,18.06930160522461,93.75896453857422,48.456398010253906,64.19366455078125,33.68974304199219,10.986720085144043
2022-07-15,53760.78125,1172.4605712890625,2752.807373046875,1297.739501953125,631.2636108398438,728.588623046875,1635.0943603515625,264.8758850097656,453.02239990234375,636.8952026367188,2443.161865234375,8.710000038146973,13.260000228881836,6.329999923706055,28.73175621032715,18.15964698791504,95.20438385009766,48.75186538696289,63.50635528564453,33.191375732421875,10.996539115905762
2022-07-18,54521.1484375,1182.517578125,2814.235595703125,1351.762939453125,623.7654418945312,748.8137817382812,1676.490966796875,266.3200988769531,463.66229248046875,648.4768676757812,2427.801513671875,8.880000114440918,13.380000114440918,6.340000152587891,29.7274112701416,18.295169830322266,99.25152587890625,49.6875114440918,65.79736328125,34.68648147583008,11.006357192993164
2022-07-19,54767.62109375,1191.8179931640625,2827.79931640625,1347.0909423828125,623.7422485351562,757.2531127929688,1677.364501953125,265.77850341796875,470.99200439453125,657.7129516601562,2440.546875,8.979999542236328,13.529999732971191,6.570000171661377,29.96446990966797,18.47586441040039,104.93984985351562,50.42617416381836,67.03449249267578,35.08517837524414,11.075085639953613
2022-07-20,55397.53125,1221.208251953125,2909.503662109375,1374.35205078125,632.119873046875,759.2415771484375,1688.8663330078125,269.0730895996094,481.0171203613281,655.0740356445312,2478.258056640625,8.84000015258789,13.609999656677246,6.590000152587891,29.77482032775879,18.656553268432617,103.07642364501953,49.98297119140625,68.63818359375,34.78615951538086,11.084903717041016
2022-07-21,55681.94921875,1214.3731689453125,2922.14794921875,1390.5908203125,629.9445190429688,762.7337036132812,1735.216796875,270.3367919921875,484.2799987792969,663.2349853515625,2479.3046875,9.029999732971191,14.289999961853027,6.619999885559082,30.2015323638916,18.566207885742188,105.18504333496094,52.543678283691406,69.32549285888672,35.633384704589844,11.310725212097168
2022-07-22,56072.23046875,1221.9404296875,2915.98681640625,1366.5047607421875,644.6864013671875,776.0230712890625,1737.920166015625,271.0588684082031,485.84051513671875,663.1372680664062,2511.2138671875,8.930000305175781,14.710000038146973,6.639999866485596,30.106708526611328,18.746902465820312,104.93984985351562,52.10047912597656,69.05056762695312,35.633384704589844,11.26163387298584
2022-07-25,55766.21875,1181.5411376953125,2912.584228515625,1363.375,646.1907348632812,776.8961791992188,1751.6827392578125,271.7358703613281,489.52899169921875,662.7952270507812,2493.0478515625,8.920000076293945,14.239999771118164,6.409999847412109,29.96446990966797,18.566207885742188,105.23407745361328,52.986873626708984,69.60040283203125,35.832733154296875,11.094721794128418
2022-07-26,55268.48828125,1181.7120361328125,2865.27197265625,1317.0628662109375,644.547607421875,772.1914672851562,1720.76611328125,272.9093017578125,486.2661437988281,668.3171997070312,2422.333251953125,8.829999923706055,13.720000267028809,6.269999980926514,30.01188087463379,18.430686950683594,103.71392059326172,51.16483688354492,68.68399810791016,35.53371047973633,11.006357192993164
2022-07-27,55816.3203125,1181.101806640625,2931.94140625,1334.662353515625,649.8934936523438,776.4595947265625,1766.72314453125,274.26318359375,499.69598388671875,659.52099609375,2456.1923828125,8.760000228881836,14.699999809265137,6.21999979019165,30.343769073486328,18.3403377532959,105.3321533203125,51.80501174926758,69.46294403076172,35.633384704589844,11.045629501342773
2022-07-28,56857.7890625,1199.65380859375,2998.013671875,1376.619873046875,655.8412475585938,790.0399780273438,1770.70458984375,273.8118591308594,503.4317932128906,651.7021484375,2491.76416015625,8.680000305175781,14.579999923706055,6.079999923706055,30.91271209716797,18.430686950683594,105.28311157226562,52.445186614990234,69.69905090332031,36.48060989379883,11.124176979064941
2022-07-29,57570.25,1224.796630859375,3035.347900390625,1405.786376953125,663.941162109375,793.9686279296875,1776.99609375,273.4508361816406,499.5541687011719,662.55078125,2507.9326171875,8.770000457763672,14.9399995803833,6.550000190734863,29.7274112701416,18.61138153076172,104.59659576416016,53.03611755371094,72.8628921508789,37.427513122558594,11.104540824890137
2022-08-01,58115.5,1257.1893310546875,3033.876953125,1406.693603515625,668.8936767578125,798.624755859375,1783.4349365234375,277.6029052734375,504.66131591796875,681.4976806640625,2466.368896484375,9.119999885559082,15.1899995803833,6.909999847412109,31.62389373779297,18.972766876220703,104.84178161621094,53.87327575683594,73.3351058959961,41.81315994262695,11.340180397033691
2022-08-02,58136.359375,1261.0950927734375,3025.462646484375,1399.708251953125,661.3491821289062,792.2710571289062,1762.10302734375,279.4984436035156,512.4638671875,674.0367431640625,2505.79296875,9.40999984741211,17.139999389648438,7.239999771118164,32.429901123046875,19.198633193969727,108.66668701171875,53.676292419433594,73.19345092773438,43.25843048095703,11.73291301727295
2022-08-03,58350.53125,1272.17724609375,3071.02783203125,1419.8931884765625,663.3394775390625,799.9827880859375,1759.1046142578125,278.0993957519531,511.4707946777344,680.2705688476562,2497.04248046875,9.109999656677246,16.469999313354492,7.079999923706055,32.24025344848633,19.243806838989258,106.9013442993164,52.39594268798828,72.10734558105469,42.959407806396484,11.860551834106445
2022-08-04,58298.80078125,1255.3829345703125,3084.4072265625,1451.1912841796875,662.04345703125,795.2781372070312,1750.011474609375,279.31793212890625,503.999267578125,681.2522583007812,2499.6103515625,8.760000228881836,16.68000030517578,7.110000133514404,31.671308517456055,19.198633193969727,105.8715591430664,51.8542594909668,72.72122955322266,42.90957260131836,11.909643173217773
2022-08-05,58387.9296875,1237.0994873046875,3094.61474609375,1466.5228271484375,660.2846069335938,813.272216796875,1757.2369384765625,280.4913330078125,501.8713073730469,690.7255859375,2514.685546875,8.779999732971191,16.65999984741211,7.449999809265137,31.766130447387695,19.198633193969727,106.80327606201172,50.86936950683594,73.24066925048828,43.25843048095703,11.62491226196289
2022-08-08,58853.0703125,1253.13720703125,3102.61572265625,1468.8360595703125,676.2067260742188,816.1997680664062,1798.42626953125,282.522216796875,492.08258056640625,691.4618530273438,2519.5361328125,8.630000114440918,16.010000228881836,7.679999828338623,31.62389373779297,19.28898048400879,107.39171600341797,51.01710510253906,73.85453796386719,44.50435256958008,11.497274398803711
2022-08-10,58817.2890625,1260.533447265625,3086.109130859375,1452.7789306640625,678.544189453125,828.0075073242188,1823.1990966796875,280.85235595703125,486.5971374511719,701.8679809570312,2510.833740234375,8.619999885559082,15.399999618530273,7.380000114440918,31.292011260986328,19.28898048400879,107.63690948486328,51.80501174926758,75.41285705566406,44.604026794433594,11.359816551208496
2022-08-11,59332.6015625,1264.5611572265625,3147.214599609375,1469.3804931640625,688.1484375,838.546630859375,1835.58544921875,276.47467041015625,496.10211181640625,696.5667724609375,2484.630615234375,8.670000076293945,15.399999618530273,7.679999828338623,31.671308517456055,19.153461456298828,109.00994110107422,52.10047912597656,74.46842956542969,45.102394104003906,11.34999942779541
2022-08-12,59462.78125,1285.2857666015625,3126.386474609375,1446.51904296875,687.2227172851562,853.6234741210938,1812.7296142578125,278.3701477050781,501.8713073730469,696.8612670898438,2468.31884765625,8.710000038146973,15.319999694824219,7.53000020980835,31.57648277282715,19.28898048400879,108.6176528930664,52.149723052978516,77.01839447021484,44.952884674072266,11.291088104248047
2022-08-16,59842.2109375,1294.024658203125,3120.087646484375,1447.698486328125,695.183837890625,858.4052124023438,1817.104248046875,280.26568603515625,497.37890625,690.9219360351562,2515.256103515625,8.84000015258789,15.880000114440918,7.679999828338623,31.766130447387695,19.28898048400879,108.22534942626953,53.03611755371094,78.10448455810547,44.903045654296875,11.41872787475586
2022-08-17,60260.12890625,1300.8109130859375,3127.167724609375,1457.63232421875,698.53955078125,861.8694458007812,1823.88720703125,282.7478942871094,499.3649597167969,708.5435791015625,2555.630859375,9.0,16.559999465942383,7.619999885559082,32.666961669921875,19.28898048400879,107.68594360351562,52.937625885009766,78.19892883300781,45.800113677978516,11.477636337280273
2022-08-18,60298.0,1306.8028564453125,3109.32861328125,1435.8143310546875,699.5809326171875,863.6259765625,1862.078369140625,284.73370361328125,503.5263671875,719.8330688476562,2550.019287109375,8.920000076293945,16.649999618530273,7.690000057220459,32.38249206542969,19.334152221679688,108.76476287841797,55.35060501098633,78.52947998046875,45.35158157348633,11.438363075256348
2022-08-19,59646.1484375,1283.6939697265625,3113.0068359375,1449.150146484375,691.24951171875,849.3297729492188,1903.02197265625,281.8001403808594,492.1772155761719,718.9496459960938,2505.269775390625,8.789999961853027,16.559999465942383,7.699999809265137,31.62389373779297,19.198633193969727,105.5282974243164,53.2823371887207,77.20728302001953,44.50435256958008,11.340180397033691
2022-08-22,58773.87109375,1280.304931640625,3084.49951171875,1429.2373046875,680.465087890625,831.5693969726562,1848.364990234375,283.60540771484375,483.47613525390625,714.1883544921875,2496.281494140625,8.649999618530273,16.34000015258789,8.59000015258789,30.723068237304688,18.92759132385254,104.59659576416016,51.460304260253906,73.80732727050781,43.50761413574219,11.202723503112793
2022-08-23,59031.30078125,1300.3443603515625,3019.669189453125,1399.390625,678.4747924804688,843.7674560546875,1844.2362060546875,285.049560546875,493.7377014160156,724.103515625,2467.74853515625,8.859999656677246,16.360000610351562,8.970000267028809,31.292011260986328,18.92759132385254,107.78401184082031,52.1989631652832,75.50730895996094,45.94961929321289,11.212541580200195
2022-08-24,59085.4296875,1296.19384765625,2993.55322265625,1394.6278076171875,680.9973754882812,851.4766845703125,1861.1937255859375,283.6505432128906,490.9949645996094,725.3798217773438,2459.42626953125,9.210000038146973,16.6200008392334,8.770000457763672,31.766130447387695,19.0179386138916,111.8050765991211,52.445186614990234,74.98786926269531,48.44146728515625,11.202723503112793
2022-08-25,58774.71875,1291.99462890625,2959.29931640625,1377.8900146484375,677.549072265625,850.3544921875,1845.95654296875,281.890380859375,492.31903076171875,724.5452880859375,2450.24755859375,9.119999885559082,16.5,8.460000038146973,33.47296905517578,19.108285903930664,111.60893249511719,56.58171081542969,75.46007537841797,48.79032516479492,11.674004554748535
2022-08-26,58833.87109375,1286.2235107421875,2962.563232421875,1380.61181640625,677.3407592773438,849.8665161132812,1873.0885009765625,282.206298828125,495.39276123046875,717.1825561523438,2445.302001953125,9.140000343322754,16.459999084472656,8.210000038146973,33.80485534667969,19.198633193969727,111.70700073242188,56.97566223144531,77.11283874511719,48.341793060302734,12.017645835876465
2022-08-29,57972.62109375,1275.4425048828125,2881.686279296875,1326.3162841796875,666.5099487304688,835.0823974609375,1848.9056396484375,282.88330078125,486.78631591796875,707.7091674804688,2448.916259765625,8.890000343322754,16.209999084472656,8.0600004196167,33.47296905517578,19.28898048400879,110.92240142822266,58.305259704589844,75.60175323486328,48.44146728515625,11.8114595413208
2022-08-30,59537.0703125,1296.2186279296875,2953.322021484375,1354.62060546875,687.893798828125,866.1631469726562,1889.1611328125,289.11138916015625,502.3442077636719,713.2066040039062,2528.999755859375,9.069999694824219,16.440000534057617,8.180000305175781,33.994503021240234,19.37932777404785,114.74732208251953,57.862060546875,76.9239501953125,48.93983459472656,11.791824340820312
2022-09-01,58766.58984375,1257.4659423828125,2879.709228515625,1328.493408203125,681.36767578125,853.3307495117188,1879.13427734375,286.6291809082031,504.3775634765625,721.6001586914062,2478.638427734375,9.09000015258789,16.3799991607666,8.829999923706055,33.899681091308594,19.605194091796875,116.41458129882812,59.191654205322266,76.49894714355469,48.98967361450195,11.8114595413208
2022-09-02,58803.328125,1242.5347900390625,2877.962158203125,1318.060791015625,687.8707275390625,851.1839599609375,1907.1510009765625,291.54852294921875,507.35675048828125,721.20751953125,2476.11767578125,8.970000267028809,16.25,8.8100004196167,33.37814712524414,19.876232147216797,117.15013885498047,58.40374755859375,74.79898071289062,48.44146728515625,11.73291301727295
2022-09-05,59245.98046875,1262.4022216796875,2880.90478515625,1325.27294921875,691.9901733398438,860.9423828125,1934.8726806640625,296.73858642578125,509.7211608886719,727.0977172851562,2473.55029296875,9.279999732971191,16.649999618530273,10.569999694824219,33.85226821899414,19.96657943725586,121.17120361328125,59.53636169433594,76.02674102783203,50.58445358276367,12.037282943725586
2022-09-06,59196.98828125,1274.7548828125,2877.2265625,1320.283447265625,689.4212646484375,862.5526123046875,1928.43359375,295.29443359375,508.5862731933594,747.369873046875,2446.9189453125,9.140000343322754,16.799999237060547,10.710000038146973,35.27463150024414,20.192445755004883,118.86644744873047,59.881080627441406,77.39616394042969,49.73722839355469,11.978371620178223
2022-09-07,59028.91015625,1267.7557373046875,2897.686767578125,1322.5059814453125,686.04248046875,855.2337646484375,1925.1405029296875,294.25634765625,503.7628173828125,739.2708129882812,2437.8359375,9.770000457763672,17.299999237060547,10.470000267028809,35.653926849365234,20.553829193115234,116.51266479492188,61.1121826171875,77.63227081298828,49.986412048339844,12.027463912963867
2022-09-08,59688.21875,1269.7449951171875,2914.928955078125,1338.971435546875,692.9158935546875,877.1903076171875,1940.7216796875,297.8668518066406,515.1593017578125,756.1070556640625,2450.2001953125,9.6899995803833,17.75,10.140000343322754,36.365108489990234,20.553829193115234,115.72805786132812,62.047828674316406,77.06562042236328,50.933311462402344,12.145283699035645
2022-09-09,59793.140625,1261.591796875,2958.56298828125,1371.539794921875,693.4249267578125,879.7762451171875,1916.34228515625,298.36334228515625,523.434814453125,751.5421142578125,2461.470947265625,9.550000190734863,17.5,9.630000114440918,36.981468200683594,20.644176483154297,117.24822235107422,63.22969436645508,77.53782653808594,50.335269927978516,12.155101776123047
2022-09-12,60115.12890625,1275.83544921875,2980.633544921875,1393.0855712890625,690.6709594726562,885.1434326171875,1928.384521484375,298.5890197753906,524.7588500976562,754.8308715820312,2454.147216796875,9.630000114440918,17.549999237060547,9.84000015258789,37.97711944580078,20.734525680541992,117.49340057373047,62.78649139404297,78.6239242553711,50.68412780761719,12.223830223083496
2022-09-13,60571.078125,1286.910888671875,2969.68994140625,1401.61328125,699.442138671875,887.2903442382812,1957.6790771484375,301.9287414550781,527.9744873046875,770.2435302734375,2461.090576171875,9.880000114440918,17.450000762939453,9.529999732971191,37.50299835205078,20.870046615600586,116.80687713623047,62.294044494628906,78.95447540283203,50.18575668334961,12.164921760559082
2022-09-14,60346.96875,1271.0220947265625,2869.869873046875,1338.1097412109375,707.65771484375,896.024169921875,1921.896484375,302.69598388671875,540.6004028320312,769.1145629882812,2444.39892578125,9.75,17.25,9.170000076293945,38.0245361328125,20.644176483154297,118.42510986328125,62.14631652832031,79.42668914794922,50.73396682739258,12.184557914733887
2022-09-15,59934.01171875,1258.227294921875,2854.697021484375,1299.1458740234375,703.9548950195312,895.4386596679688,1924.50146484375,301.61279296875,541.12060546875,770.4398803710938,2434.269287109375,9.640000343322754,17.149999618530273,9.15999984741211,38.35641860961914,20.718502044677734,119.65104675292969,61.155147552490234,77.67950439453125,52.62776565551758,12.282740592956543
2022-09-16,58840.7890625,1227.5543212890625,2766.69287109375,1251.1553955078125,691.1338500976562,887.0463256835938,1887.047607421875,299.08544921875,531.1427612304688,765.7277221679688,2404.7373046875,9.180000305175781,16.75,9.069999694824219,37.550411224365234,20.439781188964844,119.25874328613281,58.92501449584961,76.16839599609375,50.7838020324707,11.890007019042969
2022-09-19,59141.23046875,1229.052490234375,2784.99267578125,1261.2705078125,695.62353515625,876.7511596679688,1877.8070068359375,302.96673583984375,541.3570556640625,768.2801513671875,2450.91357421875,9.109999656677246,16.350000381469727,8.859999656677246,38.30901336669922,20.02169418334961,120.14141845703125,58.72677993774414,74.46842956542969,50.88347625732422,12.017645835876465
2022-09-20,59719.73828125,1228.9051513671875,2796.809326171875,1259.50146484375,702.6357421875,894.6091918945312,1899.3848876953125,303.01190185546875,542.9647827148438,776.0846557617188,2456.335205078125,9.15999984741211,16.399999618530273,8.65999984741211,38.54606628417969,20.114601135253906,120.92601013183594,59.56927490234375,76.2628402709961,51.132659912109375,12.174738883972168
2022-09-21,59456.78125,1232.44140625,2760.347900390625,1248.796630859375,702.9597778320312,893.242919921875,1863.6512451171875,307.8409118652344,538.8980712890625,766.1204833984375,2495.61572265625,9.180000305175781,16.899999618530273,8.539999961853027,38.07194900512695,19.97524070739746,120.28852844238281,58.578102111816406,75.64896392822266,50.53461837768555,12.194375991821289
2022-09-22,59119.71875,1220.972900390625,2765.727783203125,1240.8587646484375,687.6624145507812,881.0448608398438,1855.4427490234375,311.4965515136719,536.6282348632812,769.8508911132812,2561.385009765625,9.130000114440918,16.75,9.640000343322754,38.35641860961914,19.97524070739746,120.58274841308594,58.875457763671875,75.93229675292969,50.53461837768555,12.047101020812988
2022-09-23,58098.921875,1198.109375,2742.921875,1238.5452880859375,669.5185546875,861.4303588867188,1825.9515380859375,312.53460693359375,520.5975341796875,756.8433227539062,2548.307373046875,8.970000267028809,16.200000762939453,9.09000015258789,36.17546081542969,19.789424896240234,114.50212860107422,57.487815856933594,73.80732727050781,48.541141510009766,11.850733757019043
2022-09-26,57145.21875,1167.7313232421875,2753.91064453125,1251.69970703125,659.6597900390625,840.3031616210938,1819.9058837890625,300.1685485839844,514.30810546875,741.3814697265625,2532.94677734375,9.0,15.5,8.529999732971191,34.13673782348633,19.41779327392578,108.86283874511719,54.9107780456543,70.54902648925781,47.09587097167969,11.379453659057617
2022-09-27,57107.51953125,1176.5228271484375,2775.888671875,1262.9942626953125,654.6377563476562,832.25244140625,1808.895751953125,302.24462890625,507.16754150390625,746.6826782226562,2547.97412109375,9.140000343322754,15.75,8.329999923706055,34.895328521728516,19.650062561035156,112.24639892578125,55.4559211730957,70.6906967163086,47.29521942138672,11.359816551208496
2022-09-28,56598.28125,1145.4327392578125,2793.0849609375,1265.03515625,642.5573120117188,828.6906127929688,1802.014404296875,293.2635192871094,496.8114318847656,747.4680786132812,2566.996337890625,9.029999732971191,15.449999809265137,8.109999656677246,33.04625701904297,19.74296760559082,109.7455062866211,56.59576416015625,69.65182495117188,46.29848098754883,11.448182106018066
2022-09-29,56409.9609375,1142.0927734375,2756.3017578125,1267.84765625,639.5950317382812,823.6649780273438,1784.0247802734375,300.619873046875,493.64312744140625,751.3948974609375,2569.564453125,8.470000267028809,15.5,8.470000267028809,32.99884796142578,19.835878372192383,110.92240142822266,57.983402252197266,69.8407211303711,47.544403076171875,11.516910552978516
2022-09-30,57426.921875,1167.8294677734375,2762.968505859375,1281.9544677734375,658.36376953125,841.962158203125,1817.3499755859375,299.6721496582031,502.24957275390625,785.1163330078125,2564.999267578125,8.789999961853027,15.649999618530273,8.720000267028809,34.65827178955078,19.74296760559082,116.31651306152344,59.32148361206055,72.48512268066406,49.58771514892578,11.683821678161621
2022-10-03,56788.80859375,1166.1595458984375,2745.587890625,1264.6270751953125,653.9434814453125,827.568359375,1788.4486083984375,292.7218933105469,491.4678649902344,788.7485961914062,2493.998779296875,8.850000381469727,15.399999618530273,7.889999866485596,33.61520767211914,19.74296760559082,114.15886688232422,60.015296936035156,71.77679443359375,49.18901824951172,11.585638999938965
2022-10-04,58065.46875,1185.19189453125,2843.7998046875,1297.1044921875,672.3419799804688,846.6950073242188,1839.714111328125,300.43939208984375,503.81011962890625,793.902587890625,2536.941650390625,9.029999732971191,16.200000762939453,7.920000076293945,34.56344985961914,19.835878372192383,118.47415161132812,61.40293502807617,75.1295394897461,53.076297760009766,11.644548416137695
2022-10-06,58222.1015625,1189.9071044921875,2855.018310546875,1319.92041015625,665.0519409179688,863.9674682617188,1880.9527587890625,303.77911376953125,508.1133728027344,773.7777099609375,2484.202392578125,9.020000457763672,16.5,7.670000076293945,34.75309753417969,19.8823299407959,118.62125396728516,63.286155700683594,77.8211669921875,54.073036193847656,11.752551078796387
2022-10-07,58191.2890625,1195.1134033203125,2818.465087890625,1317.0174560546875,662.2054443359375,860.6984252929688,1891.7662353515625,301.4322814941406,501.5875549316406,778.882568359375,2471.791015625,9.100000381469727,16.5,7.659999847412109,34.75309753417969,19.835878372192383,120.5337142944336,63.286155700683594,76.59339904785156,52.876949310302734,11.664185523986816
2022-10-10,57991.109375,1181.6064453125,2870.191162109375,1326.9512939453125,655.1700439453125,860.2105712890625,1876.3323974609375,296.01654052734375,501.5402526855469,777.7536010742188,2476.736083984375,8.869999885559082,16.450000762939453,7.650000095367432,34.61085891723633,19.92878532409668,118.96452331542969,62.592342376708984,77.34894561767578,53.574668884277344,11.595458030700684
2022-10-11,57147.3203125,1157.785400390625,2822.143310546875,1291.752197265625,648.3197631835938,848.5003051757812,1847.6768798828125,294.25634765625,498.6083679199219,765.7767944335938,2425.233642578125,8.649999618530273,16.149999618530273,7.110000133514404,33.85226821899414,19.835878372192383,120.09237670898438,60.46132278442383,74.98786926269531,52.876949310302734,11.438363075256348
2022-10-12,57625.91015625,1166.5279541015625,2851.38671875,1296.24267578125,652.3466796875,846.7926025390625,1879.0357666015625,298.00225830078125,504.9923095703125,761.2119140625,2464.657470703125,8.670000076293945,16.0,6.960000038146973,34.421207427978516,19.835878372192383,123.18173217773438,61.0560302734375,75.08230590820312,54.92026138305664,11.507092475891113
2022-10-13,57235.328125,1170.8502197265625,2851.662353515625,1287.9871826171875,645.079833984375,833.277099609375,1844.18701171875,296.64837646484375,493.07562255859375,754.7326049804688,2440.73681640625,8.59000015258789,15.800000190734863,6.809999942779541,34.04191589355469,19.835878372192383,122.39713287353516,60.114418029785156,73.76010131835938,54.32222366333008,11.399089813232422
2022-10-14,57919.96875,1164.5386962890625,2848.53564453125,1337.2479248046875,667.0191650390625,849.0858154296875,1879.13427734375,299.71722412109375,498.46649169921875,752.1312255859375,2449.915283203125,8.510000228881836,15.800000190734863,6.699999809265137,33.994503021240234,19.835878372192383,127.7422103881836,60.956912994384766,73.57122039794922,54.073036193847656,11.428545951843262
2022-10-17,58410.98046875,1183.69384765625,2868.818115234375,1351.89892578125,669.4490966796875,864.21142578125,1851.854736328125,299.9429016113281,514.4027099609375,751.98388671875,2464.9423828125,8.420000076293945,15.75,7.460000038146973,34.99015808105469,19.789424896240234,128.9681396484375,62.394107818603516,73.94898986816406,55.518306732177734,11.40890884399414
2022-10-18,58960.6015625,1203.6104736328125,2898.413818359375,1364.010009765625,668.4308471679688,875.0922241210938,1884.8848876953125,307.1188659667969,531.9466552734375,768.918212890625,2474.501220703125,8.460000038146973,15.850000381469727,7.75,36.839229583740234,19.8823299407959,129.7036895751953,67.59774017333984,74.51566314697266,56.216026306152344,11.674004554748535
2022-10-19,59107.19140625,1226.17919921875,2877.20849609375,1347.181640625,675.2348022460938,870.1641845703125,1872.596923828125,312.6248779296875,523.1983642578125,769.0164184570312,2456.335205078125,8.520000457763672,15.949999809265137,9.239999771118164,37.313350677490234,19.8823299407959,128.6739044189453,66.9039306640625,74.09064483642578,56.91373825073242,11.890007019042969
2022-10-20,59202.8984375,1228.34033203125,2908.6474609375,1361.0616455078125,670.7681884765625,866.7974853515625,1871.9580078125,315.6486511230469,525.279052734375,778.4407348632812,2472.9794921875,8.569999694824219,15.949999809265137,8.899999618530273,38.403831481933594,19.789424896240234,127.7912368774414,65.86319732666016,75.17674255371094,56.61471939086914,11.948917388916016
2022-10-21,59307.1484375,1214.1212158203125,2894.40283203125,1360.88037109375,665.7694702148438,885.2410888671875,1843.74462890625,311.90277099609375,530.3861083984375,782.8093872070312,2525.2431640625,8.720000267028809,16.049999237060547,8.680000305175781,38.640892028808594,19.835878372192383,130.04696655273438,64.67378997802734,73.52399444580078,57.11308670043945,12.135465621948242
2022-10-24,59831.66015625,1217.9278564453125,2915.193115234375,1376.57470703125,676.1373291015625,903.5382080078125,1877.7086181640625,313.8885192871094,539.418212890625,787.61962890625,2448.345458984375,8.6899995803833,15.75,8.800000190734863,38.972774505615234,20.06814956665039,132.1555633544922,65.66496276855469,74.09064483642578,58.15966033935547,12.27292251586914
2022-10-25,59543.9609375,1199.33740234375,2915.054931640625,1384.149658203125,671.2542724609375,902.3184204101562,1914.8677978515625,312.53460693359375,546.7952270507812,787.5706176757812,2381.91064453125,8.59000015258789,15.600000381469727,8.40999984741211,41.05891036987305,20.439781188964844,131.66519165039062,70.47212982177734,74.98786926269531,56.365535736083984,12.77365779876709
2022-10-27,59756.83984375,1203.389404296875,2909.845703125,1396.393310546875,673.105712890625,901.8792114257812,1930.98974609375,312.1283874511719,548.1192626953125,801.9525756835938,2394.2275390625,8.619999885559082,15.75,8.15999984741211,40.82184982299805,20.718502044677734,131.95941162109375,72.20667266845703,77.91559600830078,56.564884185791016,13.019116401672363
2022-10-28,59959.8515625,1240.6683349609375,2916.114990234375,1387.2220458984375,675.0728149414062,885.9729614257812,1941.1641845703125,311.9478759765625,539.7965087890625,801.8543701171875,2401.7412109375,8.539999961853027,15.649999618530273,8.119999885559082,40.82184982299805,20.76495933532715,128.62486267089844,72.80137634277344,74.51566314697266,55.61798095703125,12.793293952941895
2022-10-31,60746.58984375,1252.235107421875,2943.86669921875,1410.4249267578125,692.614990234375,886.6072387695312,1989.6280517578125,314.2044677734375,542.6810913085938,816.7762451171875,2423.47412109375,8.579999923706055,15.5,7.949999809265137,40.395137786865234,21.043684005737305,128.91908264160156,73.39608764648438,74.32676696777344,55.91699981689453,12.940569877624512
2022-11-01,61121.3515625,1242.51025390625,3005.222900390625,1442.3863525390625,700.7843627929688,886.7536010742188,1990.5128173828125,315.37786865234375,545.4711303710938,820.0648803710938,2442.193359375,8.640000343322754,15.5,8.1899995803833,38.0245361328125,20.950773239135742,129.3114013671875,75.37842559814453,75.50730895996094,55.46847152709961,12.989660263061523
2022-11-02,60906.08984375,1250.1968994140625,2989.687744140625,1423.768798828125,700.738037109375,882.6062622070312,1978.470458984375,319.8909606933594,542.822998046875,795.0806274414062,2410.1650390625,8.5600004196167,15.5,8.020000457763672,37.17111587524414,21.043684005737305,130.68443298339844,73.99079132080078,75.97950744628906,55.21928787231445,13.470760345458984
2022-11-03,60836.41015625,1255.378662109375,2956.86572265625,1403.6383056640625,698.2617797851562,886.4120483398438,1972.8671875,319.3042907714844,553.0845947265625,803.4251098632812,2438.1240234375,8.569999694824219,16.100000381469727,8.069999694824219,39.16242599487305,21.2294979095459,134.5583953857422,74.68460083007812,76.73506164550781,57.0134162902832,14.177679061889648
2022-11-04,60950.359375,1273.3057861328125,2965.302001953125,1388.4144287109375,692.93896484375,883.7772827148438,1980.7315673828125,319.123779296875,561.5491943359375,801.4617309570312,2413.037353515625,8.40999984741211,16.450000762939453,8.15999984741211,39.58913803100586,22.01922035217285,133.77378845214844,75.32887268066406,79.37948608398438,56.91373825073242,14.668596267700195
2022-11-07,61185.1484375,1280.0347900390625,2981.851318359375,1382.1322021484375,698.3544311523438,894.95068359375,1984.663818359375,319.03350830078125,580.89013671875,807.6954956054688,2424.384033203125,8.329999923706055,16.549999237060547,8.180000305175781,39.683956146240234,22.948299407958984,134.31320190429688,75.13063049316406,82.2599868774414,57.11308670043945,14.874781608581543
2022-11-09,61033.55078125,1278.4876708984375,2964.9794921875,1385.0667724609375,698.0997924804688,889.1444702148438,1969.868896484375,325.3970031738281,582.1668701171875,802.6888427734375,2403.46240234375,8.5,16.549999237060547,8.220000267028809,42.62351608276367,23.319934844970703,135.49008178710938,74.28813171386719,81.22111511230469,57.212764739990234,15.463882446289062
2022-11-10,60613.69921875,1264.465087890625,2955.806396484375,1377.7301025390625,705.9683227539062,888.656494140625,1944.11328125,321.24493408203125,572.8511352539062,810.1988525390625,2405.904052734375,8.65999984741211,16.5,8.300000190734863,41.72268295288086,22.716028213500977,135.2939453125,74.83328247070312,79.47391510009766,57.412109375,14.747143745422363
2022-11-11,61795.0390625,1292.4119873046875,3057.313720703125,1439.9102783203125,745.6348876953125,884.9483032226562,1976.8485107421875,321.69622802734375,568.5005493164062,811.3278198242188,2397.095458984375,8.489999771118164,16.850000381469727,8.210000038146973,42.43386459350586,22.716028213500977,132.35171508789062,73.74299621582031,80.74888610839844,57.46194839477539,14.84532642364502
2022-11-14,61624.1484375,1285.83056640625,3073.862548828125,1452.703857421875,747.2317504882812,873.2869262695312,1965.98583984375,313.4372253417969,560.4142456054688,806.6156005859375,2353.19384765625,8.5,17.100000381469727,8.239999771118164,41.67526626586914,23.04120445251465,133.43052673339844,70.91815948486328,81.64610290527344,57.26259994506836,14.570413589477539
2022-11-15,61872.98828125,1280.304931640625,3072.572021484375,1461.599609375,749.5228881835938,890.0714721679688,1962.004638671875,311.5417175292969,568.3114624023438,819.8195190429688,2352.3798828125,8.4399995803833,17.049999237060547,8.1899995803833,41.67526626586914,23.412837982177734,133.4795684814453,69.67920684814453,81.36277770996094,56.96357727050781,14.275863647460938
2022-11-16,61980.71875,1273.01123046875,3092.302001953125,1469.3951416015625,755.4937133789062,891.5841064453125,1969.37744140625,310.50372314453125,567.0819091796875,825.5625,2372.822509765625,8.40999984741211,17.049999237060547,8.109999656677246,41.86491775512695,25.03873062133789,130.58636474609375,69.97655487060547,78.0572738647461,56.91373825073242,14.619505882263184
2022-11-17,61750.6015625,1277.6527099609375,3089.858642578125,1455.317626953125,748.5740966796875,897.1951904296875,1993.9044189453125,309.9620666503906,566.6563110351562,830.5691528320312,2354.295166015625,8.390000343322754,16.950000762939453,8.010000228881836,42.00715637207031,26.714365005493164,132.35171508789062,69.72875213623047,77.20728302001953,56.06651306152344,14.786417961120605
2022-11-18,61663.48046875,1275.8109130859375,3081.008056640625,1460.8662109375,746.8384399414062,898.3660888671875,1990.070556640625,307.7958068847656,569.966552734375,821.6847534179688,2377.705810546875,8.34000015258789,16.850000381469727,8.100000381469727,43.4769287109375,26.379236221313477,130.14501953125,70.07566833496094,76.12118530273438,55.667816162109375,15.463882446289062
2022-11-21,61144.83984375,1252.480712890625,3026.151123046875,1437.2962646484375,739.1781005859375,898.9517211914062,1976.7501220703125,304.3658142089844,565.615966796875,835.625,2394.844970703125,8.420000076293945,16.649999618530273,8.039999961853027,45.1363525390625,26.90586280822754,129.80177307128906,71.41374969482422,77.1600570678711,56.16618728637695,18.37010955810547
2022-11-22,61418.9609375,1259.4798583984375,3055.607666015625,1454.1712646484375,737.7432861328125,900.5618286132812,1995.77197265625,307.1188659667969,566.6090087890625,831.6490478515625,2410.212646484375,8.359999656677246,17.049999237060547,7.989999771118164,45.65789031982422,27.719741821289062,128.91908264160156,73.34652709960938,77.67950439453125,56.61471939086914,20.56941795349121
2022-11-23,61510.578125,1255.6241455078125,3052.05859375,1452.153564453125,740.103759765625,904.6116333007812,1990.070556640625,306.66754150390625,574.7899169921875,827.1822509765625,2398.53125,8.239999771118164,16.850000381469727,7.929999828338623,47.744022369384766,28.006994247436523,131.76327514648438,74.33769989013672,78.52947998046875,56.81406784057617,19.646495819091797
2022-11-24,62272.6796875,1268.443603515625,3114.84375,1494.7076416015625,752.5546264648438,915.9314575195312,2019.364990234375,306.9834289550781,576.3031616210938,832.7288818359375,2439.17724609375,8.0600004196167,16.950000762939453,7.889999866485596,48.17073059082031,29.58687400817871,130.7334747314453,74.13947296142578,78.0572738647461,56.61471939086914,20.078500747680664
2022-11-25,62293.640625,1285.388427734375,3124.385986328125,1495.5787353515625,748.5277099609375,907.2952270507812,2027.327880859375,307.1639099121094,574.5061645507812,831.3053588867188,2428.78857421875,8.069999694824219,16.950000762939453,8.470000267028809,50.77839660644531,30.400754928588867,129.9979248046875,81.22632598876953,78.67115783691406,57.81080627441406,20.40250587463379
2022-11-28,62504.80078125,1330.083984375,3132.269287109375,1488.7005615234375,740.450927734375,913.8334350585938,2029.0972900390625,306.84808349609375,575.6884155273438,822.1265258789062,2418.159912109375,8.079999923706055,17.200000762939453,8.8100004196167,50.63616180419922,32.124263763427734,131.22384643554688,80.6316146850586,77.4906005859375,58.55835723876953,20.31414222717285
2022-11-29,62681.83984375,1331.5574951171875,3131.992431640625,1493.3319091796875,739.4789428710938,924.079833984375,2014.89208984375,308.924072265625,575.4047241210938,820.4085693359375,2521.47412109375,8.069999694824219,17.049999237060547,8.760000228881836,49.73533248901367,33.752017974853516,129.89984130859375,80.43338775634766,78.10448455810547,57.76096725463867,19.872316360473633
2022-11-30,63099.6484375,1342.0435791015625,3127.659423828125,1497.0921630859375,744.6166381835938,930.3740234375,2042.0733642578125,306.93829345703125,569.8246459960938,833.1216430664062,2566.237060546875,8.25,17.149999618530273,9.239999771118164,48.64485168457031,31.45400619506836,128.87005615234375,82.91130828857422,80.13501739501953,58.40884780883789,19.420673370361328
2022-12-01,63284.19140625,1337.4022216796875,3203.905517578125,1520.203369140625,749.4303588867188,917.2488403320312,2067.927490234375,306.4869689941406,575.0736083984375,832.4834594726562,2549.480712890625,8.170000076293945,17.049999237060547,9.050000190734863,50.44651412963867,32.79451370239258,130.14501953125,83.95203399658203,81.0794448852539,58.55835723876953,19.931224822998047
2022-12-02,62868.5,1337.2548828125,3170.85302734375,1502.7322998046875,743.8528442382812,908.31982421875,2049.10205078125,304.2303771972656,574.6007080078125,833.3179321289062,2504.143310546875,8.289999961853027,17.399999618530273,9.460000038146973,51.20510482788086,32.98601531982422,130.68443298339844,89.75038146972656,81.88220977783203,58.75770568847656,19.931224822998047
2022-12-05,62834.6015625,1317.706787109375,3157.71533203125,1504.5206298828125,746.259765625,911.00341796875,2050.085205078125,303.869384765625,583.6801147460938,828.45849609375,2508.35595703125,8.170000076293945,17.450000762939453,9.989999771118164,52.24817657470703,32.22001266479492,134.65646362304688,86.8759994506836,83.20440673828125,60.20297622680664,20.029409408569336
2022-12-06,62626.359375,1320.3590087890625,3120.237060546875,1479.162353515625,746.0977783203125,899.5371704101562,2058.3427734375,304.4560546875,575.9721069335938,817.9542846679688,2541.294189453125,8.069999694824219,17.5,10.210000038146973,52.58005905151367,31.597637176513672,132.1555633544922,87.222900390625,81.17388153076172,60.103302001953125,20.716693878173828
2022-12-07,62410.6796875,1301.52294921875,3116.77978515625,1472.0091552734375,745.1720581054688,899.8299560546875,2087.48974609375,306.93829345703125,574.08056640625,819.1323852539062,2592.424560546875,8.0,17.450000762939453,9.84000015258789,52.58005905151367,31.645511627197266,129.60562133789062,86.28128051757812,80.60723114013672,59.05672836303711,21.796710968017578
2022-12-08,62570.6796875,1301.3265380859375,3088.8447265625,1485.6739501953125,749.59228515625,909.0517578125,2130.547119140625,305.3586730957031,578.5256958007812,817.8070068359375,2586.48828125,8.029999732971191,17.75,9.779999732971191,54.71360778808594,30.831632614135742,133.18536376953125,86.72731018066406,81.0322265625,59.5052604675293,23.07309341430664
2022-12-09,62181.671875,1281.4837646484375,3035.693115234375,1438.8095703125,755.053955078125,908.1734619140625,2117.767822265625,307.8860778808594,583.0181274414062,819.7213745117188,2605.542236328125,7.96999979019165,19.700000762939453,9.329999923706055,53.33865737915039,29.682626724243164,131.32191467285156,84.74497985839844,79.8044662475586,58.3590087890625,23.17127799987793
2022-12-12,62130.5703125,1283.0308837890625,3028.179931640625,1418.8623046875,760.7239990234375,906.8560180664062,2125.287841796875,309.6461181640625,579.8024291992188,812.7513427734375,2600.13232421875,7.929999828338623,21.049999237060547,10.260000228881836,55.140316009521484,31.98063850402832,131.32191467285156,85.93437957763672,80.18224334716797,58.85737991333008,23.80946922302246
2022-12-13,62533.30078125,1288.9002685546875,3071.880126953125,1442.340576171875,762.9456176757812,909.2957153320312,2134.774169921875,311.767333984375,583.2072143554688,822.7645874023438,2594.435791015625,7.909999847412109,23.950000762939453,10.109999656677246,56.8471565246582,32.36363983154297,133.4795684814453,84.94320678710938,79.47391510009766,59.953792572021484,28.52227020263672
2022-12-14,62677.91015625,1284.3323974609375,3102.120849609375,1449.2646484375,769.0784301757812,898.7564697265625,2157.482421875,311.6319580078125,591.6245727539062,813.7329711914062,2571.3115234375,8.670000076293945,22.100000381469727,10.890000343322754,56.18338394165039,32.50726318359375,134.06800842285156,84.84408569335938,80.41835021972656,62.44563674926758,32.695064544677734
2022-12-15,61799.03125,1266.5770263671875,3046.665283203125,1411.80078125,754.7762451171875,886.656005859375,2139.8369140625,305.80999755859375,582.1195678710938,810.9841918945312,2549.145751953125,8.399999618530273,22.450000762939453,10.9399995803833,56.23079299926758,31.50188446044922,135.1958770751953,83.25822448730469,78.90725708007812,62.44563674926758,34.90419006347656
2022-12-16,61337.80859375,1259.872802734375,2985.401123046875,1396.1639404296875,758.4791259765625,880.4594116210938,2136.93701171875,302.5154113769531,570.5812377929688,807.0082397460938,2556.901123046875,8.319999694824219,21.200000762939453,10.75,53.812774658203125,30.73587989807129,133.38150024414062,80.18560028076172,78.01004028320312,61.747920989990234,35.73875045776367
2022-12-19,61806.19140625,1277.01416015625,2951.7490234375,1382.6365966796875,761.1636352539062,884.3140258789062,2147.0625,307.25421142578125,572.1417846679688,824.4335327148438,2602.19091796875,8.369999885559082,21.399999618530273,11.630000114440918,53.14900588989258,31.45400619506836,134.46031188964844,83.05998992919922,78.3878173828125,62.34596252441406,32.940521240234375
2022-12-20,61702.2890625,1287.402099609375,2989.826416015625,1382.5447998046875,755.1234130859375,887.4854736328125,2126.369384765625,306.93829345703125,571.8107299804688,812.4076538085938,2560.635498046875,8.25,21.350000381469727,11.520000457763672,52.627471923828125,34.08714294433594,132.30267333984375,83.25822448730469,77.30171966552734,61.29938888549805,30.68230628967285
2022-12-21,61067.23828125,1269.35205078125,3012.18359375,1384.6541748046875,748.59716796875,870.7984619140625,2109.55908203125,302.56060791015625,561.2182006835938,798.860107421875,2552.831787109375,8.010000228881836,19.899999618530273,10.210000038146973,50.399105072021484,30.975252151489258,128.2816162109375,80.43338775634766,76.87672424316406,58.75770568847656,31.320497512817383
2022-12-22,60826.21875,1266.1595458984375,3004.392822265625,1394.9716796875,745.5422973632812,868.8955688476562,2073.62890625,299.9880676269531,561.1708374023438,801.9525756835938,2532.05419921875,8.010000228881836,18.950000762939453,9.949999809265137,50.96805191040039,29.9220027923584,125.43744659423828,78.20326232910156,74.32676696777344,56.76423263549805,32.10596466064453
2022-12-23,59845.2890625,1228.6595458984375,2975.443115234375,1373.4195556640625,739.4789428710938,857.966064453125,2027.08203125,294.57232666015625,542.822998046875,793.5098876953125,2508.500244140625,7.679999828338623,17.450000762939453,8.989999771118164,47.12766647338867,26.666486740112305,120.28852844238281,73.29696655273438,70.54902648925781,52.777278900146484,28.915006637573242
2022-12-26,60566.421875,1239.9317626953125,3001.765869140625,1377.7301025390625,753.5960083007812,870.8472900390625,2052.493408203125,301.9738464355469,564.386474609375,796.3568115234375,2505.579833984375,7.840000152587891,19.649999618530273,9.770000457763672,50.77839660644531,29.012372970581055,128.23255920410156,76.1218032836914,72.39067840576172,55.46847152709961,31.418682098388672
2022-12-27,60927.4296875,1250.0250244140625,3004.7158203125,1389.8817138671875,754.753173828125,878.8980102539062,2087.73583984375,300.619873046875,569.2098999023438,799.8418579101562,2480.588623046875,7.909999847412109,20.149999618530273,10.210000038146973,51.39475631713867,30.68800163269043,130.34117126464844,77.01385498046875,76.31007385253906,55.767494201660156,31.81141471862793
2022-12-28,60910.28125,1249.730224609375,3002.180908203125,1385.6170654296875,754.1976928710938,876.9951171875,2084.835693359375,301.9287414550781,568.5951538085938,788.7485961914062,2474.221435546875,7.960000038146973,20.149999618530273,10.069999694824219,52.011112213134766,31.16675567626953,131.0277099609375,76.51826477050781,76.21562194824219,55.61798095703125,30.878673553466797
2022-12-29,61133.87890625,1248.797119140625,3014.119873046875,1391.716064453125,759.4974365234375,884.8019409179688,2074.808837890625,302.6057434082031,579.0932006835938,804.4558715820312,2458.18359375,7.889999866485596,20.149999618530273,10.119999885559082,52.43782424926758,31.31038475036621,134.8526153564453,78.1041488647461,76.45172882080078,56.515045166015625,30.240480422973633
2022-12-30,60840.73828125,1251.572021484375,3004.900634765625,1383.645263671875,753.2025756835938,869.4322509765625,2050.9208984375,299.3562316894531,579.9443969726562,791.939208984375,2450.9541015625,7.900000095367432,20.600000381469727,10.609999656677246,53.52830505371094,31.11888313293457,136.27468872070312,78.5006103515625,77.96282196044922,58.60819625854492,30.927764892578125
2023-01-02,61167.7890625,1264.808837890625,3006.190673828125,1397.9522705078125,754.0588989257812,881.1912841796875,2053.37841796875,300.3490905761719,579.0458374023438,798.7128295898438,2449.757568359375,8.0,21.649999618530273,10.720000267028809,54.19207763671875,31.50188446044922,134.99972534179688,79.39266204833984,83.95996856689453,60.900691986083984,30.78049087524414
2023-01-03,61294.19921875,1255.894287109375,3052.473388671875,1396.347412109375,758.9419555664062,880.020263671875,2053.37841796875,298.7695007324219,579.1404418945312,802.6397094726562,2432.761962890625,7.960000038146973,22.049999237060547,10.729999542236328,54.808433532714844,32.36363983154297,135.0487518310547,79.64044952392578,83.48774719238281,61.14987564086914,32.15505599975586
2023-01-04,60657.44921875,1236.812744140625,3055.423583984375,1370.9891357421875,745.4497680664062,877.2390747070312,2034.9954833984375,295.2492980957031,572.4254760742188,796.5531616210938,2428.980224609375,7.809999942779541,21.350000381469727,10.399999618530273,53.33865737915039,31.78913116455078,133.96994018554688,78.5006103515625,80.51278686523438,60.00362777709961,31.76232147216797
2023-01-05,60353.26953125,1234.5289306640625,3052.01220703125,1352.922119140625,740.4277954101562,857.7708740234375,2049.7900390625,300.89068603515625,572.3782348632812,792.0863647460938,2471.588623046875,7.869999885559082,21.450000762939453,10.260000228881836,53.812774658203125,31.406129837036133,134.06800842285156,81.22632598876953,82.44888305664062,60.15313720703125,31.615047454833984
2023-01-06,59900.37109375,1246.19384765625,2961.337890625,1328.756103515625,737.9515380859375,849.1834106445312,2050.87158203125,302.4703063964844,568.0276489257812,782.0239868164062,2467.471435546875,7.789999961853027,21.100000381469727,10.210000038146973,53.480892181396484,31.358257293701172,131.95941162109375,81.02809143066406,81.0794448852539,59.305912017822266,30.436847686767578
2023-01-09,60747.30859375,1275.3197021484375,3060.63232421875,1361.451171875,739.36328125,852.6964721679688,2083.90185546875,305.13299560546875,574.8844604492188,804.30859375,2511.085205078125,7.449999809265137,21.200000762939453,10.229999542236328,54.144657135009766,31.262508392333984,133.1363067626953,80.68119049072266,82.82664489746094,59.5052604675293,30.436847686767578
2023-01-10,60115.48046875,1256.3609619140625,3029.7470703125,1348.5201416015625,726.3571166992188,839.6688842773438,2070.72900390625,300.9358215332031,562.873291015625,778.3425903320312,2531.336181640625,7.25,20.649999618530273,10.0600004196167,52.24817657470703,30.73587989807129,132.5968780517578,79.14486694335938,82.7322006225586,58.65803146362305,29.111371994018555
2023-01-11,60105.5,1240.4228515625,3069.068115234375,1349.48291015625,736.3084716796875,846.8901977539062,2088.817138671875,299.4465026855469,564.1973266601562,751.3948974609375,2483.605224609375,7.460000038146973,20.049999237060547,10.119999885559082,53.480892181396484,30.831632614135742,132.00845336914062,80.28471374511719,83.95996856689453,59.60493087768555,29.6022891998291
2023-01-12,59958.03125,1214.195068359375,3074.3701171875,1357.8287353515625,740.4277954101562,840.4008178710938,2123.567626953125,297.55096435546875,562.7313842773438,743.0012817382812,2478.769775390625,7.329999923706055,19.899999618530273,9.970000267028809,52.959354400634766,31.406129837036133,132.4497833251953,79.24398040771484,83.01553344726562,59.405582427978516,29.356828689575195
2023-01-13,60261.1796875,1211.8619384765625,3110.879638671875,1378.87646484375,740.9600830078125,852.1597290039062,2117.226806640625,296.7837219238281,567.5074462890625,750.4132080078125,2510.319091796875,7.309999942779541,20.149999618530273,10.039999961853027,53.86018371582031,32.555137634277344,135.78431701660156,79.98736572265625,83.91273498535156,60.00362777709961,29.504104614257812
2023-01-16,60092.96875,1200.7371826171875,3144.06982421875,1398.8236083984375,733.7395629882812,844.6456909179688,2101.9404296875,297.7766418457031,570.2975463867188,745.0138549804688,2486.764404296875,7.21999979019165,20.149999618530273,10.010000228881836,55.851497650146484,31.693382263183594,137.5496826171875,78.99618530273438,82.96831512451172,60.45216369628906,31.958688735961914
2023-01-17,60655.71875,1217.3629150390625,3185.983154296875,1412.1217041015625,744.5471801757812,844.5968627929688,2175.619384765625,299.9429016113281,560.7926025390625,751.9348754882812,2553.0712890625,7.289999961853027,20.100000381469727,9.989999771118164,54.71360778808594,31.262508392333984,135.2939453125,79.04574584960938,82.2599868774414,59.006893157958984,31.12413215637207
2023-01-18,61045.73828125,1215.4228515625,3197.01513671875,1416.9825439453125,757.669189453125,848.4515380859375,2228.015625,302.1543884277344,559.3265991210938,762.6353759765625,2572.604736328125,7.320000171661377,20.350000381469727,9.8100004196167,53.812774658203125,31.597637176513672,134.06800842285156,80.13603210449219,85.61271667480469,59.05672836303711,30.38775634765625
2023-01-19,60858.4296875,1213.7037353515625,3179.901123046875,1413.543212890625,760.978515625,845.3776245117188,2234.061767578125,299.762451171875,557.9080200195312,757.7760009765625,2537.607666015625,7.420000076293945,20.149999618530273,9.680000305175781,54.23948669433594,31.741260528564453,133.38150024414062,79.24398040771484,86.9349365234375,59.25607681274414,30.829580307006836
2023-01-20,60621.76953125,1199.7547607421875,3169.7646484375,1399.007080078125,768.7081909179688,849.3786010742188,2208.354736328125,302.1092529296875,559.9887084960938,750.4132080078125,2440.0390625,7.260000228881836,19.799999237060547,10.029999732971191,54.049835205078125,31.693382263183594,131.7142333984375,80.08648681640625,86.41548919677734,59.15639877319336,30.289573669433594
2023-01-23,60941.671875,1193.3206787109375,3219.12646484375,1419.50439453125,774.1929931640625,850.5007934570312,2195.477294921875,304.7268981933594,567.8858032226562,758.5613403320312,2487.38720703125,7.090000152587891,18.149999618530273,9.760000228881836,53.86018371582031,31.406129837036133,133.2834014892578,79.54133605957031,87.87936401367188,59.106563568115234,29.896841049194336
2023-01-24,60978.75,1186.223388671875,3239.729736328125,1423.6771240234375,784.6766357421875,849.7689208984375,2169.623046875,305.9454040527344,562.1166381835938,761.31005859375,2487.961669921875,7.079999923706055,18.200000762939453,9.649999618530273,52.627471923828125,31.262508392333984,132.40074157714844,77.65811157226562,85.84882354736328,58.60819625854492,28.915006637573242
2023-01-25,60205.05859375,1170.407958984375,3235.6748046875,1415.0106201171875,762.876220703125,834.6432495117188,2138.0673828125,306.5772399902344,537.9522705078125,762.04638671875,2509.45751953125,6.769999980926514,17.899999618530273,9.489999771118164,50.873226165771484,30.592256546020508,129.7036895751953,76.0722427368164,84.8099594116211,56.76423263549805,29.700471878051758
2023-01-27,59330.8984375,1148.2076416015625,3215.73193359375,1392.40380859375,747.9028930664062,797.8049926757812,2123.567626953125,311.99298095703125,510.9033508300781,760.2793579101562,2500.887939453125,6.409999847412109,17.549999237060547,9.079999923706055,48.17073059082031,30.017751693725586,129.50755310058594,72.6527099609375,83.06275177001953,55.518306732177734,27.88408088684082
2023-01-30,59500.41015625,1154.8629150390625,3239.305419921875,1411.525634765625,747.185546875,803.318603515625,2078.740966796875,311.0904235839844,509.1536560058594,756.2542724609375,2462.013427734375,6.789999961853027,17.100000381469727,8.960000038146973,48.07590866088867,29.874126434326172,130.4392547607422,73.39608764648438,82.02388763427734,56.26586151123047,27.83498764038086
2023-01-31,59549.8984375,1156.1397705078125,3165.804443359375,1406.06884765625,742.1635131835938,811.5645141601562,2089.06298828125,317.95037841796875,523.6712036132812,756.1560668945312,2468.045654296875,7.070000171661377,17.25,9.800000190734863,50.825809478759766,31.645511627197266,131.91036987304688,77.80679321289062,85.56549835205078,57.9603157043457,29.111371994018555
2023-02-01,59708.078125,1148.35498046875,3213.138916015625,1421.017578125,753.0869140625,826.2022705078125,2108.182861328125,326.2545166015625,498.51373291015625,754.2908935546875,2461.774169921875,6.699999809265137,16.899999618530273,9.210000038146973,47.69660949707031,30.209251403808594,128.7229461669922,74.9323959350586,84.00718688964844,56.365535736083984,28.12953758239746
2023-02-02,59932.23828125,1142.8294677734375,3264.339599609375,1452.0618896484375,742.0709838867188,836.7413940429688,2109.21533203125,341.7345886230469,499.3649597167969,763.2734985351562,2522.3359375,6.820000171661377,16.850000381469727,9.220000267028809,48.218143463134766,30.257125854492188,130.7334747314453,74.88284301757812,84.05441284179688,59.405582427978516,27.540437698364258
2023-02-03,60841.87890625,1143.9345703125,3283.103515625,1466.5980224609375,767.7362670898438,842.88916015625,2130.0556640625,343.44952392578125,514.9228515625,778.5389404296875,2533.44287109375,6.889999866485596,16.450000762939453,9.069999694824219,49.11897659301758,29.826250076293945,130.83154296875,74.28813171386719,81.22111511230469,58.60819625854492,27.58953094482422
2023-02-06,60506.8984375,1135.314697265625,3262.50048828125,1440.32275390625,764.5194091796875,832.935546875,2118.308349609375,345.9769287109375,515.7739868164062,774.9556884765625,2521.665771484375,8.260000228881836,16.649999618530273,9.079999923706055,48.73967742919922,28.916622161865234,130.19407653808594,73.99079132080078,79.8044662475586,59.55509567260742,27.19679832458496
2023-02-07,60286.0390625,1132.5640869140625,3272.54248046875,1432.8485107421875,765.2831420898438,831.1302490234375,2129.1708984375,336.81524658203125,517.4291381835938,770.9797973632812,2489.158203125,7.940000057220459,16.850000381469727,8.949999809265137,48.64485168457031,28.62937355041504,128.57583618164062,74.38725280761719,77.8211669921875,59.65476989746094,26.607696533203125
2023-02-08,60663.7890625,1155.1085205078125,3317.850341796875,1457.931396484375,765.3756713867188,837.961181640625,2094.616943359375,339.0718078613281,519.7462768554688,760.9173583984375,2473.359619140625,7.920000076293945,17.100000381469727,9.020000457763672,48.88191223144531,29.06024932861328,128.77198791503906,75.42798614501953,79.85169219970703,59.305912017822266,27.736804962158203
2023-02-09,60806.21875,1156.8765869140625,3339.018798828125,1483.6103515625,763.3853759765625,840.1568603515625,2110.1982421875,337.8984069824219,520.78662109375,752.5238647460938,2476.998291015625,7.869999885559082,16.850000381469727,9.199999809265137,48.40779113769531,28.820873260498047,127.39893341064453,75.67577362060547,80.56000518798828,58.60819625854492,27.098613739013672
2023-02-10,60682.69921875,1147.52001953125,3333.644287109375,1474.6685791015625,766.6947631835938,833.1307373046875,2126.27099609375,335.1454162597656,522.9619140625,756.4506225585938,2468.572265625,7.880000114440918,17.049999237060547,9.140000343322754,48.59743881225586,28.820873260498047,128.87005615234375,74.68460083007812,79.8044662475586,57.91047668457031,27.638620376586914
2023-02-13,60431.83984375,1140.8402099609375,3283.9521484375,1437.4796142578125,767.6898803710938,829.7640380859375,2166.329833984375,337.6727600097656,508.1606140136719,753.84912109375,2468.8115234375,7.860000133514404,16.700000762939453,9.069999694824219,47.60178756713867,28.62937355041504,127.8893051147461,70.86859893798828,78.67115783691406,57.26259994506836,27.393163681030273
2023-02-14,61032.26171875,1167.68212890625,3299.416015625,1460.63671875,774.4938354492188,844.4993896484375,2151.9775390625,348.8653259277344,511.3289489746094,761.1627807617188,2470.056640625,7.690000057220459,16.450000762939453,8.819999694824219,48.218143463134766,27.91124153137207,127.20279693603516,70.3730239868164,79.52113342285156,57.06325149536133,26.902246475219727
2023-02-15,61275.08984375,1193.5662841796875,3318.03857421875,1464.48876953125,772.36474609375,849.7689208984375,2138.31298828125,350.332275390625,512.794921875,770.587158203125,2439.7998046875,7.75,16.450000762939453,8.979999542236328,48.218143463134766,28.48574447631836,127.10472869873047,71.06682586669922,79.47391510009766,57.26259994506836,26.75497055053711
2023-02-16,61319.51171875,1193.3450927734375,3351.088134765625,1469.1658935546875,770.5364379882812,848.1588134765625,2142.196044921875,350.5615234375,510.8087463378906,770.5380859375,2418.878173828125,7.489999771118164,16.25,8.899999618530273,48.218143463134766,27.719741821289062,127.7912368774414,72.30579376220703,80.9850082397461,56.91373825073242,26.116779327392578
2023-02-17,61002.5703125,1198.3551025390625,3299.887451171875,1452.199462890625,766.6254272460938,841.4254150390625,2188.939697265625,351.38665771484375,502.1077575683594,762.2427368164062,2408.154296875,7.230000019073486,16.100000381469727,8.899999618530273,47.12766647338867,27.528240203857422,124.60381317138672,71.76065826416016,81.41000366210938,55.717655181884766,25.67495346069336
2023-02-20,60691.5390625,1186.297119140625,3287.111572265625,1461.18701171875,758.98828125,831.5205078125,2187.416015625,352.0743408203125,496.62225341796875,764.8441162109375,2403.9892578125,7.079999923706055,16.600000381469727,8.539999961853027,46.938018798828125,27.240989685058594,123.6230697631836,70.91815948486328,81.3155517578125,54.82059097290039,24.9876708984375
2023-02-21,60672.71875,1195.727294921875,3252.506103515625,1448.34765625,762.2976684570312,833.4234619140625,2190.611083984375,350.5156555175781,494.87261962890625,764.8441162109375,2408.728271484375,7.019999980926514,16.700000762939453,8.420000076293945,46.558719635009766,27.00161361694336,124.89803314208984,70.17478942871094,82.35443115234375,54.42189407348633,23.80946922302246
2023-02-22,59744.98046875,1168.4678955078125,3206.444091796875,1433.031982421875,747.3012084960938,818.1026611328125,2153.25537109375,351.9367980957031,488.3468017578125,758.4140014648438,2387.328857421875,7.019999980926514,16.299999237060547,8.3100004196167,45.32600021362305,26.666486740112305,122.74039459228516,68.29155731201172,79.89891052246094,53.22581100463867,24.00583839416504
2023-02-23,59605.80078125,1162.84423828125,3219.220947265625,1422.8978271484375,742.1172485351562,819.8103637695312,2123.174560546875,355.375,492.55548095703125,748.5969848632812,2384.264892578125,6.679999828338623,16.399999618530273,8.15999984741211,45.70530319213867,26.570735931396484,125.38841247558594,68.34111785888672,80.22945404052734,53.62450408935547,24.9876708984375
2023-02-24,59463.9296875,1171.807861328125,3205.972900390625,1422.851806640625,735.220703125,819.3712158203125,2097.66455078125,352.8995056152344,492.6973571777344,743.3449096679688,2378.6630859375,6.75,16.149999618530273,8.430000305175781,45.08894348144531,26.666486740112305,124.7018814086914,67.79598236083984,78.34059143066406,54.12287521362305,24.54584503173828
2023-02-27,59288.3515625,1163.6055908203125,3141.665283203125,1384.287353515625,737.1646728515625,835.7167358398438,2077.51220703125,350.3781433105469,499.3177185058594,739.074462890625,2363.487060546875,6.679999828338623,16.399999618530273,8.100000381469727,45.6104736328125,25.948360443115234,126.12397766113281,66.45790100097656,78.34059143066406,54.22254943847656,24.644027709960938
2023-02-28,58962.12109375,1140.4473876953125,3124.97607421875,1364.0191650390625,741.1452026367188,834.0089721679688,2070.237548828125,345.4729309082031,494.39971923828125,729.3556518554688,2353.19384765625,6.829999923706055,17.450000762939453,8.1899995803833,45.8475341796875,25.804733276367188,126.61434936523438,69.1340560913086,78.10448455810547,54.9701042175293,25.429494857788086
2023-03-01,59411.078125,1150.908935546875,3192.583740234375,1372.5941162109375,739.5252685546875,835.3751831054688,2079.0849609375,347.0774230957031,507.68768310546875,736.4729614257812,2360.231201171875,6.900000095367432,18.299999237060547,8.390000343322754,47.51644515991211,26.245187759399414,131.81228637695312,72.11747741699219,80.54112243652344,55.52827453613281,25.684772491455078
2023-03-02,58909.3515625,1143.3450927734375,3131.576171875,1350.0791015625,733.4618530273438,833.3258666992188,2085.376708984375,344.4643859863281,504.85040283203125,726.6559448242188,2349.89013671875,6.949999809265137,17.489999771118164,8.239999771118164,47.18455505371094,27.27928924560547,130.68443298339844,74.08989715576172,81.4666748046875,54.98006820678711,25.478586196899414
2023-03-03,59808.96875,1171.4395751953125,3151.943359375,1357.1409912109375,747.7640380859375,847.8171997070312,2114.916748046875,352.8077697753906,530.6698608398438,750.6094970703125,2365.06689453125,6.900000095367432,16.860000610351562,8.510000228881836,49.10000991821289,26.992040634155273,131.61614990234375,74.04035186767578,82.87387084960938,56.076480865478516,27.501163482666016
2023-03-06,60224.4609375,1182.6134033203125,3179.052490234375,1382.5906982421875,752.7628173828125,846.98779296875,2104.300048828125,355.9251708984375,531.1900634765625,752.4747314453125,2379.142333984375,6.949999809265137,16.889999389648438,8.59000015258789,48.63536834716797,26.992040634155273,131.51806640625,74.25840759277344,82.65664672851562,56.953609466552734,26.75497055053711
2023-03-08,60348.08984375,1187.4022216796875,3196.2138671875,1368.7882080078125,754.637451171875,851.1839599609375,2133.152099609375,359.6842346191406,534.169189453125,752.4256591796875,2379.28564453125,6.929999828338623,16.690000534057617,8.619999885559082,48.82502365112305,26.867563247680664,133.2834014892578,77.37067413330078,82.53387451171875,57.46194839477539,26.676424026489258
2023-03-09,59806.28125,1159.2095947265625,3146.9462890625,1358.0120849609375,755.1697387695312,835.3751831054688,2156.155517578125,355.65008544921875,528.7783203125,759.6902465820312,2355.204345703125,6.869999885559082,16.579999923706055,8.710000038146973,48.22762680053711,26.70478630065918,131.61614990234375,76.70658874511719,82.86442565917969,56.9835090637207,26.558603286743164
2023-03-10,59135.12890625,1141.03662109375,3140.9111328125,1349.3912353515625,735.3132934570312,822.4451904296875,2121.10986328125,355.7875671386719,517.5709838867188,759.54296875,2358.4599609375,6.769999980926514,16.520000457763672,8.40999984741211,47.35524368286133,26.848413467407227,130.48828125,76.28038787841797,83.18553161621094,55.89706802368164,26.175687789916992
2023-03-13,58237.8515625,1122.249755859375,3095.038818359375,1315.8709716796875,726.05615234375,807.4658813476562,2099.974609375,351.9367980957031,500.97283935546875,751.7384643554688,2348.6455078125,6.590000152587891,15.649999618530273,8.09000015258789,45.686336517333984,26.216459274291992,126.95760345458984,73.57450103759766,82.17499542236328,54.571407318115234,25.02694320678711
2023-03-14,57900.19140625,1118.1241455078125,3033.230224609375,1303.2603759765625,724.2973022460938,810.588623046875,2107.88818359375,348.1777038574219,496.7641296386719,757.726806640625,2340.36328125,6.570000171661377,15.550000190734863,7.96999979019165,45.67685317993164,25.967512130737305,125.38841247558594,74.09982299804688,81.91998291015625,54.58137130737305,24.349477767944336
2023-03-15,57555.8984375,1098.6497802734375,3016.1630859375,1301.7015380859375,713.1426391601562,805.221435546875,2138.85400390625,347.6275329589844,489.3871765136719,742.5595703125,2303.834716796875,6.409999847412109,15.369999885559082,7.929999828338623,45.24066162109375,25.85260772705078,124.16246795654297,74.42689514160156,82.78887939453125,54.58137130737305,24.398571014404297
2023-03-16,57634.83984375,1093.3450927734375,3002.96240234375,1289.641357421875,718.0950927734375,803.6600341796875,2137.182861328125,349.78216552734375,496.0075378417969,732.1535034179688,2355.30029296875,6.440000057220459,14.890000343322754,7.929999828338623,45.544097900390625,25.890911102294922,124.84900665283203,74.8233642578125,80.59778594970703,55.17941665649414,24.585119247436523
2023-03-17,57989.8984375,1091.871826171875,2997.493408203125,1303.0770263671875,727.861328125,816.2485961914062,2159.30126953125,344.51025390625,500.4999694824219,743.3939819335938,2344.3369140625,6.389999866485596,15.020000457763672,7.989999771118164,45.46824264526367,25.81431007385254,125.92781829833984,75.5865707397461,83.66718292236328,55.029903411865234,24.437841415405273
2023-03-20,57628.94921875,1081.3363037109375,2961.897705078125,1287.4404296875,722.5616455078125,816.29736328125,2141.26220703125,347.26080322265625,490.9476318359375,740.8906860351562,2403.797607421875,6.329999923706055,15.359999656677246,7.739999771118164,44.51051712036133,25.61323356628418,126.5653076171875,73.62405395507812,81.7216567993164,54.11290740966797,23.868379592895508
2023-03-21,58074.6796875,1114.9560546875,2928.613037109375,1275.7471923828125,731.0319213867188,831.7645263671875,2170.901123046875,345.7021179199219,493.4539489746094,742.8049926757812,2358.508056640625,6.320000171661377,15.289999961853027,7.800000190734863,45.344970703125,25.68025779724121,126.27108001708984,75.17028045654297,82.17499542236328,55.52827453613281,24.428024291992188
2023-03-22,58214.58984375,1118.1978759765625,2951.997314453125,1274.27978515625,729.1341552734375,839.1322021484375,2176.06201171875,346.2523193359375,493.217529296875,741.2342529296875,2371.24267578125,6.539999961853027,15.3100004196167,7.820000171661377,45.3734130859375,25.804733276367188,126.51627349853516,73.48528289794922,80.27667999267578,55.88710021972656,24.408388137817383
2023-03-23,57925.28125,1103.905029296875,2945.6796875,1260.5689697265625,723.2791137695312,835.2288818359375,2168.689208984375,348.59027099609375,484.894775390625,748.5969848632812,2379.572998046875,6.429999828338623,15.210000038146973,7.75,44.44413757324219,25.670682907104492,124.60381317138672,73.6042251586914,81.04166412353516,54.95016860961914,23.99601936340332
2023-03-24,57527.1015625,1082.2694091796875,2943.275634765625,1266.02587890625,722.8624877929688,831.4718017578125,2126.41845703125,347.21502685546875,478.1798095703125,748.302490234375,2375.072509765625,6.269999980926514,15.069999694824219,7.559999942779541,43.211421966552734,25.41215705871582,124.21151733398438,71.22543334960938,78.73876190185547,53.95343017578125,23.475645065307617
2023-03-27,57653.859375,1098.968994140625,2942.002685546875,1273.775390625,724.5750122070312,827.666015625,2117.12841796875,348.59027099609375,482.3411865234375,747.9097900390625,2391.062744140625,6.039999961853027,15.0600004196167,7.230000019073486,43.2398681640625,24.85680389404297,122.98558807373047,70.4225845336914,77.54429626464844,52.9367561340332,22.72945213317871
2023-03-28,57613.71875,1104.1015625,2937.66552734375,1263.2288818359375,731.3790283203125,834.4968872070312,2096.97607421875,348.0401306152344,480.54425048828125,734.4605712890625,2376.4130859375,5.909999847412109,14.770000457763672,7.079999923706055,42.595062255859375,24.445079803466797,123.32884216308594,69.53052520751953,77.16206359863281,52.57793045043945,22.13053321838379
2023-03-29,57960.08984375,1097.86376953125,2958.974853515625,1268.822998046875,735.1976318359375,830.4471435546875,2110.591552734375,350.744873046875,488.3468017578125,729.8464965820312,2420.888916015625,5.880000114440918,14.960000038146973,7.949999809265137,43.818294525146484,25.22065544128418,126.71241760253906,69.59991455078125,78.9203109741211,54.232513427734375,24.104019165039062
2023-03-31,58991.51953125,1144.9169921875,3022.810546875,1309.359375,745.0795288085938,856.014404296875,2128.04052734375,351.570068359375,495.2981872558594,735.2949829101562,2449.996826171875,5.820000171661377,15.050000190734863,7.900000095367432,44.29241943359375,25.4696102142334,129.7036895751953,69.51069641113281,79.29298400878906,54.84052658081055,23.93710708618164
2023-04-03,59106.44140625,1145.2606201171875,3016.63427734375,1293.997802734375,745.3572998046875,862.8941040039062,2134.13525390625,347.4441833496094,498.0882263183594,746.7808837890625,2428.070068359375,6.150000095367432,15.34000015258789,8.09000015258789,44.870845794677734,26.647336959838867,130.68443298339844,69.1836166381836,80.0478744506836,55.33889389038086,25.54731559753418
2023-04-05,59689.30859375,1142.19091796875,3052.04150390625,1305.3699951171875,765.6070556640625,863.0404663085938,2218.725830078125,354.1372985839844,494.44696044921875,749.235107421875,2472.928955078125,6.239999771118164,15.270000457763672,8.119999885559082,44.27345275878906,26.26433563232422,126.0259017944336,67.4688949584961,78.8438720703125,54.73088455200195,24.997486114501953
2023-04-06,59832.96875,1149.803955078125,3037.802978515625,1304.2236328125,771.25390625,853.5260009765625,2236.175048828125,355.05413818359375,499.3177185058594,752.0819702148438,2454.640869140625,6.260000228881836,15.380000114440918,8.170000076293945,44.757057189941406,26.302637100219727,124.55477905273438,70.00629425048828,78.49029541015625,54.84052658081055,25.017126083374023
2023-04-10,59846.51171875,1141.7489013671875,3076.934326171875,1308.9925537109375,767.45849609375,847.3292846679688,2269.99169921875,356.38360595703125,497.7571716308594,755.3217163085938,2427.351806640625,6.150000095367432,15.1899995803833,8.0600004196167,44.61481857299805,26.360088348388672,124.55477905273438,70.68028259277344,78.75786590576172,53.91355895996094,24.428024291992188
2023-04-11,60157.71875,1147.49560546875,3030.7783203125,1290.421142578125,770.0504760742188,861.283935546875,2262.127197265625,363.1683349609375,503.1480407714844,760.1320190429688,2437.740966796875,6.110000133514404,15.229999542236328,8.170000076293945,44.82343292236328,26.398386001586914,125.82974243164062,71.30472564697266,78.8152084350586,53.50489807128906,24.997486114501953
2023-04-12,60392.76953125,1152.4560546875,3057.0390625,1310.0472412109375,779.7935180664062,868.4564208984375,2249.10205078125,360.7845153808594,499.6014404296875,757.0396728515625,2421.223876953125,6.179999828338623,15.390000343322754,8.109999656677246,44.64326858520508,26.178157806396484,124.84900665283203,71.00736236572266,79.0923080444336,53.74411392211914,24.81093978881836
2023-04-13,60431.0,1156.9993896484375,3007.771484375,1273.500244140625,783.7509765625,877.5317993164062,2219.610595703125,362.5723876953125,504.2357177734375,752.5238647460938,2426.298828125,6.090000152587891,15.369999885559082,8.09000015258789,45.25962448120117,26.31220817565918,125.63359832763672,71.17586517333984,77.95519256591797,53.85375213623047,25.782955169677734
2023-04-17,59910.75,1162.475830078125,2960.389404296875,1153.8173828125,771.60107421875,879.6787719726562,2175.619384765625,366.927490234375,514.4972534179688,745.7501220703125,2440.134521484375,6.079999923706055,15.319999694824219,8.149999618530273,46.25528335571289,26.369661331176758,128.77198791503906,71.95889282226562,78.54763793945312,54.9401969909668,27.020065307617188
2023-04-18,59727.01171875,1149.33740234375,2952.5634765625,1156.43115234375,767.5279541015625,874.7994995117188,2179.74853515625,365.3229675292969,516.1996459960938,745.1610107421875,2433.575927734375,6.059999942779541,16.649999618530273,8.029999732971191,46.558719635009766,27.059064865112305,129.16429138183594,74.75399017333984,78.59542846679688,56.315696716308594,26.862974166870117
2023-04-19,59567.80078125,1155.03466796875,2912.39501953125,1130.0640869140625,771.0918579101562,870.2129516601562,2181.517822265625,365.277099609375,511.0451965332031,750.904052734375,2418.2080078125,6.079999923706055,16.540000915527344,7.980000019073486,45.989768981933594,26.628189086914062,129.115234375,74.68460083007812,79.015869140625,56.126319885253906,26.735334396362305
2023-04-20,59632.3515625,1152.1124267578125,2927.245849609375,1122.40625,773.8922119140625,872.7013549804688,2196.115966796875,367.0191345214844,515.1593017578125,758.364990234375,2387.04150390625,6.059999942779541,16.530000686645508,7.96999979019165,46.065635681152344,27.030338287353516,129.65464782714844,75.6163101196289,79.50320434570312,56.25589370727539,26.4898738861084
2023-04-21,59655.05859375,1153.6839599609375,2981.180908203125,1125.7080078125,774.725341796875,862.8453369140625,2177.438232421875,374.3081970214844,513.5042724609375,751.1494750976562,2391.82861328125,6.480000019073486,16.219999313354492,7.96999979019165,45.80012130737305,26.857986450195312,128.47776794433594,74.5557632446289,77.92652130126953,56.27582931518555,25.832046508789062
2023-04-24,60056.1015625,1157.7359619140625,2992.96728515625,1124.6533203125,781.506103515625,882.8013916015625,2192.08544921875,374.6291198730469,524.47509765625,746.2409057617188,2393.12158203125,6.369999885559082,15.720000267028809,7.96999979019165,46.672508239746094,28.29424476623535,129.5565948486328,75.95330810546875,78.404296875,58.010154724121094,26.94152069091797
2023-04-25,60130.7109375,1166.552490234375,2994.0517578125,1123.04833984375,770.0042114257812,891.0473022460938,2209.68212890625,377.1504821777344,531.1900634765625,758.2176513671875,2384.169189453125,6.329999923706055,15.5600004196167,8.1899995803833,47.250938415527344,29.471975326538086,130.7334747314453,76.43898010253906,78.34697723388672,58.47861862182617,27.27534294128418
2023-04-26,60300.578125,1160.142822265625,3017.058837890625,1125.753662109375,773.9847412109375,892.7550659179688,2236.4208984375,377.9298095703125,535.587890625,759.5921020507812,2398.244384765625,6.539999961853027,15.5,8.1899995803833,47.63023376464844,28.983652114868164,132.40074157714844,76.7759780883789,77.63029479980469,58.68793487548828,27.628801345825195
2023-04-27,60649.37890625,1167.7313232421875,3005.17822265625,1143.2247314453125,778.0809936523438,896.31689453125,2266.30517578125,381.2763366699219,534.31103515625,771.9124145507812,2363.29541015625,6.889999866485596,15.609999656677246,8.210000038146973,47.76298522949219,30.123075485229492,131.37095642089844,76.61739349365234,78.07941436767578,59.2461051940918,27.972444534301758
2023-04-28,61112.44140625,1188.70361328125,3032.428466796875,1148.7274169921875,781.3209838867188,895.5362548828125,2324.648681640625,389.8031311035156,546.7006225585938,784.380126953125,2350.081787109375,6.949999809265137,15.680000305175781,8.329999923706055,49.53620147705078,30.44862937927246,132.35171508789062,77.66802215576172,79.07320404052734,61.36915969848633,29.553197860717773
2023-05-02,61354.7109375,1198.9444580078125,3035.44580078125,1171.746826171875,780.603515625,899.439697265625,2343.32666015625,389.06964111328125,543.9579467773438,775.6920166015625,2347.20947265625,6.880000114440918,15.960000038146973,8.079999923706055,50.03876876831055,32.13383865356445,133.72476196289062,80.8298568725586,80.79322814941406,63.63175582885742,30.16193389892578
2023-05-03,61193.30078125,1188.50732421875,2998.766357421875,1164.1348876953125,783.1724243164062,900.7570190429688,2316.047119140625,391.6368103027344,539.2763671875,765.04052734375,2380.578369140625,6.929999828338623,16.139999389648438,8.109999656677246,49.84912109375,33.943519592285156,134.99972534179688,86.19208526611328,81.41434478759766,63.9307746887207,28.620454788208008
2023-05-04,61749.25,1202.259765625,3036.530517578125,1167.98681640625,799.441650390625,899.00048828125,2316.096435546875,389.2071533203125,548.5448608398438,774.5139770507812,2399.29736328125,7.010000228881836,16.059999465942383,8.569999694824219,50.560302734375,32.813663482666016,136.71603393554688,85.25047302246094,81.84434509277344,63.57194900512695,28.541908264160156
2023-05-05,61054.2890625,1199.0672607421875,3046.431396484375,1154.6885986328125,752.300048828125,904.5628662109375,2337.428466796875,393.19549560546875,545.0928344726562,773.1885986328125,2394.701416015625,6.920000076293945,15.9399995803833,8.630000114440918,49.69740676879883,33.359439849853516,125.3393783569336,80.00719451904297,79.02542114257812,63.07358169555664,28.00189971923828
2023-05-08,61764.25,1213.8265380859375,3064.440185546875,1161.2918701171875,761.5108642578125,915.5411376953125,2324.108154296875,395.53350830078125,551.7605590820312,779.4715576171875,2408.249755859375,6.920000076293945,16.110000610351562,8.5600004196167,49.40345001220703,33.36901092529297,126.12397766113281,80.89924621582031,80.53522491455078,63.98061752319336,27.776079177856445
2023-05-09,61761.328125,1217.657470703125,3096.45263671875,1165.28125,760.5619506835938,911.8817138671875,2333.54541015625,388.6570739746094,542.35009765625,779.4715576171875,2409.685791015625,6.829999923706055,16.100000381469727,8.359999656677246,47.68712615966797,31.530611038208008,126.1729965209961,78.76822662353516,80.45877075195312,64.36934661865234,26.980791091918945
2023-05-10,61940.19921875,1226.0810546875,3098.3857421875,1158.40283203125,764.6350708007812,913.5894775390625,2326.614990234375,390.0323486328125,541.0260009765625,781.4840087890625,2414.904541015625,6.760000228881836,15.960000038146973,8.380000114440918,45.98029327392578,31.34868049621582,126.71241760253906,79.8684310913086,80.20076751708984,63.84107208251953,26.686243057250977
2023-05-11,61904.51953125,1217.2401123046875,3094.189453125,1151.983154296875,765.4219360351562,916.712158203125,2203.63623046875,385.4021911621094,542.3028564453125,774.2686157226562,2481.64208984375,7.119999885559082,16.079999923706055,8.329999923706055,45.99925231933594,32.267887115478516,125.3393783569336,80.33426666259766,80.38233184814453,64.56868743896484,26.65678596496582
2023-05-12,62027.8984375,1220.0888671875,3086.882080078125,1142.3076171875,771.8555908203125,920.9570922851562,2183.238037109375,385.493896484375,546.7479248046875,777.0172729492188,2511.89892578125,7.019999980926514,15.960000038146973,8.239999771118164,46.056148529052734,31.913610458374023,123.52499389648438,80.33426666259766,79.42676544189453,65.32621002197266,26.637149810791016
2023-05-15,62345.7109375,1222.0780029296875,3067.458251953125,1154.4134521484375,775.8361206054688,921.2986450195312,2208.06005859375,392.3244934082031,550.3418579101562,783.3492431640625,2548.23583984375,7.090000152587891,15.819999694824219,8.239999771118164,46.397518157958984,32.02851104736328,124.99610900878906,79.73956298828125,80.46833038330078,66.55219268798828,26.40151023864746
2023-05-16,61932.46875,1205.2313232421875,3071.08837890625,1159.3658447265625,779.8853759765625,923.787109375,2189.136474609375,388.7029113769531,554.4086303710938,773.4340209960938,2561.4970703125,7.349999904632568,15.90999984741211,8.220000267028809,46.45441436767578,32.13383865356445,124.60381317138672,80.83976745605469,80.30589294433594,67.18014526367188,26.676424026489258
2023-05-17,61560.640625,1197.83935546875,3025.9228515625,1144.050048828125,776.04931640625,916.712158203125,2181.812744140625,392.09527587890625,554.6923828125,777.7536010742188,2548.810546875,7.070000171661377,15.920000076293945,8.640000343322754,46.77681350708008,32.535987854003906,125.19226837158203,81.57323455810547,79.16875457763672,66.73160552978516,26.65678596496582
2023-05-19,61729.6796875,1199.8040771484375,3037.850341796875,1163.6761474609375,780.1931762695312,931.5449829101562,2153.156982421875,384.9896240234375,543.8633422851562,790.6138916015625,2529.134033203125,7.03000020980835,15.649999618530273,8.5,46.71043395996094,32.076385498046875,123.77017974853516,79.38275146484375,78.55718994140625,66.60203552246094,26.048051834106445
2023-05-22,61963.6796875,1205.5504150390625,3109.700927734375,1185.87060546875,776.9491577148438,927.5440673828125,2178.962158203125,389.4363708496094,545.8494262695312,787.4232788085938,2524.6337890625,7.019999980926514,15.619999885559082,9.289999961853027,47.94315719604492,31.951908111572266,123.6230697631836,78.59972381591797,78.404296875,66.19337463378906,25.76331901550293
2023-05-23,61981.7890625,1205.3541259765625,3107.579345703125,1191.8775634765625,775.1732177734375,929.7885131835938,2159.890869140625,393.3330078125,550.0107421875,784.6744995117188,2516.447021484375,6.980000019073486,15.579999923706055,9.460000038146973,48.019012451171875,31.913610458374023,123.23077392578125,79.68009948730469,78.97765350341797,65.83454895019531,25.63568115234375
2023-05-24,61773.78125,1196.979736328125,3112.623779296875,1190.82275390625,765.1566772460938,917.68798828125,2147.2587890625,397.4130554199219,550.95654296875,786.343505859375,2501.55810546875,6.960000038146973,15.609999656677246,10.050000190734863,47.364723205566406,32.40193557739258,121.46542358398438,79.30345916748047,78.8438720703125,65.75480651855469,25.596406936645508
2023-05-25,61872.62109375,1197.7164306640625,3106.68359375,1196.3712158203125,762.29150390625,917.1024780273438,2168.49267578125,404.42706298828125,549.7743530273438,807.94091796875,2489.206298828125,6.989999771118164,15.520000457763672,9.789999961853027,47.0897331237793,30.640127182006836,120.92601013183594,81.14703369140625,78.65274047851562,67.75825500488281,25.75349998474121
2023-05-26,62501.69140625,1231.1153564453125,3138.978271484375,1208.1102294921875,765.0856323242188,927.5928344726562,2180.387451171875,406.8109130859375,554.07763671875,802.8851318359375,2538.900634765625,7.070000171661377,15.609999656677246,9.989999771118164,47.753501892089844,30.56352996826172,122.88751220703125,78.23298645019531,78.38519287109375,69.65204620361328,25.979320526123047
2023-05-30,62969.12890625,1237.4267578125,3125.5888671875,1213.2462158203125,775.2915649414062,927.2512817382812,2172.81787109375,412.35791015625,560.697998046875,803.27783203125,2543.44873046875,7.110000133514404,15.880000114440918,10.670000076293945,48.77760314941406,30.61140251159668,122.93653869628906,81.25605773925781,79.5892105102539,71.36643981933594,25.704410552978516
2023-05-31,62622.23828125,1215.471923828125,3103.1474609375,1212.512451171875,763.1202392578125,925.5435791015625,2169.033203125,408.27783203125,559.73388671875,841.7114868164062,2547.66162109375,7.170000076293945,16.18000030517578,11.739999771118164,49.166385650634766,30.84120750427246,122.78943634033203,81.12720489501953,78.83430480957031,71.21692657470703,25.822227478027344
2023-06-01,62428.5390625,1209.2586669921875,3133.603759765625,1210.0819091796875,759.6867065429688,913.4430541992188,2171.589111328125,403.235107421875,561.7103271484375,812.8984985351562,2583.0888671875,7.170000076293945,16.299999237060547,11.149999618530273,49.03363037109375,30.755027770996094,123.08365631103516,81.24614715576172,78.59542846679688,72.3631820678711,27.2851619720459
2023-06-02,62547.109375,1205.771484375,3115.782470703125,1207.014892578125,760.6575927734375,914.4188842773438,2197.344970703125,406.35247802734375,566.1454467773438,820.8994140625,2600.89892578125,7.159999847412109,16.40999984741211,10.989999771118164,49.57413101196289,30.601831436157227,123.72114562988281,82.35625457763672,79.92365264892578,72.66220092773438,27.05933952331543
2023-06-05,62787.46875,1216.5032958984375,3101.82763671875,1212.870361328125,759.8761596679688,924.37255859375,2230.669921875,404.01446533203125,565.9525756835938,818.985107421875,2581.796142578125,7.130000114440918,16.149999618530273,11.420000076293945,49.39396667480469,30.44862937927246,124.79996490478516,84.78462219238281,80.0096664428711,73.44962310791016,26.705881118774414
2023-06-06,62792.87890625,1218.197998046875,3049.54248046875,1188.8443603515625,757.8870849609375,919.4933471679688,2238.780029296875,405.9398498535156,564.3135375976562,814.0274658203125,2575.716796875,7.079999923706055,16.020000457763672,12.199999809265137,49.308624267578125,30.93695640563965,123.77017974853516,83.02033996582031,79.5318832397461,73.55926513671875,26.696062088012695
2023-06-07,63142.9609375,1226.6949462890625,3087.68359375,1198.0458984375,761.415283203125,917.2488403320312,2275.98828125,406.90252685546875,567.8327026367188,827.4768676757812,2599.749267578125,7.679999828338623,16.149999618530273,14.399999618530273,49.621543884277344,32.43065643310547,123.77017974853516,83.51593017578125,80.9556655883789,73.3200454711914,27.01024627685547
2023-06-08,62848.640625,1227.800048828125,3051.428466796875,1192.5621337890625,761.9599609375,914.662841796875,2300.908447265625,406.03155517578125,567.3988037109375,820.4085693359375,2565.949951171875,7.369999885559082,16.760000228881836,13.380000114440918,49.29914474487305,31.971059799194336,123.67210388183594,83.52583312988281,80.32499694824219,71.96448516845703,26.93170166015625
2023-06-09,62625.62890625,1219.0081787109375,3027.195068359375,1176.668701171875,762.7413940429688,915.1995849609375,2323.81298828125,401.99737548828125,557.853759765625,817.4634399414062,2523.676513671875,7.309999942779541,16.59000015258789,14.010000228881836,48.71122741699219,31.72211265563965,122.69136047363281,85.06214141845703,79.21654510498047,71.3963394165039,26.568422317504883
2023-06-12,62724.7109375,1219.59765625,3063.120849609375,1200.7412109375,758.0291137695312,913.247802734375,2299.728759765625,400.57623291015625,557.8055419921875,821.2920532226562,2529.46923828125,7.5,16.399999618530273,15.289999961853027,48.91036605834961,31.645511627197266,122.83847045898438,85.05223846435547,79.83766174316406,72.6023941040039,26.38187599182129
2023-06-13,63143.16015625,1237.9178466796875,3058.641845703125,1213.2421875,759.9708251953125,921.2986450195312,2314.867431640625,408.4154052734375,555.732666015625,818.8377685546875,2563.795654296875,7.710000038146973,16.420000076293945,15.109999656677246,49.29914474487305,31.607202529907227,122.1519546508789,84.28903198242188,80.39188385009766,74.60584259033203,26.303327560424805
2023-06-14,63228.51171875,1253.7332763671875,3066.13818359375,1209.617431640625,758.692138671875,917.0536499023438,2315.457275390625,407.49853515625,555.7808837890625,812.7513427734375,2583.854736328125,7.920000076293945,16.190000534057617,14.40999984741211,49.02415084838867,31.67423439025879,122.00483703613281,83.04016876220703,80.90789031982422,76.529541015625,26.067686080932617
2023-06-15,62917.62890625,1253.217529296875,3055.2138671875,1195.9547119140625,749.00732421875,903.6845092773438,2320.5693359375,410.6158447265625,545.8019409179688,814.7637329101562,2575.42919921875,7.820000171661377,16.079999923706055,14.460000038146973,47.76298522949219,31.45400619506836,119.70008087158203,83.72407531738281,80.9652328491211,78.76223754882812,25.75349998474121
2023-06-16,63384.578125,1264.931640625,3016.266357421875,1201.4383544921875,758.739501953125,911.8817138671875,2326.369140625,415.52105712890625,550.8154907226562,822.0774536132812,2600.03662109375,7.789999961853027,16.290000915527344,14.760000228881836,48.82502365112305,31.540185928344727,121.26927185058594,86.04340362548828,81.52901458740234,81.41355895996094,25.900774002075195
2023-06-19,63168.30078125,1253.1929931640625,3048.943603515625,1203.85498046875,759.4735717773438,900.5618286132812,2323.125,415.7961120605469,548.4051513671875,812.8984985351562,2587.680419921875,7.639999866485596,16.229999542236328,14.529999732971191,49.28965759277344,31.597637176513672,120.7298583984375,86.5786361694336,82.08324432373047,81.00489807128906,26.224781036376953
2023-06-20,63327.69921875,1250.8599853515625,3065.61572265625,1211.1973876953125,761.6758422851562,902.9038696289062,2341.802734375,415.2460021972656,547.0553588867188,816.236328125,2583.1435546875,7.409999847412109,16.270000457763672,14.279999732971191,49.204315185546875,31.693382263183594,121.07312774658203,87.16342163085938,82.1214599609375,82.56977081298828,27.324434280395508
2023-06-21,63523.1484375,1259.135986328125,3094.350830078125,1209.571044921875,774.6995239257812,902.3671875,2352.71484375,409.88232421875,546.0912475585938,823.3535766601562,2582.708984375,7.75,16.209999084472656,13.989999771118164,50.1430778503418,31.693382263183594,121.02408599853516,86.1028823852539,82.13101196289062,81.90196228027344,27.01024627685547
2023-06-22,63238.890625,1245.383544921875,3076.6826171875,1192.097412109375,778.417236328125,903.4405517578125,2374.88232421875,410.3407897949219,542.861328125,827.3786010742188,2562.5341796875,7.460000038146973,16.020000457763672,13.600000381469727,48.350894927978516,31.396560668945312,121.41639709472656,85.02249908447266,81.34745025634766,77.3967056274414,26.4898738861084
2023-06-23,62979.37109375,1235.3883056640625,3056.353759765625,1176.343505859375,778.322509765625,901.4888916015625,2347.602783203125,407.681884765625,534.8107299804688,840.58251953125,2550.515869140625,7.46999979019165,15.979999542236328,13.869999885559082,48.55259704589844,30.879505157470703,119.79815673828125,83.90248107910156,80.66899108886719,77.48641204833984,26.087324142456055
2023-06-26,62970.0,1225.0494384765625,3030.182861328125,1180.75830078125,774.5101318359375,905.05078125,2337.674072265625,408.3236999511719,537.1246337890625,836.2139282226562,2560.120849609375,7.619999885559082,16.1200008392334,14.029999732971191,48.312477111816406,30.965679168701172,118.96452331542969,83.11946105957031,80.78367614746094,77.50634765625,26.14623260498047
2023-06-27,63416.03125,1225.8353271484375,3036.5478515625,1188.7049560546875,785.2132568359375,914.2725830078125,2347.30810546875,408.1403503417969,545.6574096679688,849.1233520507812,2559.252197265625,7.53000020980835,16.049999237060547,14.079999923706055,48.84074401855469,31.300804138183594,120.7789077758789,83.56548309326172,81.16590118408203,77.96485137939453,26.28369140625
2023-06-28,63915.421875,1242.3138427734375,3053.7890625,1202.367919921875,793.9273071289062,914.8092651367188,2380.48583984375,411.8994445800781,549.5139770507812,856.0933837890625,2568.51904296875,7.460000038146973,16.190000534057617,14.760000228881836,48.44694519042969,31.262508392333984,119.8471908569336,84.41789245605469,81.38566589355469,79.52972412109375,26.214963912963867
2023-06-30,64718.55859375,1252.800048828125,3135.24560546875,1240.9859619140625,805.932861328125,911.7840576171875,2432.53759765625,414.09991455078125,552.26171875,862.0818481445312,2585.508544921875,7.429999828338623,16.25,15.329999923706055,49.61874008178711,31.300804138183594,123.67210388183594,86.9156494140625,81.73924255371094,79.14099884033203,26.912063598632812
2023-07-07,65280.44921875,1294.42578125,3159.18359375,1237.2216796875,786.5155639648438,924.2750244140625,2406.978515625,429.4114990234375,572.4605102539062,855.1607666015625,2602.8359375,7.449999809265137,17.450000762939453,17.889999389648438,58.03260040283203,31.683807373046875,132.49884033203125,90.8109359741211,82.92414093017578,79.39018249511719,28.266996383666992
2023-07-10,65344.171875,1343.394287109375,3108.457275390625,1235.3162841796875,784.408203125,925.2996215820312,2402.997314453125,427.073486328125,571.2554321289062,869.6409301757812,2565.719482421875,7.389999866485596,17.040000915527344,17.3700008392334,58.19588851928711,31.5593318939209,131.51806640625,90.43428039550781,86.01063537597656,78.98152160644531,28.00189971923828
2023-07-14,66060.8984375,1345.2362060546875,3336.15576171875,1324.7747802734375,779.1512451171875,938.3759765625,2431.30908203125,433.35400390625,563.4940185546875,870.3280639648438,2584.01220703125,7.320000171661377,17.3700008392334,17.700000762939453,58.29193115234375,31.176332473754883,126.81049346923828,91.30651092529297,87.18597412109375,82.21095275878906,27.334251403808594
2023-07-17,66589.9296875,1373.4779052734375,3317.109130859375,1322.3582763671875,795.25341796875,945.74365234375,2427.130859375,432.8497009277344,579.3541870117188,862.5726928710938,2587.0048828125,7.630000114440918,17.700000762939453,18.229999542236328,59.87673568725586,31.09015655517578,129.9979248046875,92.15892791748047,87.52997589111328,81.45343017578125,27.913536071777344
2023-07-19,67097.4375,1394.892333984375,3297.208740234375,1370.3173828125,797.9291381835938,950.1349487304688,2451.854248046875,439.03851318359375,579.7880249023438,853.8845825195312,2579.089111328125,7.690000057220459,17.450000762939453,17.84000015258789,61.63442611694336,31.425283432006836,133.08726501464844,94.18090057373047,86.7559585571289,81.48332977294922,27.913536071777344
2023-07-20,67571.8984375,1286.7391357421875,3297.5419921875,1346.616455078125,799.6577758789062,971.408447265625,2447.381591796875,451.2327575683594,588.0796508789062,868.610107421875,2608.628173828125,7.570000171661377,17.729999542236328,18.729999542236328,61.32707214355469,31.865732192993164,134.26416015625,94.8350830078125,85.88639831542969,81.12450408935547,28.365177154541016
2023-07-21,66684.2578125,1245.6781005859375,3209.206787109375,1236.5245361328125,793.5957641601562,972.6282958984375,2542.392578125,449.1239929199219,592.9004516601562,869.6409301757812,2513.495849609375,7.860000133514404,18.059999465942383,19.65999984741211,60.116859436035156,33.47433853149414,131.4690399169922,93.69522857666016,86.09662628173828,82.54984283447266,28.463361740112305
2023-07-24,66384.78125,1221.7833251953125,3232.635986328125,1242.891357421875,795.0875854492188,967.8953857421875,2561.1689453125,431.7494812011719,595.5036010742188,871.6043090820312,2490.666015625,7.920000076293945,17.399999618530273,20.0,59.646217346191406,33.55094528198242,131.37095642089844,97.20397186279297,85.81951141357422,83.3970718383789,28.080448150634766
2023-07-26,66707.203125,1240.52099609375,3225.778564453125,1253.672607421875,800.5338745117188,972.4818725585938,2601.670166015625,432.8497009277344,592.996826171875,872.0950927734375,2493.079345703125,8.720000267028809,17.010000228881836,18.049999237060547,60.71236038208008,33.73286437988281,131.37095642089844,100.24686431884766,88.0842056274414,84.38384246826172,28.532089233398438
2023-07-28,66160.203125,1241.454345703125,3195.635498046875,1245.7724609375,778.9619140625,971.310791015625,2605.208984375,429.5948181152344,593.9609375,878.3289794921875,2495.347900390625,8.329999923706055,16.93000030517578,18.06999969482422,59.4925422668457,33.570091247558594,132.79302978515625,102.199462890625,88.58110046386719,83.66619110107422,28.257177352905273
2023-08-03,65240.6796875,1215.5946044921875,3237.8740234375,1269.0084228515625,771.3370361328125,942.1818237304688,2553.55029296875,418.179931640625,569.4234619140625,855.9952392578125,2462.671875,7.869999885559082,16.989999771118164,17.969999313354492,57.072113037109375,42.81958770751953,129.7527313232422,99.86030578613281,88.75309753417969,86.64643859863281,27.216432571411133
2023-08-04,65721.25,1232.8834228515625,3278.446533203125,1281.1376953125,782.7506103515625,947.3049926757812,2581.41943359375,417.0797119140625,552.6956176757812,874.0094604492188,2458.08642578125,8.25,16.969999313354492,18.389999389648438,57.542755126953125,43.22173309326172,131.95941162109375,98.07620239257812,89.81377410888672,87.1747055053711,27.17715835571289
2023-08-07,65953.4765625,1239.416015625,3317.923095703125,1294.4752197265625,782.1585693359375,952.1354370117188,2590.266845703125,417.0797119140625,547.4891967773438,874.7457275390625,2479.275634765625,8.369999885559082,16.889999389648438,18.65999984741211,58.013397216796875,47.674129486083984,131.4690399169922,95.69739532470703,89.86155700683594,87.39398956298828,26.676424026489258
2023-08-08,65846.5,1230.6732177734375,3304.68505859375,1292.244384765625,781.8270874023438,956.8194580078125,2588.300537109375,414.8334045410156,552.358154296875,868.6591796875,2475.558837890625,8.279999732971191,16.860000610351562,18.6299991607666,59.68463897705078,48.15288162231445,132.79302978515625,97.92752838134766,88.50465393066406,87.16473388671875,27.236068725585938
2023-08-09,65995.8125,1239.465087890625,3299.11328125,1295.9156494140625,781.49560546875,956.9179077148438,2605.50390625,420.4720764160156,553.1776733398438,867.579345703125,2464.21630859375,8.199999809265137,16.93000030517578,19.559999465942383,59.08913803100586,46.89854431152344,132.05747985839844,100.20721435546875,88.84866333007812,87.91229248046875,27.22625160217285
2023-08-10,65688.1796875,1245.407958984375,3279.541259765625,1291.129150390625,774.9363403320312,948.6533813476562,2599.06494140625,413.91656494140625,552.9848022460938,858.449462890625,2449.350341796875,8.069999694824219,16.979999542236328,20.530000686645508,58.80099105834961,47.310272216796875,131.5670928955078,98.96825408935547,88.8008804321289,87.26441955566406,27.216432571411133
2023-08-11,65322.6484375,1251.4739990234375,3285.160400390625,1275.189208984375,766.7669067382812,937.0436401367188,2593.36328125,411.39520263671875,553.611572265625,858.449462890625,2415.37109375,8.109999656677246,17.079999923706055,20.239999771118164,60.04001998901367,46.78364562988281,131.61651611328125,102.55082702636719,87.08084869384766,87.83255767822266,28.502635955810547
2023-08-14,65401.921875,1265.5947265625,3285.63671875,1295.3116455078125,762.6703491210938,943.5863647460938,2616.120849609375,411.6243896484375,540.4991455078125,854.8497924804688,2445.730712890625,8.039999961853027,16.940000534057617,20.040000915527344,59.8863410949707,48.73695373535156,131.36949157714844,101.30686950683594,83.19170379638672,87.86245727539062,28.826641082763672
2023-08-16,65539.421875,1264.6859130859375,3292.970703125,1318.4080810546875,760.4918212890625,940.5855102539062,2644.874755859375,412.6329650878906,545.1270751953125,845.1848754882812,2462.864990234375,7.820000171661377,16.8700008392334,20.25,59.262027740478516,49.01462936401367,130.57899475097656,99.41607666015625,81.1372299194336,88.05183410644531,29.837928771972656
2023-08-17,65151.01953125,1246.4395751953125,3277.54150390625,1311.6231689453125,756.2767944335938,935.7645263671875,2607.814208984375,404.1978454589844,551.5867919921875,844.7904052734375,2454.225341796875,7.739999771118164,16.989999771118164,19.729999542236328,60.72196578979492,45.67293930053711,132.95046997070312,99.41607666015625,81.14678192138672,88.2711181640625,29.94593048095703
2023-08-18,64948.66015625,1255.7469482421875,3207.34912109375,1290.75732421875,753.5537109375,935.6170043945312,2595.132568359375,405.1605224609375,552.5028076171875,844.1986694335938,2466.0986328125,7.619999885559082,16.889999389648438,19.790000915527344,60.405006408691406,45.23249435424805,132.55520629882812,97.52527618408203,80.57344818115234,88.6399154663086,30.603759765625
2023-08-21,65216.08984375,1245.631591796875,3239.82666015625,1305.767822265625,752.5591430664062,939.3065185546875,2618.627685546875,410.47833251953125,550.9601440429688,859.8301391601562,2473.6279296875,7.559999942779541,16.93000030517578,19.90999984741211,59.86713409423828,45.70166778564453,132.65403747558594,100.3614730834961,82.20745849609375,89.40739440917969,30.790307998657227
2023-08-22,65220.03125,1246.0025634765625,3222.207275390625,1304.7454833984375,749.2914428710938,936.7484130859375,2634.061279296875,416.43792724609375,547.923095703125,865.35302734375,2477.392578125,7.710000038146973,16.969999313354492,20.889999389648438,60.00160217285156,45.787841796875,134.43263244628906,110.51206970214844,81.92078399658203,91.57032775878906,30.42702865600586
2023-08-23,65433.30078125,1248.05517578125,3237.635986328125,1308.3702392578125,751.3278198242188,950.6702880859375,2671.36767578125,412.9538269042969,556.2147827148438,856.0332641601562,2484.295166015625,7.820000171661377,17.010000228881836,21.93000030517578,60.8564338684082,45.711246490478516,139.96604919433594,109.01933288574219,82.28390502929688,91.9690170288086,32.58706283569336
2023-08-24,65252.33984375,1226.043701171875,3227.49267578125,1323.98486328125,747.7048950195312,953.3267822265625,2641.92578125,413.2747497558594,556.0219116210938,857.4632568359375,2490.23193359375,7.949999809265137,16.940000534057617,21.489999771118164,60.32816696166992,46.51555252075195,138.82972717285156,107.07877349853516,82.74258422851562,91.21149444580078,32.36124038696289
2023-08-25,64886.51171875,1221.7403564453125,3219.68310546875,1320.3135986328125,739.724853515625,954.8025512695312,2594.6904296875,406.94842529296875,549.8031616210938,861.3588256835938,2478.310302734375,8.6899995803833,16.860000610351562,22.3799991607666,59.11795425415039,46.371917724609375,138.9779510498047,104.78992462158203,81.88257598876953,90.81279754638672,31.71323013305664
2023-08-28,64996.6015625,1208.1871337890625,3214.349853515625,1315.9451904296875,747.1838989257812,955.196044921875,2648.806884765625,404.6562805175781,552.26171875,858.252197265625,2466.436767578125,8.989999771118164,16.799999237060547,23.489999771118164,60.03041458129883,46.63044357299805,142.33753967285156,109.01933288574219,83.14392852783203,90.73306274414062,31.840869903564453
2023-08-29,65075.8203125,1197.15673828125,3216.873779296875,1318.129150390625,753.1511840820312,952.1953125,2670.483154296875,403.6018981933594,554.57568359375,843.2617797851562,2438.635498046875,8.920000076293945,16.84000015258789,24.65999984741211,60.49144744873047,47.386878967285156,142.73277282714844,114.0946273803711,84.50082397460938,90.01541137695312,31.379405975341797
2023-08-30,65087.25,1196.192138671875,3228.683349609375,1333.7904052734375,747.77587890625,942.9468994140625,2662.864501953125,405.9857177734375,547.29638671875,845.6287231445312,2444.234375,9.079999923706055,16.81999969482422,25.889999389648438,60.942874908447266,47.712425231933594,141.59645080566406,118.07525634765625,87.4535140991211,91.91918182373047,30.976856231689453
2023-08-31,64831.41015625,1190.5531005859375,3197.254150390625,1332.9073486328125,744.460693359375,942.7501220703125,2660.112060546875,403.09759521484375,541.174072265625,844.9876708984375,2417.35009765625,9.050000190734863,16.799999237060547,24.600000381469727,60.510658264160156,48.07627487182617,142.18930053710938,120.71240997314453,86.63175201416016,93.0355224609375,30.544849395751953
2023-09-01,65387.16015625,1193.59521484375,3218.349609375,1341.225830078125,745.8341674804688,953.4251098632812,2655.49169921875,404.5645751953125,549.2728881835938,853.9622192382812,2418.12255859375,10.029999732971191,17.34000015258789,24.979999542236328,62.75819396972656,53.285099029541016,142.09051513671875,135.4407196044922,92.64225769042969,93.13520050048828,30.633214950561523
2023-09-04,65628.140625,1192.16064453125,3255.160400390625,1361.3018798828125,750.2385864257812,951.3098754882812,2664.732177734375,401.17218017578125,554.9130859375,853.1239013671875,2414.40576171875,9.989999771118164,18.610000610351562,24.09000015258789,64.76561737060547,63.82722091674805,141.39883422851562,138.077880859375,98.15589141845703,98.12885284423828,32.31214904785156
2023-09-05,65780.2578125,1198.98681640625,3264.6845703125,1374.360107421875,745.9525756835938,952.9332275390625,2687.29296875,406.21490478515625,552.358154296875,854.0608520507812,2420.342529296875,9.899999618530273,18.149999618530273,23.610000610351562,64.67916870117188,69.20838928222656,142.88099670410156,137.63006591796875,97.20032501220703,98.91627502441406,33.765262603759766
2023-09-06,65880.5234375,1201.0396728515625,3266.589111328125,1372.5478515625,756.1111450195312,942.1597290039062,2684.294921875,410.29498291015625,549.9959716796875,866.980224609375,2434.5810546875,10.649999618530273,18.010000228881836,23.780000686645508,63.132789611816406,65.77095031738281,142.09051513671875,134.94314575195312,94.92607116699219,97.2616958618164,33.17616653442383
2023-09-07,66265.5625,1202.7213134765625,3291.06591796875,1362.556396484375,762.8834228515625,949.8831787109375,2798.770263671875,408.6904602050781,558.5286865234375,863.0353393554688,2420.052978515625,10.479999542236328,18.549999237060547,24.1200008392334,63.997222900390625,70.06056213378906,143.27622985839844,137.032958984375,95.15540313720703,95.46756744384766,33.794715881347656
2023-09-08,66598.90625,1211.4024658203125,3279.350830078125,1365.9488525390625,769.1348266601562,954.9009399414062,2852.788330078125,405.80230712890625,562.5298461914062,873.53857421875,2427.437744140625,10.479999542236328,18.34000015258789,24.020000457763672,64.19892120361328,73.78526306152344,145.69711303710938,144.6459197998047,94.45783233642578,95.04893493652344,34.44272994995117
2023-09-11,67127.078125,1223.94140625,3313.732666015625,1372.1761474609375,772.923583984375,962.5751953125,2844.97314453125,409.7906799316406,570.3394165039062,877.3848266601562,2447.6611328125,11.270000457763672,18.389999389648438,24.049999237060547,66.4560775756836,81.14846801757812,147.12986755371094,139.17254638671875,95.58540344238281,96.18521881103516,35.98420715332031
2023-09-12,67221.1328125,1205.9117431640625,3410.163330078125,1394.901123046875,775.1732177734375,974.9228515625,2892.896240234375,413.50396728515625,567.1577758789062,878.3710327148438,2412.90966796875,10.520000457763672,17.549999237060547,22.850000381469727,64.18932342529297,79.31005859375,140.90478515625,125.14086151123047,89.60355377197266,93.1750717163086,33.077980041503906
2023-09-13,67466.9921875,1213.2325439453125,3395.82958984375,1391.322509765625,778.511962890625,973.7913818359375,2858.78466796875,415.6585693359375,575.0637817382812,902.2866821289062,2419.52197265625,10.979999542236328,17.690000534057617,22.200000762939453,69.6737060546875,75.49919128417969,143.32565307617188,128.17608642578125,91.64846801757812,92.73650360107422,34.89437484741211
2023-09-14,67519.0,1212.4163818359375,3389.734130859375,1400.4310302734375,777.3990478515625,971.3809204101562,2869.0576171875,412.541259765625,575.786865234375,902.1387329101562,2414.743896484375,10.899999618530273,17.510000228881836,23.309999465942383,70.81668090820312,77.84508514404297,145.69711303710938,129.3205108642578,94.2380599975586,93.49402618408203,36.34748840332031
2023-09-15,67838.6328125,1216.8433837890625,3428.497314453125,1405.54296875,787.060302734375,976.3494262695312,2861.43896484375,411.1201477050781,576.94384765625,923.53955078125,2384.239501953125,11.729999542236328,18.270000457763672,24.31999969482422,71.22008514404297,76.52191162109375,146.4381866455078,127.03166198730469,92.02114868164062,94.18177032470703,39.68572235107422
2023-09-18,67596.84375,1204.947265625,3433.306640625,1385.8853759765625,771.5028076171875,974.4801025390625,2870.08984375,414.3291015625,582.2948608398438,907.7108764648438,2401.133056640625,10.930000305175781,18.559999465942383,24.770000457763672,73.85181427001953,73.96248626708984,144.3631591796875,125.88722229003906,92.59449005126953,92.836181640625,45.63563537597656
2023-09-20,66800.84375,1178.2861328125,3434.8779296875,1384.863037109375,740.6483764648438,971.1349487304688,2842.76123046875,415.33770751953125,579.498779296875,898.4404296875,2381.87451171875,11.0,18.020000457763672,25.920000076293945,73.31394958496094,74.48402404785156,144.6595916748047,123.05103302001953,91.56672668457031,93.30464935302734,43.053409576416016
2023-09-21,66230.2421875,1169.6051025390625,3413.353759765625,1395.8768310546875,735.7703857421875,943.8815307617188,2850.576416015625,410.2032470703125,567.2059326171875,905.4425659179688,2388.873046875,10.859999656677246,17.700000762939453,25.489999771118164,72.0364990234375,71.88597106933594,143.96791076660156,123.64812469482422,90.64462280273438,93.0654296875,40.84428405761719
2023-09-22,66009.1484375,1164.411376953125,3431.1630859375,1390.4395751953125,724.2147827148438,934.9774169921875,2869.3525390625,406.35247802734375,576.654541015625,898.6376953125,2396.2099609375,11.3100004196167,17.670000076293945,25.049999237060547,74.42810821533203,72.56204223632812,144.2643585205078,123.79739379882812,89.52079772949219,93.22490692138672,42.24830627441406
2023-09-25,66023.6875,1157.486328125,3407.16357421875,1370.68896484375,725.3987426757812,941.0283203125,2853.721923828125,405.80230712890625,572.7980346679688,897.4542236328125,2390.513916015625,11.319999694824219,17.440000534057617,25.5,77.05984497070312,74.16529846191406,145.3512725830078,124.59352111816406,89.40555572509766,93.99240112304688,41.66902542114258
2023-09-26,65945.46875,1158.2283935546875,3412.591796875,1357.0263671875,728.2166748046875,933.2556762695312,2862.91357421875,405.61895751953125,572.9908447265625,899.5746459960938,2393.651611328125,12.109999656677246,17.360000610351562,25.979999542236328,76.20500183105469,73.3636703491211,146.0923614501953,123.69788360595703,89.86659240722656,95.22834777832031,41.35483932495117
2023-09-27,66118.6875,1171.855712890625,3416.87744140625,1363.9971923828125,723.267578125,927.9428100585938,2911.475830078125,411.7619323730469,568.3629150390625,906.9218139648438,2414.55078125,12.010000228881836,17.3799991607666,25.649999618530273,78.29886627197266,72.83247375488281,148.6614532470703,126.28529357910156,89.14620971679688,97.27165985107422,42.25812530517578
2023-09-28,65508.3203125,1154.4937744140625,3368.877197265625,1337.92626953125,721.2548828125,927.5000610351562,2960.775390625,404.060302734375,568.7968139648438,912.2967529296875,2374.8759765625,11.649999618530273,17.25,25.6299991607666,76.4835433959961,72.28194427490234,144.3631591796875,126.18577575683594,88.18568420410156,94.10204315185547,42.228668212890625
2023-09-29,65828.40625,1160.6767578125,3362.68603515625,1333.7904052734375,722.9597778320312,936.6992797851562,2970.703857421875,407.45269775390625,577.2330932617188,913.628173828125,2380.330322265625,11.670000076293945,17.229999542236328,25.81999969482422,77.0310287475586,73.96248626708984,145.40066528320312,130.315673828125,90.15475463867188,95.2183837890625,42.768680572509766
2023-10-03,65512.1015625,1146.7032470703125,3347.923583984375,1332.4427490234375,714.1509399414062,925.1878662109375,3020.69189453125,403.1893005371094,581.3306884765625,912.1981811523438,2384.48095703125,11.989999771118164,17.170000076293945,27.049999237060547,79.92208862304688,73.97213745117188,148.80967712402344,130.46493530273438,88.07041931152344,93.74320983886719,43.897789001464844
2023-10-04,65226.0390625,1144.7493896484375,3368.304931640625,1343.2706298828125,724.9725952148438,915.6934814453125,2974.882080078125,399.75103759765625,564.9402465820312,911.9515380859375,2420.4873046875,11.489999771118164,17.200000762939453,28.280000686645508,76.64683532714844,72.49443817138672,145.49949645996094,126.93214416503906,85.72673797607422,91.50054931640625,43.40686798095703
2023-10-05,65631.5703125,1144.5267333984375,3418.258544921875,1359.2569580078125,727.3641357421875,925.6798095703125,3044.825439453125,399.75103759765625,571.0143432617188,915.8964233398438,2434.82275390625,11.220000267028809,17.170000076293945,29.690000534057617,74.06312561035156,71.78939819335938,144.01731872558594,126.63359832763672,85.12161254882812,91.64009857177734,42.984683990478516
2023-10-06,65995.6328125,1146.530029296875,3447.87841796875,1374.220947265625,726.55908203125,930.0088500976562,3040.99169921875,405.43560791015625,572.7980346679688,913.282958984375,2412.089111328125,10.9399995803833,17.309999465942383,29.139999389648438,73.71735382080078,72.25299072265625,144.75840759277344,128.32534790039062,85.29450988769531,91.09188842773438,42.43485641479492
2023-10-09,65512.390625,1136.5631103515625,3464.11669921875,1370.549560546875,718.0344848632812,922.531494140625,3021.822265625,403.51019287109375,564.0243530273438,912.0994873046875,2423.528076171875,10.899999618530273,16.93000030517578,27.690000534057617,70.46129608154297,68.7567138671875,143.12802124023438,125.73795318603516,82.99885559082031,89.74629211425781,39.6759033203125
2023-10-10,66079.359375,1141.9052734375,3456.44970703125,1389.5101318359375,722.0363159179688,935.6170043945312,3022.90380859375,407.3151550292969,570.3876342773438,935.6206665039062,2429.126953125,11.069999694824219,17.079999923706055,26.399999618530273,72.27661895751953,73.08358764648438,146.191162109375,130.564453125,85.32332611083984,89.965576171875,41.335201263427734
2023-10-11,66473.046875,1159.9349365234375,3438.354248046875,1388.2554931640625,728.66650390625,937.2896118164062,3036.371337890625,410.9825744628906,567.2059326171875,942.2776489257812,2467.305419921875,11.880000114440918,17.049999237060547,27.719999313354492,73.01618957519531,72.96768951416016,145.2030487060547,130.16639709472656,85.17924499511719,91.24140167236328,40.64792251586914
2023-10-12,66408.390625,1161.8392333984375,3373.638916015625,1361.208984375,733.9944458007812,938.962158203125,3029.3427734375,413.18304443359375,565.1812744140625,937.7410278320312,2471.552978515625,11.890000343322754,17.100000381469727,27.200000762939453,72.79528045654297,72.57170104980469,147.62393188476562,129.96737670898438,85.8323974609375,90.44400787353516,40.71664810180664
2023-10-13,66282.7421875,1162.7542724609375,3400.353515625,1330.7696533203125,727.7903442382812,936.4041137695312,3036.86279296875,411.0284729003906,555.4916381835938,941.0941772460938,2482.84716796875,12.010000228881836,17.100000381469727,26.850000381469727,72.27661895751953,74.02044677734375,147.7227325439453,127.728271484375,85.39055633544922,89.90576934814453,40.21590805053711
2023-10-16,66166.9296875,1158.8961181640625,3356.400146484375,1333.2325439453125,724.3568725585938,935.71533203125,3050.969482421875,411.39520263671875,555.0577392578125,932.5140991210938,2469.187744140625,11.819999694824219,17.06999969482422,28.190000534057617,72.30542755126953,73.68240356445312,146.6852264404297,130.46493530273438,85.69791412353516,90.61345672607422,40.16682052612305
2023-10-17,66428.09375,1165.1781005859375,3339.7333984375,1340.9005126953125,729.9689331054688,939.552490234375,3014.007080078125,415.750244140625,555.732666015625,940.9462280273438,2468.75341796875,11.9399995803833,17.1200008392334,29.59000015258789,72.79528045654297,76.44464111328125,146.58642578125,131.70889282226562,85.99567413330078,91.33110046386719,40.3828239440918
2023-10-18,65877.0234375,1149.349609375,3321.161376953125,1339.088134765625,719.7156372070312,928.287109375,2992.822509765625,414.00823974609375,552.1171875,939.6641845703125,2459.534423828125,11.6899995803833,17.020000457763672,31.040000915527344,71.29692840576172,74.802734375,144.8078155517578,128.52438354492188,84.35319519042969,90.64335632324219,39.15553283691406
2023-10-19,65629.2421875,1140.42138671875,3298.817626953125,1332.3033447265625,717.466064453125,919.9733276367188,2999.94970703125,412.8621520996094,550.7672729492188,929.7034301757812,2459.486328125,11.989999771118164,17.06999969482422,31.56999969482422,71.07601165771484,74.95728302001953,145.1536407470703,128.5741424560547,85.01594543457031,90.50381469726562,38.87080001831055
2023-10-20,65397.62109375,1137.2554931640625,3336.53466796875,1326.4942626953125,721.3021850585938,917.415283203125,2960.97216796875,401.8139953613281,543.0541381835938,932.0703125,2408.46923828125,11.760000228881836,17.280000686645508,32.70000076293945,69.41436767578125,74.39710235595703,144.06674194335938,124.59352111816406,83.45990753173828,88.6498794555664,37.68278121948242
2023-10-23,64571.87890625,1119.201171875,3255.132568359375,1309.531982421875,713.1328125,914.7587890625,2908.281005859375,399.613525390625,533.2198486328125,926.7940673828125,2398.429931640625,10.949999809265137,16.239999771118164,31.790000915527344,66.94591522216797,69.75151062011719,141.59645080566406,116.83130645751953,79.88674926757812,86.2278060913086,35.071102142333984
2023-10-25,64049.05859375,1116.9010009765625,3236.84716796875,1289.902587890625,708.7520751953125,901.2796630859375,2866.845703125,396.63372802734375,536.4015502929688,909.8312377929688,2392.58984375,10.859999656677246,16.020000457763672,31.889999389648438,66.70579528808594,67.87781524658203,140.11427307128906,115.73664093017578,80.67437744140625,86.87568664550781,35.98420715332031
2023-10-26,63148.1484375,1101.1715087890625,3187.0986328125,1278.322509765625,693.0999145507812,894.490966796875,2815.77685546875,398.009033203125,527.5314331054688,892.5231323242188,2390.27294921875,10.729999542236328,15.880000114440918,31.469999313354492,67.05156707763672,67.78123474121094,136.55706787109375,117.32888793945312,79.91557312011719,84.67288970947266,35.8565673828125
2023-10-27,63782.80078125,1120.4871826171875,3199.321044921875,1299.8349609375,695.965087890625,897.8853149414062,2853.083251953125,397.4588928222656,540.8848266601562,901.9414672851562,2395.63037109375,10.880000114440918,15.970000267028809,32.13999938964844,70.26921081542969,69.51005554199219,137.8910369873047,117.08009338378906,80.59754943847656,85.80917358398438,37.50605010986328
2023-10-30,64112.6484375,1143.2901611328125,3226.43896484375,1296.6810302734375,703.2347412109375,909.7902221679688,2876.676025390625,394.6166076660156,544.7896118164062,913.135009765625,2392.54150390625,11.649999618530273,15.9399995803833,31.549999237060547,70.22117614746094,70.28269958496094,139.27438354492188,120.01580047607422,80.57833099365234,82.94853973388672,36.3769416809082
2023-10-31,63874.9296875,1132.012451171875,3216.17431640625,1288.537353515625,699.3511962890625,900.6401977539062,2879.1337890625,392.9204406738281,545.078857421875,901.5963745117188,2397.8505859375,11.890000343322754,15.970000267028809,30.579999923706055,70.11552429199219,70.12818145751953,138.87913513183594,120.3143539428711,80.54951477050781,82.44020080566406,36.50457763671875
2023-11-01,63591.328125,1136.0189208984375,3182.13330078125,1274.3211669921875,698.427734375,899.6563110351562,2845.26806640625,392.4161376953125,545.8983764648438,901.0045776367188,2387.1357421875,12.779999732971191,16.020000457763672,31.329999923706055,70.01947784423828,70.43724060058594,138.92855834960938,120.91144561767578,79.73307037353516,80.84542083740234,36.77949142456055
2023-11-02,64080.8984375,1147.4947509765625,3208.29638671875,1290.2318115234375,699.4223022460938,904.4281005859375,2868.861083984375,395.2584533691406,551.39404296875,911.4091796875,2420.53759765625,13.75,16.06999969482422,32.79999923706055,71.34494018554688,70.56278991699219,139.81785583496094,127.37995910644531,81.67332458496094,82.01160430908203,37.152587890625
2023-11-03,64363.78125,1147.0989990234375,3199.607177734375,1307.790283203125,702.5953979492188,918.399169921875,2858.833740234375,397.5047302246094,557.419921875,917.868896484375,2439.353515625,13.739999771118164,16.459999084472656,34.439998626708984,71.81558227539062,69.6549301147461,141.84347534179688,127.92730712890625,81.20266723632812,82.5299072265625,36.81876754760742
2023-11-06,64958.69140625,1156.9918212890625,3232.55029296875,1321.818115234375,707.6390991210938,930.0088500976562,2924.697509765625,398.9717102050781,553.8043823242188,926.1530151367188,2432.15771484375,13.539999961853027,16.709999084472656,36.15999984741211,71.94044494628906,70.35031127929688,142.48574829101562,129.37026977539062,83.41187286376953,82.47010040283203,36.573307037353516
2023-11-07,64942.3984375,1149.6463623046875,3217.988525390625,1322.147705078125,704.9869995117188,933.0588989257812,2910.001220703125,396.771240234375,559.974853515625,924.0819702148438,2431.233642578125,13.869999885559082,16.809999465942383,37.349998474121094,73.14105987548828,70.55313873291016,145.69711303710938,128.2755889892578,82.01911926269531,82.9086685180664,37.05440902709961
2023-11-08,64975.609375,1155.7799072265625,3228.15771484375,1310.61474609375,706.21826171875,919.579833984375,2944.358642578125,400.5303955078125,559.3964233398438,923.9833984375,2447.862060546875,13.640000343322754,17.969999313354492,37.41999816894531,72.78567504882812,72.96768951416016,145.3512725830078,124.69303894042969,82.56661987304688,83.46684265136719,36.838401794433594
2023-11-09,64832.19921875,1142.9439697265625,3197.12451171875,1294.65673828125,704.323974609375,922.334716796875,2973.702392578125,398.3299560546875,557.9983520507812,919.44677734375,2409.160400390625,13.90999984741211,18.3799991607666,37.31999969482422,72.95856475830078,72.10810852050781,145.79592895507812,125.14086151123047,83.69042205810547,84.35393524169922,36.534034729003906
2023-11-10,64904.6796875,1144.7493896484375,3182.371826171875,1288.5843505859375,705.8630981445312,923.2201538085938,2981.3701171875,399.9344482421875,558.6251220703125,922.5533447265625,2418.106689453125,13.729999542236328,18.31999969482422,37.97999954223633,73.20829772949219,72.33264923095703,148.06858825683594,128.37510681152344,84.59331512451172,85.06161499023438,36.34748840332031
2023-11-13,64933.87109375,1144.7493896484375,3181.321533203125,1293.71533203125,705.2474975585938,919.4813842773438,2996.361572265625,399.75103759765625,560.5051879882812,922.2575073242188,2414.36279296875,13.949999809265137,19.389999389648438,38.63999938964844,75.98409271240234,71.90309143066406,151.0329132080078,135.8885498046875,84.7374038696289,86.0085220336914,38.841346740722656
2023-11-15,65675.9296875,1165.821044921875,3245.87060546875,1328.5496826171875,712.4224243164062,925.433837890625,3013.024169921875,405.2063903808594,563.6868286132812,936.7055053710938,2419.565185546875,14.069999694824219,20.350000381469727,40.4900016784668,75.8496322631836,71.72736358642578,148.31561279296875,136.63490295410156,84.91029357910156,86.58663177490234,39.106441497802734
2023-11-16,65982.4765625,1169.0115966796875,3340.115478515625,1359.3826904296875,714.3403930664062,920.5144653320312,2997.639404296875,402.043212890625,563.4458618164062,935.5714111328125,2420.48876953125,14.399999618530273,20.190000534057617,42.060001373291016,76.4835433959961,71.37590026855469,148.31561279296875,138.0281219482422,84.55490112304688,88.10166931152344,38.664615631103516
2023-11-17,65794.7265625,1165.3017578125,3344.5556640625,1353.49853515625,712.777587890625,907.1337890625,3057.211669921875,402.73089599609375,542.957763671875,934.5358276367188,2459.627685546875,14.550000190734863,20.81999969482422,42.27000045776367,74.86992645263672,75.06623840332031,146.24057006835938,141.16287231445312,85.7459487915039,84.8323745727539,37.9478759765625
2023-11-20,65655.1484375,1162.0618896484375,3360.454345703125,1352.2275390625,712.824951171875,906.5927124023438,3035.78125,400.4386901855469,543.488037109375,948.3428344726562,2436.58203125,14.15999984741211,20.139999389648438,41.34000015258789,75.33097076416016,74.27544403076172,145.5489044189453,140.26724243164062,86.71607208251953,84.09478759765625,38.016605377197266
2023-11-21,65930.7734375,1176.50537109375,3351.860107421875,1355.1461181640625,718.744873046875,911.3644409179688,3021.625732421875,399.7968444824219,541.2705078125,958.0077514648438,2435.950439453125,13.850000381469727,19.739999771118164,39.279998779296875,74.94676971435547,75.07600402832031,144.8572235107422,138.9735107421875,87.04265594482422,84.28416442871094,37.70241928100586
2023-11-22,66023.2421875,1181.080810546875,3370.527587890625,1372.374755859375,716.2347412109375,907.7240600585938,3029.637451171875,403.1434631347656,539.0529174804688,955.9367065429688,2452.091796875,13.489999771118164,19.200000762939453,37.31999969482422,73.36196899414062,74.82218170166016,143.72088623046875,140.51600646972656,85.71712493896484,82.94853973388672,37.01513671875
2023-11-23,66017.8125,1184.7410888671875,3350.5712890625,1364.8902587890625,720.6865234375,908.1668701171875,2996.066650390625,403.69354248046875,539.8724975585938,963.8263549804688,2450.876220703125,13.600000381469727,20.149999618530273,39.18000030517578,73.53485107421875,74.69525909423828,145.3512725830078,142.0585174560547,86.322265625,83.8854751586914,37.11331558227539
2023-11-24,65970.0390625,1184.32080078125,3301.5390625,1352.83935546875,725.5645141601562,914.1685180664062,3002.210693359375,401.4013977050781,540.2099609375,959.339111328125,2445.528076171875,13.350000381469727,19.790000915527344,40.56999969482422,72.99698638916016,74.28520202636719,145.69711303710938,151.51248168945312,85.65950775146484,84.03498077392578,36.86785888671875
2023-11-28,66174.203125,1184.4444580078125,3313.80859375,1358.5823974609375,724.4042358398438,911.118408203125,2998.229248046875,399.06341552734375,544.3075561523438,971.962646484375,2441.930419921875,13.279999732971191,19.760000228881836,38.97999954223633,75.45582580566406,73.81660461425781,148.06858825683594,155.3936004638672,87.34041595458984,84.9420166015625,37.0838623046875
2023-11-29,66901.90625,1187.3875732421875,3354.533935546875,1373.69287109375,738.4461669921875,924.2039794921875,3027.819091796875,400.8971252441406,548.1159057617188,981.7755126953125,2454.376953125,13.239999771118164,19.850000381469727,39.68000030517578,76.02252197265625,73.48466491699219,148.41441345214844,164.34999084472656,87.58055114746094,84.64299011230469,37.4275016784668
2023-11-30,66988.4375,1175.466552734375,3335.722900390625,1370.115478515625,738.3277587890625,920.1209106445312,3058.883056640625,399.38433837890625,544.4522094726562,1000.5628051757812,2476.401611328125,13.0600004196167,19.350000381469727,40.58000183105469,74.4857406616211,72.89889526367188,145.5489044189453,169.6243133544922,88.5794906616211,84.9918441772461,37.16240692138672
2023-12-01,67481.1875,1183.900146484375,3351.19189453125,1367.243896484375,736.670166015625,931.0911865234375,3135.85498046875,412.4953918457031,551.3458251953125,1001.0066528320312,2492.494873046875,13.270000457763672,19.309999465942383,39.41999816894531,77.5208740234375,73.631103515625,146.88284301757812,169.57456970214844,89.5112075805664,85.7792739868164,37.29986572265625
2023-12-04,68865.1171875,1197.5277099609375,3351.2392578125,1378.729736328125,762.031005859375,974.6276245117188,3257.45751953125,416.2087097167969,573.3283081054688,1018.1668090820312,2530.077880859375,13.149999618530273,19.559999465942383,40.06999969482422,80.42154693603516,74.5292739868164,152.21865844726562,173.25665283203125,90.24119567871094,86.70623779296875,38.890438079833984
2023-12-05,69296.140625,1205.7139892578125,3370.57568359375,1368.6090087890625,768.8506469726562,996.8141479492188,3258.931884765625,414.09991455078125,586.5852661132812,1016.44091796875,2492.4462890625,13.0600004196167,19.6200008392334,39.689998626708984,81.67018127441406,74.33403015136719,154.54071044921875,175.893798828125,91.91252136230469,89.01866912841797,39.175167083740234
2023-12-06,69653.7265625,1217.1649169921875,3440.71044921875,1387.8148193359375,770.6265869140625,986.778564453125,3334.085693359375,424.50628662109375,586.2960205078125,1009.8333129882812,2495.266357421875,12.84000015258789,19.729999542236328,38.93000030517578,82.06398010253906,74.02162170410156,153.35496520996094,177.6353302001953,95.46644592285156,90.12505340576172,38.85116195678711
2023-12-07,69521.6875,1215.631591796875,3453.4580078125,1380.330322265625,772.2368774414062,983.236572265625,3303.7587890625,420.013671875,589.9115600585938,984.980712890625,2450.438720703125,13.220000267028809,20.059999465942383,39.029998779296875,83.28379821777344,74.23640441894531,152.86093139648438,182.3125762939453,94.9765853881836,87.40396118164062,39.175167083740234
2023-12-08,69825.6015625,1214.93896484375,3462.719970703125,1403.34912109375,782.8926391601562,994.6495361328125,3321.453369140625,411.8077392578125,591.9844360351562,985.7203369140625,2451.751708984375,12.880000114440918,19.90999984741211,38.68000030517578,83.130126953125,74.76359558105469,152.71270751953125,175.893798828125,94.24658203125,87.78271484375,39.145713806152344
2023-12-11,69928.53125,1216.348876953125,3477.80712890625,1401.46630859375,781.7796630859375,1000.6511840820312,3327.10595703125,414.69586181640625,592.3218994140625,986.8544921875,2435.31787109375,13.140000343322754,20.260000228881836,39.15999984741211,84.95503997802734,80.25028228759766,152.31744384765625,178.8792724609375,96.80156707763672,87.04513549804688,39.744632720947266
2023-12-12,69551.03125,1198.98681640625,3506.309814453125,1389.603759765625,774.0838623046875,998.8310546875,3286.408203125,415.4293518066406,590.3936157226562,981.9727783203125,2433.1787109375,13.130000114440918,21.290000915527344,38.52000045776367,84.70531463623047,81.00202178955078,150.68707275390625,177.03823852539062,96.12921905517578,86.58663177490234,39.47953796386719
2023-12-13,69584.6015625,1203.6612548828125,3431.5439453125,1364.08984375,772.71044921875,997.7979736328125,3342.392333984375,417.7215270996094,597.6246948242188,986.0654907226562,2442.513671875,13.180000305175781,21.209999084472656,38.189998626708984,85.26239776611328,81.54873657226562,150.4894561767578,178.68023681640625,99.16445922851562,87.20460510253906,39.273353576660156
2023-12-14,70514.203125,1219.0445556640625,3501.105224609375,1413.3756103515625,781.4008178710938,1017.6723022460938,3375.619384765625,421.8931884765625,601.1920166015625,992.1800537109375,2448.980224609375,13.9399995803833,21.420000076293945,37.33000183105469,86.35736083984375,90.44267272949219,150.8846893310547,180.37200927734375,106.55089569091797,87.86245727539062,39.49917221069336
2023-12-15,71483.75,1234.2301025390625,3685.82421875,1486.8101806640625,784.408203125,1020.3778686523438,3427.720458984375,420.1970520019531,625.1510620117188,979.3099365234375,2453.355712890625,14.039999961853027,21.93000030517578,38.61000061035156,87.63479614257812,92.44403839111328,155.08416748046875,180.6208038330078,106.9447021484375,89.68649291992188,40.11772918701172
2023-12-18,71315.09375,1246.472412109375,3683.86669921875,1472.2174072265625,784.2660522460938,1004.1439208984375,3431.99658203125,414.09991455078125,625.5848388671875,976.499267578125,2465.462158203125,14.09000015258789,22.780000686645508,37.83000183105469,87.75006103515625,92.12187194824219,154.73834228515625,186.49221801757812,110.95968627929688,89.447265625,40.76573944091797
2023-12-19,71437.1875,1265.51611328125,3640.038330078125,1465.9095458984375,782.8689575195312,998.4866333007812,3439.56591796875,418.179931640625,632.0928344726562,973.7378540039062,2490.793212890625,14.010000228881836,22.170000076293945,37.47999954223633,87.75006103515625,97.7647705078125,155.57823181152344,183.8052978515625,106.65654754638672,89.90576934814453,41.050472259521484
2023-12-20,70506.3125,1250.1329345703125,3609.7216796875,1445.8563232421875,784.3607177734375,990.0253295898438,3362.249755859375,413.2747497558594,613.3402709960938,957.8104858398438,2486.22314453125,13.09000015258789,20.520000457763672,35.61000061035156,83.37984466552734,90.28646087646484,151.2799530029297,171.21658325195312,99.67353820800781,86.99529266357422,37.594417572021484
2023-12-21,70865.1015625,1267.37109375,3618.41064453125,1446.326904296875,798.6632080078125,987.46728515625,3367.066650390625,413.7331848144531,620.8124389648438,964.9112548828125,2482.91650390625,13.65999984741211,21.149999618530273,37.130001068115234,86.280517578125,96.39797973632812,152.1198272705078,179.526123046875,104.6874771118164,88.02193450927734,38.949344635009766
2023-12-22,71106.9609375,1268.607666015625,3652.642578125,1470.5697021484375,791.2278442382812,977.8252563476562,3417.349365234375,417.2630920410156,613.8223876953125,975.6116333007812,2504.017822265625,13.609999656677246,21.059999465942383,37.209999084472656,85.69461822509766,95.44122314453125,152.1198272705078,177.3865509033203,108.32785034179688,88.1515121459961,38.80207061767578
2023-12-26,71336.796875,1274.9390869140625,3623.328369140625,1454.0941162109375,797.100341796875,979.0550537109375,3430.030517578125,418.2257995605469,615.0757446289062,985.6710205078125,2514.3740234375,13.369999885559082,20.969999313354492,36.880001068115234,85.02227020263672,95.09952545166016,152.16925048828125,181.36717224121094,109.18273162841797,88.24121856689453,38.497703552246094
2023-12-27,72038.4296875,1279.316650390625,3638.796875,1474.8062744140625,806.4537353515625,985.597900390625,3483.508056640625,418.8217468261719,625.102783203125,1006.8746337890625,2537.22509765625,13.430000305175781,20.979999542236328,37.04999923706055,88.14385223388672,94.4454116821289,152.0704345703125,181.11837768554688,110.86363983154297,88.58010864257812,39.194801330566406
2023-12-28,72410.3828125,1288.9375,3629.487060546875,1471.51123046875,807.5667114257812,989.1890258789062,3458.391357421875,425.6065368652344,627.754150390625,1023.097900390625,2561.146240234375,13.239999771118164,20.8799991607666,38.189998626708984,91.85133361816406,94.16229248046875,153.6020050048828,191.6670379638672,118.06756591796875,88.46050262451172,39.0377082824707
2023-12-29,72240.2578125,1278.57470703125,3623.662353515625,1452.540771484375,809.6741943359375,980.3834228515625,3467.23876953125,423.9103088378906,618.9323120117188,1018.6104736328125,2589.831787109375,16.020000457763672,21.459999084472656,38.18000030517578,92.00502014160156,96.9642105102539,154.1948699951172,192.51290893554688,118.7207260131836,88.60004425048828,39.0180778503418
2024-01-02,71892.4765625,1291.4599609375,3612.49072265625,1445.1029052734375,804.7489013671875,966.2647094726562,3380.780029296875,431.0618591308594,616.1362915039062,1007.8115844726562,2541.35791015625,16.030000686645508,23.219999313354492,38.25,93.18640899658203,97.61832427978516,150.14361572265625,201.07125854492188,118.24046325683594,85.8590087890625,39.126075744628906
2024-01-03,71356.6015625,1277.6348876953125,3524.929443359375,1402.972412109375,792.2460327148438,968.3800659179688,3382.697265625,437.61737060546875,620.330322265625,1020.8294677734375,2533.384033203125,15.890000343322754,22.889999389648438,37.83000183105469,92.65814208984375,98.5457992553711,149.9459991455078,193.5578155517578,114.39836883544922,85.81914520263672,40.3140983581543
2024-01-04,71847.5703125,1284.7823486328125,3501.487060546875,1423.6846923828125,800.41552734375,970.5446166992188,3400.489990234375,436.2420654296875,619.6554565429688,1034.685791015625,2520.64599609375,16.809999465942383,23.25,38.70000076293945,93.5225830078125,98.84844207763672,152.95973205566406,194.10516357421875,113.96614074707031,86.7560806274414,40.92283630371094
2024-01-05,72026.1484375,1289.4073486328125,3569.044189453125,1443.173095703125,796.8162231445312,978.0712280273438,3455.4423828125,434.5000305175781,618.8358764648438,1032.4176025390625,2547.97021484375,17.110000610351562,23.969999313354492,40.630001068115234,93.41693115234375,98.36030578613281,152.76211547851562,194.8515167236328,112.33324432373047,86.3773193359375,40.6282844543457
2024-01-08,71355.21875,1279.1929931640625,3511.70458984375,1433.8055419921875,787.9364013671875,966.1663818359375,3440.89306640625,426.66094970703125,604.5665283203125,1034.685791015625,2507.664306640625,17.149999618530273,24.239999771118164,42.65999984741211,91.24623107910156,97.59880065917969,148.41441345214844,194.2046661376953,109.73983001708984,85.23107147216797,39.80354309082031
2024-01-09,71386.2109375,1276.4725341796875,3523.592529296875,1439.6427001953125,781.614013671875,963.5098876953125,3494.075927734375,425.7440490722656,602.9757080078125,1050.21875,2509.85205078125,16.219999313354492,24.219999313354492,43.40999984741211,91.20780944824219,97.70619201660156,149.64955139160156,194.6027374267578,109.73983001708984,83.97518157958984,39.636627197265625
2024-01-10,71657.7109375,1310.77587890625,3546.079345703125,1430.69873046875,784.2660522460938,977.0381469726562,3486.899658203125,424.6896667480469,599.4083862304688,1048.8873291015625,2506.0595703125,16.1299991607666,25.489999771118164,43.5099983215332,90.66993713378906,100.6155014038086,149.9459991455078,198.63311767578125,110.55628204345703,83.68612670898438,39.194801330566406
2024-01-11,71721.1796875,1344.634033203125,3567.564208984375,1407.4915771484375,780.950927734375,974.9720458984375,3445.759033203125,424.1395568847656,598.0585327148438,1048.1968994140625,2467.01806640625,16.059999465942383,25.540000915527344,43.529998779296875,91.04452514648438,104.33514404296875,148.5132293701172,196.79208374023438,108.9714126586914,86.33744812011719,39.37153244018555
2024-01-12,72568.453125,1355.3677978515625,3706.497314453125,1517.8314208984375,776.4755249023438,987.6640014648438,3505.47900390625,427.8069763183594,611.0263061523438,1061.2642822265625,2474.991943359375,15.869999885559082,24.90999984741211,44.970001220703125,93.85875701904297,110.69072723388672,149.45193481445312,195.4486083984375,110.36417388916016,86.89562225341797,40.66755294799805
2024-01-15,73327.9375,1378.8138427734375,3726.262451171875,1555.3017578125,791.7724609375,993.3212890625,3482.4267578125,428.54046630859375,617.1968383789062,1086.6099853515625,2502.121337890625,16.469999313354492,24.729999542236328,43.86000061035156,94.31978607177734,127.02391815185547,151.18113708496094,200.22537231445312,110.1240463256836,86.51686096191406,40.932647705078125
2024-01-16,73128.7734375,1359.102294921875,3686.731201171875,1535.48388671875,795.135009765625,992.8786010742188,3513.19580078125,432.8497009277344,613.9669799804688,1080.2489013671875,2497.16259765625,15.739999771118164,25.670000076293945,42.06999969482422,94.39662170410156,138.4073486328125,147.9203643798828,201.91712951660156,114.78257751464844,88.00199890136719,41.158470153808594
2024-01-17,71500.7578125,1346.810546875,3708.836181640625,1543.909912109375,727.8614501953125,964.5429077148438,3511.131591796875,427.9903564453125,603.6987915039062,1070.1895751953125,2493.02978515625,15.09000015258789,24.760000228881836,40.900001525878906,93.39772033691406,145.51466369628906,144.16552734375,205.6489715576172,108.6352310180664,84.95198822021484,40.15700149536133
2024-01-19,71683.2265625,1352.8699951171875,3764.313720703125,1561.8448486328125,696.509765625,982.9906005859375,3584.0732421875,432.3454284667969,605.1932983398438,1109.4901123046875,2493.953369140625,15.079999923706055,25.170000076293945,41.939998626708984,98.10411071777344,156.55641174316406,144.8572235107422,221.12364196777344,109.54772186279297,85.44038391113281,40.74610137939453
2024-01-23,70370.546875,1313.7685546875,3687.590576171875,1546.0753173828125,676.0979614257812,1012.8511962890625,3487.73486328125,420.5179443359375,583.3554077148438,1143.2186279296875,2309.5869140625,14.390000343322754,24.059999465942383,41.20000076293945,94.886474609375,157.64984130859375,138.5827178955078,202.11618041992188,104.55300903320312,81.5830078125,41.03083419799805
2024-01-24,71060.3125,1329.9432373046875,3674.318115234375,1576.4847412109375,689.4768676757812,983.0890502929688,3529.416015625,425.1481018066406,596.1302490234375,1174.0377197265625,2376.6337890625,14.9399995803833,24.68000030517578,41.209999084472656,98.10411071777344,167.78363037109375,140.55892944335938,208.9329833984375,110.50825500488281,79.35031127929688,41.973392486572266
2024-01-25,70700.671875,1340.6522216796875,3636.314208984375,1573.0013427734375,679.74462890625,993.6165161132812,3530.792236328125,417.583984375,590.9239501953125,1143.859619140625,2363.0205078125,14.609999656677246,24.8799991607666,42.52000045776367,100.47650909423828,169.81430053710938,140.11427307128906,218.88453674316406,114.350341796875,79.85865020751953,40.46137237548828
2024-01-29,71941.5703125,1432.556640625,3629.7734375,1558.973388671875,689.3822631835938,1000.9463500976562,3645.46435546875,412.58709716796875,600.5654296875,1146.0294189453125,2376.92529296875,14.699999809265137,24.350000381469727,43.27000045776367,103.27152252197266,166.79759216308594,143.62208557128906,220.2777557373047,115.64705657958984,83.25752258300781,41.875213623046875
2024-01-30,71139.8984375,1392.34228515625,3627.625244140625,1554.1719970703125,683.9595336914062,999.9132690429688,3571.78515625,401.5848083496094,604.1326293945312,1142.3310546875,2391.07373046875,14.489999771118164,23.899999618530273,43.81999969482422,104.92355346679688,162.62887573242188,143.32565307617188,226.9453125,116.41547393798828,82.37042999267578,42.945411682128906
2024-01-31,71752.109375,1411.3118896484375,3642.568359375,1564.810546875,692.5079345703125,1011.3262939453125,3421.1337890625,404.7479553222656,617.678955078125,1154.56005859375,2411.931884765625,14.359999656677246,24.06999969482422,46.0099983215332,109.93730163574219,170.87844848632812,145.49949645996094,227.1443328857422,117.66414642333984,83.98514556884766,45.684722900390625
2024-02-01,71645.296875,1411.064453125,3677.612060546875,1559.4912109375,694.4732666015625,1009.0632934570312,3339.590576171875,406.03155517578125,624.6207275390625,1134.8851318359375,2405.903076171875,14.149999618530273,23.889999389648438,48.310001373291016,114.1538314819336,166.01658630371094,145.05484008789062,226.39797973632812,114.5904769897461,83.07810974121094,47.952762603759766
2024-02-02,72085.6328125,1441.757080078125,3787.325927734375,1594.7020263671875,685.214599609375,1008.22705078125,3320.51953125,403.6018981933594,627.079345703125,1134.68798828125,2386.309326171875,14.039999961853027,23.700000762939453,48.59000015258789,120.4930419921875,164.94265747070312,144.1161346435547,232.5679473876953,123.23519134521484,82.32058715820312,49.75933837890625
2024-02-05,71731.421875,1423.1090087890625,3793.437255859375,1588.0177001953125,684.3858032226562,1007.2923583984375,3283.852294921875,401.630615234375,620.0410766601562,1098.3951416015625,2353.296630859375,13.720000267028809,22.799999237060547,48.25,116.84320068359375,156.69308471679688,145.49949645996094,234.16018676757812,129.86279296875,82.96846771240234,56.69108200073242
2024-02-06,72186.09375,1413.092529296875,3946.884033203125,1628.030029296875,683.7701416015625,1009.6044921875,3365.592041015625,395.53350830078125,627.5614013671875,1118.6126708984375,2359.276611328125,14.239999771118164,25.420000076293945,48.0099983215332,117.13134765625,157.08360290527344,145.25245666503906,230.57762145996094,139.9002685546875,82.72925567626953,57.76128387451172
2024-02-07,72152.0,1426.2498779296875,3898.902099609375,1594.5609130859375,677.187255859375,1007.2431640625,3336.19921875,395.991943359375,651.2793579101562,1118.908447265625,2359.03369140625,14.979999542236328,29.829999923706055,49.2599983215332,119.0042953491211,158.59681701660156,147.4263153076172,230.32882690429688,137.8351287841797,82.89869689941406,67.10833740234375
2024-02-08,71428.4296875,1435.920166015625,3948.888916015625,1594.090087890625,664.7555541992188,973.643798828125,3280.903076171875,385.57232666015625,674.3223876953125,1126.8475341796875,2351.1572265625,14.819999694824219,30.030000686645508,49.34000015258789,119.38848876953125,158.15750122070312,144.9066162109375,229.78150939941406,133.6088409423828,80.73577880859375,62.169715881347656
2024-02-09,71595.4921875,1445.4915771484375,3947.647705078125,1571.91845703125,664.5423583984375,994.4527587890625,3268.56591796875,386.6421813964844,698.2813720703125,1105.6439208984375,2357.283203125,15.520000457763672,31.3700008392334,47.380001068115234,118.95626831054688,150.05438232421875,145.59829711914062,226.44772338867188,128.3739776611328,81.01486206054688,59.45985794067383
2024-02-12,71072.4921875,1435.920166015625,3933.1337890625,1581.474609375,658.5514526367188,979.5962524414062,3243.44921875,378.5018615722656,682.5176391601562,1103.5234375,2319.748779296875,14.470000267028809,28.280000686645508,45.02000045776367,113.48149871826172,129.84535217285156,144.75840759277344,215.25222778320312,118.04837036132812,78.95161437988281,54.15795135498047
2024-02-13,71555.1875,1448.7808837890625,3961.874755859375,1585.9935302734375,660.1853637695312,1003.6519775390625,3263.6015625,378.269287109375,687.5311279296875,1102.2906494140625,2327.479248046875,14.710000038146973,27.850000381469727,43.880001068115234,117.32344055175781,149.76148986816406,145.99354553222656,212.26675415039062,113.24574279785156,80.24738311767578,55.52269744873047
2024-02-14,71822.828125,1465.4256591796875,3915.898681640625,1568.4822998046875,655.4494018554688,1005.2754516601562,3252.837158203125,382.9208984375,716.6964721679688,1100.3182373046875,2323.00634765625,15.5600004196167,28.700000762939453,46.06999969482422,118.13985443115234,150.68896484375,147.77215576171875,223.51202392578125,118.09638214111328,80.60620880126953,57.80055236816406
2024-02-15,72050.3828125,1455.1864013671875,3916.853515625,1579.4031982421875,669.5387573242188,1000.7496337890625,3244.530517578125,375.8504638671875,734.2921142578125,1105.693115234375,2286.200927734375,15.949999809265137,29.010000228881836,47.0,123.71067810058594,155.0334014892578,154.73834228515625,226.44772338867188,120.73782348632812,80.96503448486328,60.51041793823242
2024-02-16,72426.640625,1445.021728515625,3942.825439453125,1602.7515869140625,672.4513549804688,1006.3084716796875,3331.52978515625,376.5482177734375,727.687744140625,1104.4110107421875,2309.489990234375,15.90999984741211,28.420000076293945,46.7599983215332,125.00733184814453,151.6652374267578,162.6432342529297,224.75595092773438,122.41874694824219,82.61961364746094,59.45985794067383
2024-02-19,72708.15625,1457.2886962890625,3916.471435546875,1599.9742431640625,671.1253051757812,1026.723876953125,3283.311279296875,380.6881103515625,731.8817749023438,1126.4530029296875,2321.64501953125,16.0,27.100000381469727,46.130001068115234,123.37451171875,154.93577575683594,161.062255859375,224.6564483642578,123.18717193603516,81.90196228027344,59.58749008178711
2024-02-20,73057.3984375,1454.61767578125,3848.0556640625,1585.56982421875,688.4823608398438,1031.8892822265625,3296.631591796875,377.757568359375,732.8458862304688,1128.3760986328125,2336.473876953125,15.9399995803833,26.600000381469727,45.779998779296875,124.38301849365234,154.69171142578125,152.46568298339844,229.88101196289062,126.04296875,81.48332977294922,58.4583854675293
2024-02-21,72623.09375,1453.3563232421875,3809.240234375,1559.1146240234375,681.1179809570312,1033.119140625,3240.450927734375,375.19921875,743.8853759765625,1124.0367431640625,2339.63427734375,15.319999694824219,25.540000915527344,44.70000076293945,123.23043823242188,150.59132385253906,151.92221069335938,220.9246063232422,126.04296875,80.65603637695312,58.546749114990234
2024-02-22,73158.2421875,1465.796630859375,3902.005126953125,1581.8980712890625,672.4039916992188,1046.499755859375,3307.0029296875,385.4327697753906,738.4861450195312,1119.5987548828125,2321.985107421875,16.280000686645508,27.15999984741211,44.849998474121094,123.90277862548828,148.4923553466797,151.7740020751953,227.44288635253906,125.0264892578125,80.91519165039062,59.39112854003906
2024-02-23,73142.796875,1477.17333984375,3869.062744140625,1578.83837890625,672.9249267578125,1044.08935546875,3332.316162109375,382.9208984375,732.1710815429688,1111.1666259765625,2328.257080078125,17.549999237060547,26.229999542236328,44.90999984741211,122.94229125976562,149.6638641357422,150.58827209472656,228.6370849609375,123.96161651611328,82.559814453125,58.27183532714844
2024-02-26,72790.1328125,1471.23779296875,3819.839599609375,1561.5623779296875,673.5642700195312,1037.25146484375,3410.959716796875,380.6881103515625,731.785400390625,1094.8941650390625,2337.10595703125,16.8700008392334,25.229999542236328,43.79999923706055,119.91675567626953,148.7364044189453,149.64955139160156,226.8457794189453,120.23454284667969,83.66619110107422,56.96599578857422
2024-02-27,73095.21875,1469.2838134765625,3917.617431640625,1567.3055419921875,672.7591552734375,1043.2530517578125,3446.791259765625,382.50225830078125,722.81884765625,1111.8077392578125,2338.515869140625,15.869999885559082,25.110000610351562,44.34000015258789,118.52405548095703,148.0041961669922,152.41627502441406,221.87001037597656,121.15421295166016,83.04821014404297,55.60124969482422
2024-02-28,72304.8828125,1438.9127197265625,3930.603515625,1572.3421630859375,666.8866577148438,1029.2821044921875,3411.8935546875,380.12994384765625,715.7323608398438,1113.1390380859375,2354.41455078125,13.649999618530273,23.84000015258789,43.130001068115234,115.93073272705078,143.90380859375,148.41441345214844,223.561767578125,117.86276245117188,80.25733947753906,54.0892219543457
2024-02-29,72500.296875,1446.7034912109375,3907.44775390625,1577.00244140625,664.3292846679688,1036.4642333984375,3422.559326171875,378.17626953125,722.4331665039062,1107.4190673828125,2344.49609375,13.670000076293945,24.450000762939453,45.119998931884766,117.13134765625,143.2204132080078,148.7108612060547,226.34820556640625,117.42713165283203,80.73577880859375,55.66997528076172
2024-03-01,73745.3515625,1477.000244140625,3911.41064453125,1558.1732177734375,677.7792358398438,1069.375,3572.866455078125,380.9671936035156,741.716064453125,1113.1390380859375,2346.24658203125,14.210000038146973,24.90999984741211,44.29999923706055,119.91675567626953,143.85498046875,150.78590393066406,234.0606689453125,128.89878845214844,82.00163269042969,57.064178466796875
2024-03-04,73872.2890625,1489.6632080078125,3897.37451171875,1541.9798583984375,678.2764892578125,1074.196044921875,3582.15625,380.5950927734375,744.4639282226562,1118.3660888671875,2354.36572265625,14.1899995803833,24.799999237060547,42.65999984741211,121.11736297607422,142.09768676757812,151.92221069335938,263.41778564453125,137.07901000976562,81.84215545654297,55.188873291015625
2024-03-05,73677.1328125,1483.0843505859375,3830.295166015625,1512.1824951171875,682.491455078125,1070.5555419921875,3549.863525390625,377.80413818359375,755.7926025390625,1152.587646484375,2331.85498046875,14.329999923706055,24.530000686645508,40.54999923706055,124.57511138916016,141.60955810546875,153.30557250976562,263.6167907714844,135.82049560546875,81.26404571533203,59.234031677246094
2024-03-06,74085.9921875,1486.8682861328125,3881.809814453125,1522.6329345703125,682.8466796875,1079.1153564453125,3581.861328125,379.2926330566406,755.9371337890625,1177.390869140625,2334.431640625,14.119999885559082,23.579999923706055,38.529998779296875,125.15141296386719,137.16746520996094,155.33120727539062,253.9637908935547,134.56199645996094,81.51323699951172,57.486366271972656
2024-03-07,74119.390625,1463.19970703125,3924.588134765625,1522.30322265625,684.977783203125,1070.3095703125,3614.350830078125,384.5489501953125,759.8901977539062,1182.6177978515625,2353.8310546875,14.270000457763672,23.8799991607666,40.45000076293945,124.6711654663086,140.29156494140625,154.44190979003906,256.2029113769531,134.56199645996094,80.5762939453125,56.533992767333984
2024-03-11,73502.640625,1449.8939208984375,3935.4736328125,1505.8275146484375,675.8375244140625,1060.5692138671875,3576.897216796875,380.8741455078125,745.7654418945312,1180.5960693359375,2322.1796875,13.75,23.670000076293945,39.16999816894531,123.95079803466797,137.80206298828125,153.50320434570312,253.117919921875,129.91525268554688,80.20751190185547,53.96158218383789
2024-03-12,73667.9609375,1459.2919921875,4002.1708984375,1517.8314208984375,691.3949584960938,1059.5853271484375,3559.69384765625,376.0830078125,732.1710815429688,1187.7955322265625,2312.50439453125,13.680000305175781,22.829999923706055,39.310001373291016,120.9252700805664,133.5064239501953,150.04481506347656,242.86781311035156,125.65574645996094,79.27057647705078,50.73134994506836
2024-03-13,72761.890625,1417.0001220703125,3961.15966796875,1517.360595703125,691.4896240234375,1065.882080078125,3482.22998046875,392.9683837890625,719.63720703125,1153.0806884765625,2249.9794921875,12.390000343322754,20.959999084472656,37.349998474121094,113.96173858642578,121.25408172607422,146.191162109375,224.30813598632812,115.0069580078125,77.22726440429688,47.2458381652832
2024-03-14,73097.28125,1417.272216796875,4017.2578125,1555.725341796875,689.4532470703125,1066.02978515625,3545.19384765625,390.5495300292969,714.1897583007812,1178.8209228515625,2270.739990234375,13.130000114440918,23.43000030517578,39.04999923706055,115.8827133178711,136.9722137451172,144.3631591796875,225.3032989501953,117.86276245117188,78.20406341552734,51.96846389770508
2024-03-15,72643.4296875,1403.4222412109375,4027.140380859375,1539.2027587890625,687.748291015625,1061.208740234375,3475.447021484375,390.31695556640625,705.7534790039062,1203.5255126953125,2263.64111328125,13.149999618530273,23.81999969482422,39.08000183105469,113.09730529785156,133.55523681640625,148.7108612060547,215.65028381347656,117.86276245117188,78.49311828613281,51.389183044433594
2024-03-18,72748.421875,1423.7520751953125,3957.674072265625,1508.5108642578125,684.9066772460938,1063.766845703125,3496.87744140625,388.3167724609375,704.5000610351562,1208.1607666015625,2236.560302734375,13.170000076293945,23.43000030517578,38.43000030517578,115.30642700195312,131.6514892578125,145.647705078125,223.11395263671875,121.78345489501953,77.6558609008789,49.65133285522461
2024-03-19,72012.046875,1410.099853515625,3798.0205078125,1470.522705078125,686.2091674804688,1066.5709228515625,3443.0556640625,380.9671936035156,697.1725463867188,1210.922119140625,2206.658935546875,12.859999656677246,22.969999313354492,37.130001068115234,111.94471740722656,132.09080505371094,145.647705078125,217.59085083007812,118.68561553955078,76.37007141113281,48.826595306396484
2024-03-20,72101.6875,1427.9317626953125,3791.240966796875,1463.6029052734375,677.7554931640625,1067.3580322265625,3452.44384765625,386.7352294921875,709.8992919921875,1215.0150146484375,2179.918212890625,12.739999771118164,23.030000686645508,36.31999969482422,112.04076385498047,129.99179077148438,145.74652099609375,223.71104431152344,119.50848388671875,76.09097290039062,49.494239807128906
2024-03-21,72641.1875,1435.1041259765625,3794.67822265625,1464.167724609375,684.3858032226562,1064.750732421875,3501.890869140625,391.8985290527344,717.13037109375,1204.95556640625,2180.696044921875,12.829999923706055,23.40999984741211,37.34000015258789,116.26691436767578,132.0419921875,148.16738891601562,235.9514923095703,124.68766784667969,77.54621887207031,49.91642761230469
2024-03-22,72831.9375,1439.3580322265625,3736.4794921875,1420.53076171875,683.3675537109375,1072.5234375,3558.66162109375,398.5968322753906,719.63720703125,1218.7625732421875,2193.969482421875,13.329999923706055,23.90999984741211,37.349998474121094,117.8517074584961,137.60679626464844,147.87094116210938,237.8920135498047,125.84934997558594,77.80536651611328,50.574256896972656
2024-03-26,72470.296875,1426.620849609375,3702.1044921875,1405.0908203125,675.7665405273438,1066.5709228515625,3607.6171875,397.6665344238281,713.5148315429688,1199.284912109375,2178.84814453125,13.3100004196167,23.540000915527344,37.09000015258789,119.14836883544922,142.2929229736328,148.06858825683594,238.53887939453125,126.47859191894531,77.45651245117188,49.53351593017578
2024-03-27,72996.3125,1477.9154052734375,3664.2919921875,1397.2296142578125,682.3019409179688,1066.521728515625,3643.25244140625,398.1781921386719,707.72998046875,1207.8155517578125,2178.167724609375,13.319999694824219,23.1299991607666,38.54999923706055,117.89973449707031,139.5105438232422,148.06858825683594,241.72337341308594,129.28602600097656,77.55618286132812,48.66950225830078
2024-03-28,73651.3515625,1472.4495849609375,3708.26318359375,1411.069091796875,685.8539428710938,1078.1806640625,3710.099365234375,398.68988037109375,725.6148071289062,1212.105712890625,2205.63818359375,13.239999771118164,23.200000762939453,40.470001220703125,119.43650817871094,139.02239990234375,148.36500549316406,246.00254821777344,129.86685180664062,75.14408111572266,51.2713623046875
2024-04-01,74014.546875,1468.8387451171875,3738.53271484375,1408.2447509765625,696.249267578125,1081.52587890625,3771.78515625,396.9222412109375,731.0140991210938,1201.0108642578125,2223.530029296875,14.020000457763672,24.43000030517578,41.29999923706055,120.58910369873047,141.365478515625,150.68707275390625,252.62033081054688,136.2077178955078,77.19735717773438,54.0892219543457
2024-04-02,73903.90625,1469.72900390625,3707.356201171875,1396.3822021484375,700.8904418945312,1063.8653564453125,3742.2939453125,396.1314697265625,739.8359985351562,1191.7403564453125,2223.384033203125,13.4399995803833,24.6200008392334,42.540000915527344,121.69365692138672,142.58583068847656,152.0704345703125,250.9783172607422,143.12945556640625,78.81207275390625,54.049949645996094
2024-04-03,73876.8203125,1455.433837890625,3769.087890625,1394.07568359375,702.121826171875,1059.73291015625,3718.16015625,395.66632080078125,743.3069458007812,1208.5059814453125,2203.255615234375,13.550000190734863,25.399999618530273,43.4900016784668,129.8577880859375,141.85360717773438,152.81150817871094,250.58026123046875,143.41986083984375,78.15422821044922,55.92525100708008
2024-04-04,74227.6328125,1447.5443115234375,3822.369873046875,1399.583251953125,723.59912109375,1059.4869384765625,3735.56005859375,393.2939758300781,732.0264282226562,1190.3101806640625,2203.012451171875,13.359999656677246,24.90999984741211,43.029998779296875,129.76174926757812,140.3892059326172,150.68707275390625,250.23194885253906,141.24169921875,79.24066925048828,55.12015151977539
2024-04-05,74248.21875,1444.3291015625,3799.930908203125,1392.89892578125,733.7813720703125,1064.898193359375,3678.199462890625,398.0386657714844,736.9434814453125,1175.1226806640625,2205.10302734375,13.319999694824219,25.219999313354492,42.68000030517578,131.10641479492188,144.34312438964844,152.71270751953125,253.61549377441406,141.4837188720703,80.41682434082031,56.05289077758789
2024-04-08,74742.5,1469.58056640625,3793.3896484375,1390.5921630859375,732.19482421875,1069.3258056640625,3741.06494140625,399.1085205078125,740.8483276367188,1187.5489501953125,2206.51318359375,13.149999618530273,24.75,41.4900016784668,127.69669342041016,144.05026245117188,152.56448364257812,255.05845642089844,141.53211975097656,82.1910171508789,54.77650833129883
2024-04-09,74683.703125,1447.8658447265625,3768.992919921875,1407.208984375,733.4024658203125,1089.3475341796875,3720.32275390625,396.5966491699219,736.750732421875,1187.2530517578125,2201.845703125,12.90999984741211,24.549999237060547,40.939998626708984,127.2164535522461,143.6597137451172,153.79962158203125,254.51112365722656,146.3724822998047,81.9318618774414,55.23796844482422
2024-04-10,75038.1484375,1463.447021484375,3802.794677734375,1418.5067138671875,727.3405151367188,1091.561279296875,3691.27392578125,406.45806884765625,751.0682373046875,1212.3521728515625,2200.727294921875,12.930000305175781,24.469999313354492,42.220001220703125,130.91432189941406,143.1715850830078,157.15921020507812,261.2284240722656,148.11500549316406,84.43367767333984,55.12015151977539
2024-04-12,74244.8984375,1451.822998046875,3819.743896484375,1398.1239013671875,719.3368530273438,1086.3468017578125,3615.825439453125,400.1318359375,739.2575073242188,1208.3087158203125,2171.361083984375,12.960000038146973,24.25,42.20000076293945,129.42556762695312,141.90243530273438,154.0960693359375,261.1786804199219,150.43836975097656,84.0748519897461,54.12849807739258
2024-04-15,73399.78125,1450.7347412109375,3763.740966796875,1382.3543701171875,707.9942626953125,1061.405517578125,3539.787109375,396.2244873046875,729.71240234375,1208.1607666015625,2134.021240234375,13.15999984741211,23.90999984741211,40.689998626708984,127.60064697265625,136.92340087890625,153.20677185058594,255.15797424316406,146.17886352539062,82.4501724243164,52.135372161865234
2024-04-16,72943.6796875,1451.50146484375,3697.52099609375,1331.93896484375,714.8377075195312,1050.3370361328125,3485.031494140625,396.27099609375,724.9400024414062,1199.9259033203125,2159.594970703125,12.920000076293945,23.959999084472656,40.540000915527344,123.13438415527344,138.33900451660156,150.5388641357422,256.1033935546875,144.53314208984375,82.4501724243164,53.136844635009766
2024-04-18,72488.9921875,1448.3851318359375,3689.1181640625,1337.3995361328125,707.8284912109375,1038.4320068359375,3490.7333984375,389.7587890625,718.0945434570312,1249.7296142578125,2153.809326171875,13.199999809265137,23.889999389648438,41.150001525878906,124.43104553222656,138.5342559814453,150.3412322998047,251.92372131347656,140.2252197265625,82.33055877685547,52.55756378173828
2024-04-19,73088.328125,1455.0382080078125,3654.6953125,1328.973388671875,725.2093505859375,1049.2054443359375,3459.571044921875,395.2011413574219,723.8793334960938,1271.130615234375,2170.631591796875,12.920000076293945,23.940000534057617,39.40999984741211,123.18241119384766,137.65560913085938,149.99539184570312,253.2174072265625,141.29010009765625,81.56307220458984,52.4790153503418
2024-04-22,73648.6171875,1464.4364013671875,3690.980224609375,1348.64990234375,716.2111206054688,1069.5225830078125,3552.026123046875,395.61981201171875,738.3897094726562,1280.548828125,2180.647216796875,12.890000343322754,25.209999084472656,40.869998931884766,127.84077453613281,140.6820831298828,151.62579345703125,257.99420166015625,143.56507873535156,82.91864013671875,54.30522918701172
2024-04-23,73738.453125,1443.6119384765625,3699.335205078125,1357.3114013671875,713.7957763671875,1072.6708984375,3548.732666015625,399.2945556640625,745.1387329101562,1323.7943115234375,2200.289794921875,14.390000343322754,25.65999984741211,41.79999923706055,127.55262756347656,144.19668579101562,151.872802734375,258.8898010253906,147.3889617919922,83.26749420166016,53.96158218383789
2024-04-24,73852.9375,1434.7578125,3658.32373046875,1348.0379638671875,715.5717163085938,1079.16455078125,3573.308837890625,398.9689636230469,745.4762573242188,1317.8277587890625,2196.7890625,13.09000015258789,25.469999313354492,41.849998474121094,127.7927474975586,145.41702270507812,151.92221069335938,262.67138671875,159.44146728515625,83.1080093383789,53.47066879272461
2024-04-25,74339.4375,1443.5623779296875,3677.994140625,1354.20458984375,715.4296875,1095.103271484375,3588.742431640625,407.0162353515625,783.4634399414062,1317.5318603515625,2169.416259765625,13.890000343322754,25.959999084472656,42.029998779296875,130.48211669921875,146.6862030029297,154.14547729492188,270.28436279296875,159.63507080078125,83.15785217285156,55.71906661987305
2024-04-26,73730.15625,1435.9449462890625,3640.754150390625,1346.4373779296875,715.00341796875,1089.2984619140625,3541.212646484375,409.2955322265625,772.6651000976562,1307.2259521484375,2160.17822265625,14.010000228881836,26.149999618530273,41.63999938964844,131.05841064453125,154.30120849609375,155.08416748046875,277.449462890625,163.12013244628906,84.56324768066406,55.993980407714844
2024-04-29,74671.28125,1449.547607421875,3695.897705078125,1351.0035400390625,724.0253295898438,1140.1156005859375,3572.276611328125,407.4814147949219,796.5276489257812,1314.8690185546875,2165.47802734375,13.489999771118164,27.110000610351562,41.61000061035156,131.82679748535156,157.03477478027344,158.59197998046875,275.4591369628906,159.53826904296875,81.40359497070312,57.437278747558594
2024-04-30,74482.78125,1449.8690185546875,3650.064697265625,1337.9171142578125,718.460693359375,1133.4744873046875,3533.20068359375,405.2486267089844,796.0938110351562,1304.6124267578125,2169.12451171875,13.199999809265137,26.170000076293945,41.5099983215332,135.524658203125,153.52017211914062,160.5681915283203,280.2856750488281,159.0058135986328,81.88202667236328,56.29834747314453
2024-05-02,74611.109375,1450.339111328125,3689.357177734375,1332.0330810546875,726.0144653320312,1121.5205078125,3536.59228515625,408.5047607421875,800.2877807617188,1288.1427001953125,2164.01953125,13.220000267028809,25.440000534057617,41.689998626708984,132.54714965820312,155.1798553466797,166.0028076171875,291.2323913574219,160.16749572753906,81.33382415771484,55.2477912902832
2024-05-03,73878.1484375,1418.8797607421875,3666.05859375,1333.5391845703125,719.2183837890625,1123.5865478515625,3439.7626953125,405.8533630371094,801.7340087890625,1259.14794921875,2154.343994140625,13.1899995803833,24.959999084472656,41.369998931884766,130.43409729003906,153.27610778808594,163.97718811035156,303.6221008300781,162.53927612304688,80.67597961425781,54.5212287902832
2024-05-06,73895.5390625,1404.2879638671875,3743.736328125,1342.34228515625,721.1838989257812,1130.27685546875,3403.39013671875,404.3183288574219,778.7874145507812,1265.656982421875,2193.09423828125,12.819999694824219,24.110000610351562,40.63999938964844,122.07785034179688,152.00694274902344,161.80332946777344,287.6000671386719,157.74732971191406,79.8088150024414,53.382301330566406
2024-05-07,73511.8515625,1386.95068359375,3798.689208984375,1356.4171142578125,713.4169311523438,1113.501708984375,3374.587158203125,409.7142028808594,773.1953735351562,1267.1363525390625,2313.914306640625,12.380000114440918,22.8700008392334,39.779998779296875,117.46751403808594,146.39332580566406,157.7026824951172,278.8426818847656,151.16444396972656,77.59605407714844,51.340091705322266
2024-05-08,73466.390625,1403.2738037109375,3793.3896484375,1343.8013916015625,701.9560546875,1104.8929443359375,3426.09814453125,410.1793518066406,781.3424072265625,1270.9332275390625,2275.747802734375,12.710000038146973,22.979999542236328,39.959999084472656,120.06082916259766,148.58993530273438,155.380615234375,284.91314697265625,155.52076721191406,76.6391830444336,52.36119842529297
2024-05-09,72404.171875,1378.467529296875,3781.310302734375,1354.5340576171875,685.9013061523438,1097.5631103515625,3220.59326171875,395.57330322265625,790.2606811523438,1258.013916015625,2260.77294921875,12.670000076293945,22.649999618530273,39.599998474121094,117.2273941040039,143.41566467285156,155.18299865722656,271.777099609375,148.26022338867188,75.65242004394531,50.92771911621094
2024-05-10,72664.46875,1392.4906005859375,3720.008544921875,1341.730224609375,699.6748046875,1098.6943359375,3215.874755859375,403.015869140625,789.00732421875,1284.6416015625,2292.035400390625,12.729999542236328,22.489999771118164,39.869998931884766,118.95626831054688,144.5872039794922,157.94970703125,273.0707702636719,151.84210205078125,76.30030059814453,52.29000473022461
2024-05-13,72776.1328125,1387.6185302734375,3768.658447265625,1339.9415283203125,708.53271484375,1109.36962890625,3239.123779296875,401.75994873046875,779.8479614257812,1268.8128662109375,2295.147216796875,12.609999656677246,22.239999771118164,39.0,118.13985443115234,142.4882049560547,159.92593383789062,281.9774475097656,151.98728942871094,77.07775115966797,50.977073669433594
2024-05-14,73104.609375,1404.68359375,3725.832763671875,1341.4476318359375,711.452880859375,1102.7283935546875,3321.502685546875,399.759765625,788.8145141601562,1267.6788330078125,2284.49951171875,13.25,22.530000686645508,40.189998626708984,120.78118896484375,153.4713592529297,161.90216064453125,286.7541809082031,159.44146728515625,77.24720001220703,51.47065734863281
2024-05-15,72987.03125,1400.4049072265625,3705.207763671875,1337.587646484375,700.2831420898438,1106.467041015625,3352.321044921875,398.0386657714844,790.98388671875,1293.6654052734375,2257.6611328125,13.1899995803833,22.59000015258789,42.189998626708984,119.34046936035156,151.56761169433594,160.71640014648438,289.7894287109375,161.0387725830078,76.61925506591797,52.062957763671875
2024-05-16,73663.71875,1409.8277587890625,3751.326416015625,1367.8558349609375,710.6498413085938,1112.960693359375,3400.784912109375,401.2017517089844,782.7886352539062,1326.3583984375,2278.178955078125,13.149999618530273,22.670000076293945,42.7400016784668,120.10885620117188,153.86187744140625,162.0997772216797,293.07342529296875,158.4249725341797,76.7886962890625,51.954368591308594
2024-05-17,73917.03125,1419.968017578125,3687.510986328125,1359.52392578125,712.961669921875,1112.22265625,3391.54443359375,406.1789245605469,788.5252075195312,1325.6187744140625,2255.424560546875,13.25,23.010000228881836,42.540000915527344,120.10885620117188,164.7962188720703,162.0997772216797,298.1487121582031,161.52281188964844,76.98804473876953,52.1912841796875
2024-05-21,73953.3125,1420.264892578125,3675.68017578125,1350.25048828125,709.798095703125,1102.580810546875,3381.46826171875,404.6439514160156,800.7698974609375,1325.372314453125,2246.478759765625,13.569999694824219,23.239999771118164,44.029998779296875,121.35748291015625,175.09597778320312,161.5069122314453,317.6537780761719,168.6381378173828,77.18739318847656,55.83391571044922
2024-05-22,74221.0625,1444.724853515625,3685.01025390625,1369.50341796875,710.4551391601562,1094.709716796875,3401.472900390625,409.1094665527344,803.171630859375,1328.971923828125,2301.467529296875,13.5,22.969999313354492,45.959999084472656,120.87724304199219,171.5325469970703,160.66702270507812,300.43756103515625,163.60415649414062,76.8983383178711,56.08070755004883
2024-05-23,75418.0390625,1470.668701171875,3746.324951171875,1386.6851806640625,726.2484130859375,1116.502685546875,3525.33642578125,410.45843505859375,815.9647216796875,1355.0078125,2314.935302734375,14.050000190734863,23.079999923706055,48.25,121.59760284423828,181.978759765625,160.8152313232422,303.3732604980469,163.9429931640625,77.78543853759766,56.66313552856445
2024-05-24,75410.390625,1464.0406494140625,3703.668701171875,1379.24755859375,738.148193359375,1113.0098876953125,3564.46142578125,405.7138366699219,812.28857421875,1369.4559326171875,2304.48193359375,15.109999656677246,23.030000686645508,45.88999938964844,121.35748291015625,179.68450927734375,161.25987243652344,303.97039794921875,164.039794921875,77.45651245117188,56.19916534423828
2024-05-27,75390.5,1450.5120849609375,3699.62939453125,1385.461181640625,743.6478271484375,1111.87841796875,3588.89013671875,401.434326171875,817.6802978515625,1364.62353515625,2317.852294921875,15.029999732971191,23.040000915527344,45.2599983215332,124.38301849365234,180.2214813232422,161.65512084960938,297.3028259277344,161.23239135742188,78.46321868896484,60.20704650878906
2024-05-28,75170.453125,1440.0257568359375,3693.329833984375,1380.377197265625,744.8888549804688,1108.72998046875,3595.0341796875,399.0154724121094,814.5433349609375,1351.6549072265625,2327.236328125,14.539999961853027,22.780000686645508,43.959999084472656,122.99031066894531,175.9258270263672,158.2955322265625,289.7894287109375,157.2148895263672,77.74556732177734,57.38376235961914
2024-05-29,74502.8984375,1425.285400390625,3660.09912109375,1366.6319580078125,733.865234375,1084.4774169921875,3571.883544921875,400.7830810546875,806.7498168945312,1358.213134765625,2306.9130859375,14.8100004196167,22.739999771118164,46.150001525878906,122.94229125976562,175.97463989257812,157.80148315429688,292.67535400390625,157.2148895263672,76.87840270996094,56.57429122924805
2024-05-30,73885.6015625,1409.72900390625,3593.10986328125,1342.2950439453125,737.150390625,1096.874267578125,3573.50537109375,394.5033874511719,809.7887573242188,1358.410400390625,2284.69384765625,14.59000015258789,22.549999237060547,45.36000061035156,122.36599731445312,172.36239624023438,158.34495544433594,289.3913269042969,152.76174926757812,77.29703521728516,55.172515869140625
2024-05-31,73961.3125,1414.4775390625,3529.341552734375,1350.457763671875,745.0592651367188,1101.596923828125,3605.20849609375,396.4570617675781,813.759033203125,1352.9368896484375,2264.419189453125,15.260000228881836,22.989999771118164,47.61000061035156,124.2869644165039,173.58274841308594,160.0247344970703,297.50189208984375,153.34259033203125,76.17071533203125,56.23865509033203
2024-06-03,76468.78125,1494.436279296875,3565.746337890625,1350.121826171875,765.1354370117188,1141.591552734375,3831.30810546875,400.55047607421875,887.9688720703125,1374.7320556640625,2289.798828125,16.020000457763672,23.540000915527344,49.9900016784668,131.586669921875,184.46827697753906,162.39620971679688,309.841796875,160.8935546875,77.735595703125,61.0362663269043
2024-06-04,72079.046875,1381.831298828125,3573.87353515625,1339.077880859375,721.6491088867188,1055.895751953125,3345.14501953125,393.3073425292969,759.9398193359375,1288.58642578125,2427.29541015625,13.229999542236328,21.84000015258789,47.5,110.79212951660156,160.9887237548828,152.71270751953125,244.95762634277344,128.9471893310547,72.30337524414062,53.079734802246094
2024-06-05,74382.2421875,1405.8460693359375,3603.496826171875,1373.505615234375,755.01220703125,1090.8233642578125,3351.780517578125,407.4149169921875,774.1053466796875,1325.8653564453125,2531.050537109375,14.859999656677246,22.65999984741211,48.349998474121094,116.98727416992188,162.55078125,163.92776489257812,254.0135498046875,140.90289306640625,77.06777954101562,53.72138595581055
2024-06-06,75074.5078125,1416.5302734375,3684.384521484375,1414.079345703125,758.978759765625,1092.7911376953125,3426.737548828125,412.6224060058594,800.867919921875,1352.8382568359375,2479.31884765625,15.0,22.920000076293945,49.66999816894531,119.0042953491211,168.89659118652344,162.54441833496094,276.8026428222656,142.2097625732422,77.02791595458984,55.50815200805664
2024-06-07,76693.359375,1453.974609375,3744.20849609375,1472.51513671875,765.6951293945312,1103.8106689453125,3472.989501953125,415.7469177246094,813.5630493164062,1406.1431884765625,2505.524658203125,15.850000381469727,23.18000030517578,49.84000015258789,120.10885620117188,169.4823760986328,163.13729858398438,283.9677429199219,147.92140197753906,77.4266128540039,56.1596794128418
2024-06-10,76490.078125,1454.54345703125,3709.007080078125,1440.1522216796875,759.9765014648438,1105.9259033203125,3482.08251953125,413.5218505859375,815.7687377929688,1405.5513916015625,2493.41845703125,15.8100004196167,23.84000015258789,47.349998474121094,120.3489761352539,168.99424743652344,162.84085083007812,283.0223388671875,145.69482421875,77.33689880371094,55.64635467529297
2024-06-11,76456.59375,1441.138671875,3704.91943359375,1436.262939453125,761.5582885742188,1100.5146484375,3539.295654296875,409.59259033203125,818.8076782226562,1407.819580078125,2484.81298828125,16.200000762939453,23.6299991607666,48.2599983215332,121.11736297607422,171.9718780517578,165.36053466796875,293.7202453613281,146.17886352539062,77.24720001220703,55.478538513183594
2024-06-12,76606.5703125,1447.3465576171875,3686.01953125,1426.08349609375,765.9872436523438,1101.596923828125,3567.803955078125,409.2611999511719,822.6309204101562,1418.61865234375,2459.190185546875,16.440000534057617,24.1299991607666,50.290000915527344,122.46204376220703,173.533935546875,171.7832794189453,293.6207580566406,146.13046264648438,77.57611846923828,56.55454635620117
2024-06-13,76810.8984375,1448.6324462890625,3729.397216796875,1434.9664306640625,769.4183959960938,1089.4952392578125,3641.433837890625,407.4149169921875,827.2874145507812,1405.6500244140625,2418.884521484375,16.06999969482422,23.809999465942383,49.86000061035156,121.54959106445312,170.99560546875,170.25169372558594,302.4278869628906,144.82357788085938,77.21729278564453,56.218910217285156
2024-06-14,76992.7734375,1461.4437255859375,3685.58740234375,1429.49267578125,777.4732055664062,1088.0194091796875,3624.23046875,408.1723937988281,823.6602783203125,1408.0662841796875,2434.2998046875,16.729999542236328,23.81999969482422,49.470001220703125,123.80671691894531,170.60508728027344,172.27734375,304.16937255859375,148.74424743652344,77.75553131103516,56.090576171875
2024-06-18,77301.140625,1464.83203125,3669.043701171875,1438.423583984375,782.972900390625,1104.9420166015625,3626.1474609375,405.99468994140625,827.9735717773438,1409.0030517578125,2439.3564453125,16.860000610351562,23.799999237060547,49.95000076293945,123.4705581665039,171.5325469970703,172.82078552246094,303.97039794921875,148.45384216308594,81.15440368652344,55.547637939453125
2024-06-19,77337.59375,1442.9688720703125,3655.91552734375,1451.3878173828125,806.9426879882812,1126.292236328125,3529.514404296875,401.16595458984375,835.8161010742188,1373.9432373046875,2412.747802734375,16.920000076293945,23.81999969482422,48.900001525878906,123.18241119384766,169.1406707763672,172.52435302734375,295.561279296875,145.21080017089844,81.89199829101562,55.53776550292969
2024-06-20,77478.9296875,1457.412353515625,3641.96923828125,1455.181396484375,812.2963256835938,1138.14794921875,3563.89404296875,400.8345642089844,827.1893310546875,1362.1087646484375,2436.803466796875,16.530000686645508,23.959999084472656,50.52000045776367,123.42253112792969,168.21319580078125,176.77322387695312,291.9787292480469,149.03468322753906,83.57648468017578,56.72236251831055
2024-06-21,77209.8984375,1437.8245849609375,3663.46533203125,1470.9306640625,810.5443115234375,1139.3778076171875,3500.48486328125,397.28399658203125,819.93505859375,1393.76611328125,2397.087158203125,17.139999389648438,23.84000015258789,53.040000915527344,122.2077407836914,172.1183319091797,174.30294799804688,293.5212707519531,150.58358764648438,83.15785217285156,56.041221618652344
2024-06-24,77341.078125,1426.0521240234375,3671.49658203125,1466.6572265625,813.8051147460938,1151.1351318359375,3499.345458984375,400.7398986816406,816.2589111328125,1399.634033203125,2397.33251953125,17.270000457763672,23.950000762939453,54.709999084472656,121.5274658203125,172.60647583007812,173.75950622558594,293.1729431152344,145.0655975341797,82.6495132446289,55.468666076660156
2024-06-25,78053.5234375,1438.6654052734375,3692.4638671875,1480.1497802734375,832.68896484375,1179.7166748046875,3554.03564453125,400.55047607421875,825.2777099609375,1395.590576171875,2387.808349609375,17.200000762939453,24.020000457763672,53.619998931884766,120.60421752929688,171.3861083984375,173.8088836669922,292.3270568847656,142.3065643310547,82.6694564819336,54.925724029541016
2024-06-26,78674.25,1497.478271484375,3708.766845703125,1480.19775390625,827.140625,1198.6070556640625,3572.563232421875,401.35528564453125,828.4147338867188,1438.441650390625,2402.33984375,18.020000457763672,23.809999465942383,52.77000045776367,120.84717559814453,170.89797973632812,174.9452362060547,294.36712646484375,139.40235900878906,82.44020080566406,54.333431243896484
2024-06-27,79243.1796875,1514.1478271484375,3783.258544921875,1511.072265625,825.6804809570312,1199.6893310546875,3532.09033203125,402.538818359375,827.5325317382812,1451.5089111328125,2417.902587890625,18.520000457763672,23.520000457763672,53.2599983215332,115.64788818359375,169.0918426513672,174.89581298828125,295.7603759765625,138.3374786376953,81.9318618774414,53.51408386230469
2024-06-28,79032.7265625,1549.1436767578125,3755.798828125,1504.7821044921875,819.3778686523438,1180.4547119140625,3516.63427734375,402.3021240234375,832.1399536132812,1425.423583984375,2430.3232421875,17.899999618530273,23.700000762939453,52.84000015258789,119.77816772460938,169.62881469726562,175.1922607421875,299.2931213378906,144.00070190429688,81.87206268310547,54.07676696777344
2024-07-01,79476.1875,1543.4554443359375,3821.6337890625,1526.677490234375,829.69580078125,1192.60546875,3495.0849609375,406.4681091308594,825.5228271484375,1433.1654052734375,2456.8828125,17.6299991607666,24.059999465942383,52.970001220703125,118.95211029052734,167.67625427246094,175.68630981445312,300.6863708496094,144.2911376953125,80.87532043457031,53.987918853759766
2024-07-02,79441.453125,1549.3663330078125,3862.607177734375,1556.687744140625,842.2525634765625,1171.2061767578125,3590.79345703125,402.72821044921875,810.0828857421875,1398.9931640625,2440.0927734375,17.030000686645508,23.860000610351562,53.0099983215332,117.25140380859375,167.8715057373047,172.96900939941406,295.6110534667969,142.0161590576172,78.64263153076172,53.23767852783203
2024-07-03,79986.796875,1536.010986328125,3813.410888671875,1563.02587890625,860.649658203125,1181.881103515625,3581.4306640625,405.663330078125,823.5621948242188,1400.7681884765625,2464.73779296875,17.459999084472656,23.93000030517578,53.52000045776367,118.22323608398438,172.31358337402344,179.19412231445312,309.7920227050781,146.71131896972656,80.60620880126953,53.464725494384766
2024-07-04,80049.671875,1537.2969970703125,3867.65673828125,1583.720947265625,840.330078125,1213.2176513671875,3541.205322265625,406.0893859863281,822.7289428710938,1403.7269287109375,2451.6787109375,17.510000228881836,23.959999084472656,54.029998779296875,118.07746124267578,173.48512268066406,178.65065002441406,309.49346923828125,146.13046264648438,80.92516326904297,53.18832015991211
2024-07-05,79996.6015625,1572.9854736328125,3859.192626953125,1581.84814453125,802.1243896484375,1213.5618896484375,3594.95458984375,410.5867614746094,843.1194458007812,1410.2852783203125,2501.017822265625,17.09000015258789,26.6299991607666,55.47999954223633,119.29225158691406,183.8336944580078,183.78883361816406,314.8175964355469,150.53518676757812,80.895263671875,53.79049301147461
2024-07-08,79960.3828125,1583.892333984375,3824.0869140625,1595.7249755859375,795.7000122070312,1214.644287109375,3597.084716796875,419.91290283203125,839.394287109375,1415.11767578125,2539.89990234375,16.56999969482422,25.690000534057617,55.2400016784668,117.93168640136719,197.30638122558594,185.76504516601562,326.8092041015625,151.45486450195312,79.5496597290039,53.42523956298828
2024-07-09,80351.640625,1573.0347900390625,3839.235107421875,1591.49951171875,796.478759765625,1228.0740966796875,3630.671875,428.67095947265625,844.0017700195312,1415.3148193359375,2542.501708984375,16.850000381469727,25.799999237060547,55.38999938964844,118.85492706298828,191.30224609375,185.51803588867188,327.6550598144531,150.87400817871094,78.941650390625,54.39265823364258
2024-07-10,79924.7734375,1566.4808349609375,3760.559326171875,1582.328369140625,791.4901123046875,1223.449951171875,3615.4140625,427.29803466796875,832.385009765625,1424.782470703125,2563.268310546875,16.639999389648438,24.969999313354492,54.83000183105469,115.84224700927734,198.81959533691406,186.3085174560547,326.2618713378906,146.08204650878906,77.95487976074219,54.027408599853516
2024-07-11,79897.34375,1564.7991943359375,3772.870849609375,1587.4661865234375,789.275634765625,1219.9080810546875,3588.01904296875,434.3045349121094,839.6883544921875,1419.1611328125,2562.77734375,16.559999465942383,25.829999923706055,54.70000076293945,115.98802185058594,201.0650634765625,190.40916442871094,331.0386047363281,146.90492248535156,77.97481536865234,53.66215896606445
2024-07-12,80519.34375,1579.6136474609375,4025.055908203125,1644.0772705078125,790.5653686523438,1213.0699462890625,3614.32421875,434.58856201171875,842.7273559570312,1413.243896484375,2574.854248046875,16.079999923706055,25.610000610351562,54.68000030517578,114.43309783935547,212.1946563720703,193.17588806152344,324.2218017578125,145.54962158203125,78.04458618164062,53.652286529541016
2024-07-15,80664.859375,1579.7373046875,4008.802001953125,1639.4676513671875,789.4703369140625,1210.41357421875,3616.75146484375,438.1864318847656,864.2452392578125,1417.3858642578125,2571.417724609375,16.68000030517578,26.3799991607666,54.630001068115234,117.4943618774414,211.2183837890625,192.434814453125,323.7242126464844,147.14694213867188,77.91500854492188,55.6364860534668
2024-07-16,80716.546875,1558.838623046875,4015.870361328125,1657.3299560546875,788.3995971679688,1220.203125,3602.97998046875,440.74285888671875,863.510009765625,1445.788818359375,2640.885009765625,16.790000915527344,26.18000030517578,55.869998931884766,116.42535400390625,207.06918334960938,193.02767944335938,318.400146484375,146.22727966308594,77.70569610595703,55.36994934082031
2024-07-18,81343.4609375,1568.1875,4149.51318359375,1689.356689453125,785.7714233398438,1229.59912109375,3620.02099609375,445.09820556640625,875.81298828125,1462.801025390625,2686.836669921875,16.280000686645508,25.760000228881836,55.349998474121094,115.45352172851562,200.96743774414062,194.11459350585938,307.05535888671875,143.3230743408203,77.49638366699219,56.051090240478516
2024-07-19,80604.6484375,1538.08837890625,4148.01953125,1721.7197265625,782.1698608398438,1228.1234130859375,3585.14599609375,449.0748291015625,871.6956787109375,1441.3509521484375,2677.21435546875,15.880000114440918,24.780000686645508,54.540000915527344,113.16971588134766,200.8697967529297,189.1740264892578,292.82464599609375,137.27261352539062,75.7620620727539,54.41239929199219
2024-07-22,80502.078125,1484.4693603515625,4132.064453125,1738.717529296875,798.5715942382812,1221.5313720703125,3617.7421875,441.5002746582031,861.0592041015625,1444.408203125,2684.921875,15.890000343322754,25.670000076293945,55.06999969482422,114.82183074951172,199.69827270507812,190.6562042236328,303.42303466796875,138.7731170654297,77.32693481445312,55.340335845947266
2024-07-23,80429.0390625,1471.880615234375,4147.7783203125,1764.0699462890625,787.474853515625,1208.0030517578125,3505.73583984375,465.88079833984375,846.8937377929688,1444.802734375,2716.341796875,15.279999732971191,24.959999084472656,57.81999969482422,114.3359146118164,189.54493713378906,195.64617919921875,305.8612060546875,136.8853759765625,76.34016418457031,53.74113082885742
2024-07-24,80148.8828125,1479.30029296875,4151.34521484375,1757.5877685546875,781.0017700195312,1202.9361572265625,3486.9111328125,467.7744140625,835.4730224609375,1435.4830322265625,2667.54296875,15.579999923706055,24.90999984741211,60.709999084472656,113.26689910888672,187.69000244140625,199.05514526367188,307.60272216796875,142.3065643310547,75.40322875976562,55.11328887939453
2024-07-25,80039.796875,1475.3184814453125,4167.44384765625,1752.9302978515625,786.6474609375,1178.68359375,3586.978759765625,463.7504577636719,831.6007690429688,1429.417724609375,2660.1298828125,15.199999809265137,24.6200008392334,61.459999084472656,114.3844985961914,179.24517822265625,202.167724609375,309.64276123046875,137.6598358154297,74.406494140625,55.024444580078125
2024-07-26,81332.71875,1492.754638671875,4230.1552734375,1804.211669921875,787.3775634765625,1188.22705078125,3639.390625,475.8697509765625,845.96240234375,1493.8175048828125,2662.58447265625,15.979999542236328,24.969999313354492,61.90999984741211,116.52253723144531,179.09873962402344,195.7449951171875,315.71319580078125,142.74220275878906,74.26695251464844,56.406471252441406
2024-07-29,81355.84375,1504.0819091796875,4222.68408203125,1798.0174560546875,781.99951171875,1194.5731201171875,3740.052490234375,469.52606201171875,854.834228515625,1460.6806640625,2665.824462890625,16.059999465942383,24.940000534057617,65.0,123.37393951416016,190.5700225830078,198.46229553222656,321.5846252441406,142.98423767089844,74.56597137451172,56.603904724121094
2024-07-30,81455.3984375,1496.563232421875,4207.3076171875,1802.5311279296875,786.1607666015625,1190.8836669921875,3750.15869140625,463.9398193359375,855.8145751953125,1450.769287109375,2641.96533203125,16.219999313354492,25.690000534057617,68.25,121.96478271484375,190.81410217285156,199.4010009765625,315.812744140625,143.41986083984375,75.80192565917969,56.20903778076172
2024-07-31,81741.34375,1488.995361328125,4226.97314453125,1793.9361572265625,787.0125122070312,1195.2127685546875,3777.355224609375,468.7212219238281,855.5694580078125,1472.3179931640625,2656.98779296875,16.270000457763672,26.5,69.3499984741211,120.45844268798828,189.10562133789062,198.95635986328125,313.9717102050781,148.0181884765625,75.7321548461914,55.5673828125
2024-08-01,81867.546875,1499.6053466796875,4237.6748046875,1778.8111572265625,798.3768310546875,1190.9820556640625,3741.538818359375,467.4903869628906,845.766357421875,1484.645751953125,2666.56103515625,15.989999771118164,26.270000457763672,68.05000305175781,119.43802642822266,185.29812622070312,198.21527099609375,306.8563232421875,145.4044189453125,75.13410949707031,54.82701110839844
2024-08-02,80981.953125,1483.158447265625,4128.97900390625,1749.1368408203125,807.6970825195312,1177.1585693359375,3632.5048828125,463.27703857421875,831.2086791992188,1473.1563720703125,2644.665283203125,16.110000610351562,25.450000762939453,71.44000244140625,116.95985412597656,187.73883056640625,195.30032348632812,300.2385559082031,141.62893676757812,74.08753967285156,54.47163391113281
2024-08-05,78759.3984375,1431.83935546875,4005.87109375,1681.914306640625,786.0877685546875,1153.79150390625,3495.38232421875,459.96319580078125,795.133056640625,1445.788818359375,2666.658935546875,15.359999656677246,23.540000915527344,67.91000366210938,110.7401351928711,175.193603515625,190.55740356445312,289.9884033203125,132.23863220214844,71.76513671875,51.026432037353516
2024-08-06,78593.0703125,1440.2978515625,4020.717529296875,1681.1939697265625,779.2009887695312,1147.5931396484375,3545.663818359375,459.3951416015625,782.0458984375,1423.6484375,2700.386474609375,15.149999618530273,23.260000228881836,66.26000213623047,110.64295196533203,172.1183319091797,188.97640991210938,285.90826416015625,131.12535095214844,71.49602508544922,49.90106964111328
2024-08-07,79468.0078125,1448.904541015625,4049.7353515625,1720.9034423828125,790.8330688476562,1153.9390869140625,3611.351806640625,466.306884765625,793.1724243164062,1429.7474365234375,2693.906005859375,15.720000267028809,24.049999237060547,69.56999969482422,112.68379974365234,178.07362365722656,190.7056121826172,303.1244812011719,137.17579650878906,72.28343963623047,51.273223876953125
2024-08-08,78886.21875,1432.235107421875,4020.910400390625,1672.0228271484375,799.2042236328125,1145.8221435546875,3519.90380859375,467.7744140625,791.7510375976562,1439.3173828125,2683.59619140625,15.869999885559082,23.920000076293945,72.94999694824219,110.83732604980469,176.60922241210938,191.49610900878906,296.4071960449219,133.10989379882812,71.80500793457031,50.79938507080078
2024-08-09,79705.90625,1458.352294921875,4077.933349609375,1700.5924072265625,802.8057861328125,1153.0535888671875,3559.2373046875,469.384033203125,807.9752197265625,1451.763427734375,2698.766357421875,16.110000610351562,23.93000030517578,76.58000183105469,111.95492553710938,175.53530883789062,195.2015380859375,301.08831787109375,125.26851654052734,72.62232971191406,50.9869499206543
2024-08-12,79648.921875,1445.0958251953125,4045.20458984375,1726.2332763671875,808.4271850585938,1164.068603515625,3537.737548828125,468.0584716796875,796.9956665039062,1447.003173828125,2698.324462890625,16.010000228881836,24.40999984741211,80.4000015258789,111.371826171875,180.17263793945312,198.90695190429688,297.4529724121094,127.49507904052734,71.55582427978516,50.53285217285156
2024-08-13,78956.03125,1447.766845703125,4044.143798828125,1725.512939453125,780.4664306640625,1159.5037841796875,3518.46728515625,463.7978210449219,781.604736328125,1447.5487060546875,2691.00927734375,15.479999542236328,24.1200008392334,80.79000091552734,111.03168487548828,176.99972534179688,199.5986328125,288.937255859375,124.05841827392578,71.13719177246094,49.683895111083984
2024-08-14,79105.8828125,1445.6646728515625,4137.31787109375,1750.33740234375,782.5592651367188,1153.3016357421875,3511.631103515625,465.7388000488281,787.1435546875,1459.597900390625,2674.71044921875,15.789999961853027,23.989999771118164,76.77999877929688,110.35140991210938,174.9007110595703,200.290283203125,288.8376770019531,121.25101470947266,70.38964080810547,49.12120819091797
2024-08-16,80436.84375,1462.235107421875,4257.7265625,1785.581298828125,794.4589233398438,1178.3582763671875,3535.161865234375,475.8223571777344,796.45654296875,1472.192626953125,2699.25732421875,15.880000114440918,24.260000228881836,79.93000030517578,109.86549377441406,174.55902099609375,201.17959594726562,295.21197509765625,124.10681915283203,71.69536590576172,49.999786376953125
2024-08-19,80424.6796875,1482.678466796875,4327.90869140625,1790.1427001953125,794.0696411132812,1166.7479248046875,3523.520263671875,474.496826171875,797.6329345703125,1457.3170166015625,2694.446044921875,15.960000038146973,24.450000762939453,80.76000213623047,111.95492553710938,175.8769989013672,200.290283203125,292.5228576660156,127.20465087890625,71.82493591308594,51.21399688720703
2024-08-20,80802.859375,1490.721435546875,4359.91455078125,1799.169921875,796.9168090820312,1170.915771484375,3541.205322265625,472.3191833496094,803.85791015625,1437.333984375,2700.828125,15.9399995803833,24.510000228881836,79.38999938964844,114.09295654296875,175.6329345703125,201.27841186523438,295.0626220703125,128.9471893310547,73.10076141357422,51.52988815307617
2024-08-21,80905.296875,1492.3150634765625,4388.01708984375,1797.969482421875,791.61181640625,1165.7059326171875,3562.655517578125,478.42608642578125,799.7405395507812,1452.0609130859375,2739.36669921875,15.930000305175781,24.450000762939453,78.83999633789062,113.16971588134766,176.26751708984375,200.7843475341797,295.36138916015625,130.68971252441406,73.39978790283203,51.54963302612305
2024-08-22,81053.1875,1491.5928955078125,4338.1279296875,1805.3638916015625,794.1669311523438,1181.9803466796875,3572.7119140625,477.7633361816406,804.0049438476562,1473.9281005859375,2740.937744140625,16.200000762939453,24.579999923706055,77.55999755859375,114.04436492919922,177.73764038085938,200.7843475341797,298.4489440917969,129.57643127441406,75.1241455078125,51.855648040771484
2024-08-23,81086.2109375,1494.0081787109375,4303.470703125,1788.462158203125,791.1737060546875,1194.3846435546875,3564.290283203125,478.80487060546875,799.201416015625,1493.56396484375,2762.882080078125,15.829999923706055,24.389999389648438,78.83999633789062,112.9267578125,179.6488037109375,198.34910583496094,294.9630126953125,127.64029693603516,74.17723846435547,51.18437957763672
2024-08-26,81698.109375,1506.06005859375,4339.2841796875,1801.522705078125,797.9874877929688,1203.613525390625,3606.4970703125,478.80487060546875,799.2993774414062,1501.1009521484375,2769.558837890625,15.789999961853027,24.079999923706055,76.47000122070312,112.87816619873047,177.44361877441406,197.4545135498047,296.05859375,133.35191345214844,73.87822723388672,50.96720504760742
2024-08-28,81785.5625,1491.9166259765625,4344.6826171875,1862.2633056640625,796.4301147460938,1214.38037109375,3654.74755859375,470.7095947265625,793.3685302734375,1543.198974609375,2716.29248046875,15.960000038146973,23.950000762939453,78.98999786376953,111.5176010131836,177.29660034179688,194.2240753173828,293.3196105957031,129.81846618652344,73.81841278076172,50.562469482421875
2024-08-29,82134.609375,1514.376953125,4348.34619140625,1855.7330322265625,797.4521484375,1212.197265625,3648.406494140625,478.0947265625,798.4661254882812,1553.1160888671875,2733.377197265625,16.309999465942383,23.739999771118164,76.9800033569336,112.24647521972656,176.36553955078125,194.72105407714844,289.8834228515625,129.96365356445312,73.00109100341797,50.27619171142578
2024-08-30,82365.7734375,1503.868896484375,4388.16162109375,1866.20068359375,794.7509155273438,1220.7314453125,3668.91552734375,475.15960693359375,799.5935668945312,1575.776611328125,2727.7314453125,15.630000114440918,23.6200008392334,75.83000183105469,113.16971588134766,175.09141540527344,193.7767791748047,289.38543701171875,129.4312286376953,73.59912872314453,50.36503601074219
2024-09-02,82559.84375,1510.367919921875,4358.27587890625,1886.17529296875,791.44140625,1220.58251953125,3647.16796875,482.7814636230469,805.91650390625,1560.4547119140625,2737.501220703125,15.050000190734863,23.8700008392334,73.79000091552734,113.21830749511719,174.01333618164062,193.52828979492188,285.6007080078125,128.89878845214844,74.79521942138672,49.90106964111328
2024-09-03,82555.4375,1503.794189453125,4349.93701171875,1863.2235107421875,797.1114501953125,1238.246337890625,3655.73828125,481.9766845703125,808.514404296875,1547.5625,2743.244873046875,15.109999656677246,23.709999084472656,74.5,112.29507446289062,174.89540100097656,193.42889404296875,285.1524658203125,127.59188842773438,74.80519104003906,50.078758239746094
2024-09-04,82352.640625,1508.8739013671875,4318.5576171875,1845.793701171875,799.1312255859375,1226.28857421875,3618.782470703125,479.704345703125,800.4267578125,1549.050048828125,2789.58935546875,14.829999923706055,23.489999771118164,74.18000030517578,109.81690216064453,172.49420166015625,186.71951293945312,277.63275146484375,126.5270004272461,74.42642211914062,49.377872467041016
2024-09-05,82201.15625,1487.6336669921875,4319.23291015625,1856.309326171875,800.7373046875,1226.4373779296875,3589.852294921875,483.9649963378906,802.4854125976562,1534.22412109375,2784.8271484375,15.09000015258789,23.399999618530273,76.0,110.15703582763672,170.04400634765625,188.55838012695312,272.45355224609375,127.0594482421875,74.76531982421875,49.19031524658203
2024-09-06,81183.9296875,1459.0977783203125,4297.2041015625,1826.731201171875,796.7221069335938,1199.197509765625,3541.15576171875,474.9702453613281,767.194091796875,1526.3399658203125,2786.987060546875,13.359999656677246,23.139999389648438,74.7300033569336,106.85281372070312,166.5157012939453,182.1968994140625,262.7426452636719,125.2201156616211,73.43965911865234,48.390708923339844
2024-09-09,81559.5390625,1457.205322265625,4292.86572265625,1819.5286865234375,801.8323974609375,1228.3724365234375,3544.72265625,484.29638671875,768.8606567382812,1529.8109130859375,2869.120849609375,13.199999809265137,22.90999984741211,74.33999633789062,106.56126403808594,165.0455780029297,183.78726196289062,261.0494689941406,123.86480712890625,72.42298889160156,47.857643127441406
2024-09-10,81921.2890625,1455.686279296875,4344.82763671875,1837.0067138671875,803.3411865234375,1227.7274169921875,3562.25927734375,486.1426696777344,767.194091796875,1564.818359375,2845.948486328125,13.529999732971191,22.979999542236328,78.05000305175781,106.4640884399414,166.41770935058594,184.23455810546875,263.4398498535156,125.0264892578125,72.34324645996094,48.52891159057617
2024-09-11,81523.15625,1445.77587890625,4323.95654296875,1834.9901123046875,800.2992553710938,1227.08251953125,3504.24951171875,486.9001159667969,753.1755981445312,1564.619873046875,2852.281494140625,13.140000343322754,23.829999923706055,81.94999694824219,104.42323303222656,162.5953826904297,182.24659729003906,257.8125,122.94513702392578,71.29666900634766,47.83789825439453
2024-09-12,82962.7109375,1473.3157958984375,4354.75732421875,1872.970947265625,810.8363037109375,1241.471435546875,3589.356689453125,491.44482421875,772.5368041992188,1632.8494873046875,2899.80419921875,13.529999732971191,23.43000030517578,81.63999938964844,105.58943939208984,163.67347717285156,182.39569091796875,264.933837890625,126.47859191894531,72.51268768310547,47.916873931884766
2024-09-13,82890.9375,1466.36865234375,4359.62548828125,1867.1610107421875,810.5199584960938,1240.9256591796875,3580.390380859375,486.4740295410156,774.9876098632812,1620.8994140625,2880.755615234375,13.40999984741211,23.299999237060547,83.12000274658203,108.01901245117188,163.91848754882812,185.3776397705078,263.2406311035156,127.93070983886719,73.18050384521484,48.98300552368164
2024-09-16,82988.78125,1465.5966796875,4350.70849609375,1872.394775390625,813.269775390625,1252.63525390625,3628.640625,484.8644714355469,769.988037109375,1621.841552734375,2814.52880859375,13.239999771118164,23.510000228881836,84.69999694824219,107.67887115478516,160.68423461914062,183.58847045898438,268.3700256347656,128.80198669433594,73.50942993164062,48.88429260253906
2024-09-17,83079.65625,1466.443359375,4341.6943359375,1875.1796875,812.1503295898438,1258.6885986328125,3658.859130859375,480.4617919921875,767.63525390625,1647.675537109375,2821.352783203125,13.119999885559082,23.399999618530273,82.0,105.00634002685547,157.40098571777344,183.1908721923828,263.7884521484375,127.54348754882812,73.03099060058594,48.2919921875
2024-09-18,82948.2265625,1457.3048095703125,4190.2919921875,1817.27197265625,824.6341552734375,1278.1881103515625,3695.22021484375,480.08306884765625,776.7521362304688,1638.9486083984375,2824.29833984375,12.90999984741211,23.299999237060547,80.83999633789062,105.63802337646484,155.34278869628906,184.63214111328125,264.1370544433594,125.46214294433594,72.54259490966797,48.015586853027344
2024-09-19,83184.796875,1463.828857421875,4142.33154296875,1819.0006103515625,831.3505859375,1281.661376953125,3648.505615234375,481.1719055175781,774.7915649414062,1651.245849609375,2858.565673828125,10.380000114440918,22.940000534057617,80.97000122070312,104.22887420654297,152.10853576660156,185.17884826660156,256.11932373046875,123.41336822509766,73.56922912597656,46.870479583740234
2024-09-20,84544.3125,1480.63671875,4131.1962890625,1830.4764404296875,847.8982543945312,1329.9884033203125,3760.511962890625,487.51556396484375,766.5079345703125,1698.1041259765625,2925.578125,10.479999542236328,23.010000228881836,83.41999816894531,105.39506530761719,158.18502807617188,183.93637084960938,265.0832214355469,123.26702880859375,72.58245849609375,47.354190826416016
2024-09-23,84928.609375,1488.2562255859375,4114.083984375,1821.737548828125,856.220703125,1313.36669921875,3752.48681640625,489.3618469238281,786.0161743164062,1736.2352294921875,2972.904296875,10.829999923706055,22.93000030517578,82.91000366210938,108.3591537475586,156.37188720703125,186.4710235595703,273.0511779785156,126.53528594970703,73.75861358642578,49.59505081176758
2024-09-24,84914.0390625,1483.699462890625,4118.76025390625,1822.505859375,860.6983032226562,1308.8018798828125,3756.49951171875,487.894287109375,782.634033203125,1741.5904541015625,2896.711181640625,10.680000305175781,22.950000762939453,83.7300033569336,104.81196594238281,155.63681030273438,189.50265502929688,281.16851806640625,130.5840301513672,73.46955871582031,48.795448303222656
2024-09-25,85169.8671875,1487.7830810546875,4122.18310546875,1820.7772216796875,865.7599487304688,1313.6644287109375,3761.007568359375,489.9299621582031,777.3403930664062,1745.854736328125,2892.489013671875,10.359999656677246,22.790000915527344,82.94000244140625,102.04225158691406,153.774658203125,191.59002685546875,280.91949462890625,130.9254913330078,72.78180694580078,47.94648742675781
2024-09-26,85836.1171875,1494.3817138671875,4136.93212890625,1823.9942626953125,867.4390869140625,1320.7100830078125,3726.974365234375,494.9007263183594,786.1141967773438,1755.2265625,2931.125732421875,10.40999984741211,22.739999771118164,81.80000305175781,104.2774658203125,153.774658203125,191.44093322753906,279.5251159667969,135.85226440429688,73.95795440673828,47.936614990234375
2024-09-27,85571.8515625,1520.12890625,4154.09228515625,1831.5328369140625,853.1058349609375,1296.496826171875,3671.590576171875,494.94805908203125,786.8494262695312,1720.86376953125,2912.224609375,10.670000076293945,22.75,81.08000183105469,106.17253112792969,153.67666625976562,192.33551025390625,286.4970703125,137.02297973632812,73.947998046875,48.22289276123047
2024-09-30,84299.78125,1471.0250244140625,4114.904296875,1801.5706787109375,842.958251953125,1263.1044921875,3641.5703125,490.54534912109375,772.0956420898438,1695.7239990234375,2905.744384765625,10.359999656677246,22.489999771118164,80.08999633789062,104.1316909790039,155.58782958984375,195.51625061035156,278.4793395996094,137.90103149414062,74.11743927001953,47.63059616088867
2024-10-01,84266.2890625,1459.07275390625,4132.16015625,1828.6038818359375,840.111083984375,1265.1387939453125,3617.791748046875,488.5097351074219,781.3106689453125,1684.9638671875,2868.973388671875,10.180000305175781,22.420000076293945,79.7300033569336,102.18802642822266,152.25555419921875,195.91384887695312,279.176513671875,137.55955505371094,73.19047546386719,47.44303512573242
2024-10-03,82497.1015625,1402.025634765625,4080.19873046875,1817.9921875,818.6964111328125,1246.7803955078125,3466.50146484375,485.71661376953125,778.7127685546875,1661.90673828125,2842.806640625,9.869999885559082,21.8799991607666,75.75,102.04225158691406,148.5802459716797,192.43490600585938,267.82220458984375,133.60838317871094,71.78507232666016,46.42625427246094
2024-10-04,81688.453125,1381.383056640625,4096.2978515625,1842.2403564453125,806.3587036132812,1229.5633544921875,3458.525634765625,476.6745300292969,780.9185180664062,1627.147216796875,2797.198974609375,9.800000190734863,21.959999084472656,74.70999908447266,102.81971740722656,148.97225952148438,192.5343017578125,266.3780517578125,135.55958557128906,71.62559509277344,46.100494384765625
2024-10-07,81050.0,1365.0233154296875,4118.61572265625,1857.029541015625,788.2778930664062,1223.6588134765625,3437.571044921875,483.3495788574219,754.6460571289062,1649.3118896484375,2782.863525390625,9.170000076293945,21.25,70.9800033569336,99.17535400390625,141.47463989257812,182.89268493652344,255.57151794433594,128.92550659179688,71.96448516845703,44.00770950317383
2024-10-08,81634.8125,1392.4638671875,4098.4189453125,1871.1943359375,803.681884765625,1227.181640625,3500.63330078125,480.8878479003906,766.6549072265625,1644.65087890625,2765.435302734375,9.5,21.549999237060547,73.66999816894531,99.56407928466797,148.77626037597656,186.8686065673828,264.43585205078125,128.29136657714844,72.90142059326172,44.866539001464844
2024-10-09,81467.1015625,1369.5802001953125,4099.3828125,1876.380126953125,795.115966796875,1235.07080078125,3454.4140625,465.64410400390625,781.3106689453125,1665.5263671875,2718.894775390625,9.1899995803833,21.559999465942383,76.68000030517578,101.07041931152344,150.4914093017578,184.83094787597656,263.39007568359375,127.12065124511719,72.26350402832031,45.20217514038086
2024-10-10,81611.40625,1365.5712890625,4076.343017578125,1842.912841796875,809.0355224609375,1233.7310791015625,3428.852294921875,465.83349609375,781.2616577148438,1664.385986328125,2704.264892578125,9.319999694824219,21.43000030517578,75.51000213623047,100.63310241699219,148.43321228027344,184.5824432373047,270.1628112792969,126.77918243408203,72.90142059326172,44.92576599121094
2024-10-11,81381.359375,1365.6458740234375,4001.3408203125,1858.22998046875,803.1708374023438,1213.4873046875,3450.797607421875,462.4722900390625,784.2515869140625,1673.0137939453125,2730.13720703125,9.180000305175781,21.40999984741211,74.41000366210938,101.99365997314453,149.3643035888672,186.22251892089844,268.7186279296875,130.82794189453125,72.1438980102539,44.659236907958984
2024-10-14,81973.046875,1367.139892578125,3987.891845703125,1880.9896240234375,821.7869873046875,1222.5672607421875,3520.5478515625,470.425537109375,789.3982543945312,1682.5341796875,2738.433837890625,9.100000381469727,21.049999237060547,74.01000213623047,101.99365997314453,148.33523559570312,195.814453125,267.623046875,130.97427368164062,72.67217254638672,44.51116180419922
2024-10-15,81820.1171875,1338.6038818359375,3969.4306640625,1881.373779296875,819.79150390625,1245.837646484375,3519.705810546875,472.0351257324219,788.7610473632812,1703.6575927734375,2730.2841796875,9.119999885559082,21.209999084472656,73.69999694824219,101.99365997314453,148.13919067382812,197.35511779785156,270.41180419921875,127.7547836303711,72.52265930175781,44.58026123046875
2024-10-16,81501.359375,1348.6138916015625,3947.547119140625,1843.7291259765625,827.359619140625,1233.53271484375,3498.552734375,466.96966552734375,789.9863891601562,1719.07861328125,2730.677001953125,9.289999961853027,21.15999984741211,75.05000305175781,102.0908432006836,147.6981658935547,193.23008728027344,268.4696044921875,126.58406829833984,72.00434875488281,45.02448654174805
2024-10-17,81006.609375,1351.328125,3958.537353515625,1891.361083984375,814.4134521484375,1223.0634765625,3537.935791015625,462.80364990234375,794.9370727539062,1688.6331787109375,2687.37646484375,9.0600004196167,20.90999984741211,73.01000213623047,99.56407928466797,146.22805786132812,192.3852081298828,253.03175354003906,124.63286590576172,71.49602508544922,44.52103042602539
2024-10-18,81224.75,1353.3699951171875,3983.3251953125,1804.3076171875,818.209716796875,1253.5283203125,3543.236572265625,460.76800537109375,803.8088989257812,1692.649658203125,2666.41357421875,9.020000457763672,21.09000015258789,72.26000213623047,100.34154510498047,144.7089080810547,193.87619018554688,252.68313598632812,125.75480651855469,71.3564682006836,45.06397247314453
2024-10-21,81151.2734375,1363.6787109375,3941.23876953125,1779.0030517578125,841.4008178710938,1249.707763671875,3553.19384765625,457.92755126953125,798.123046875,1679.11279296875,2644.763427734375,8.510000228881836,21.020000457763672,70.61000061035156,99.4183120727539,141.8176727294922,192.2858123779297,246.65737915039062,123.31581115722656,70.2102279663086,45.804344177246094
2024-10-22,80220.71875,1338.30517578125,3880.839599609375,1777.5145263671875,834.2463989257812,1258.0435791015625,3477.59814453125,456.081298828125,774.8895874023438,1677.724365234375,2633.423095703125,8.399999618530273,20.049999237060547,68.52999877929688,92.27534484863281,135.00613403320312,188.2104949951172,231.9665069580078,119.07195281982422,68.12704467773438,43.19823455810547
2024-10-23,80081.9765625,1333.524169921875,3930.07666015625,1798.545654296875,844.7589721679688,1241.9676513671875,3423.45263671875,454.992431640625,770.4782104492188,1671.0303955078125,2609.80908203125,8.25,20.030000686645508,68.83000183105469,93.9760513305664,136.72125244140625,187.31590270996094,222.7535858154297,115.2671127319336,66.3727798461914,43.030418395996094
2024-10-24,80065.15625,1334.6446533203125,3912.101806640625,1790.4310302734375,851.7673950195312,1243.009521484375,3411.315673828125,446.7551574707031,779.0559692382812,1666.2701416015625,2457.56982421875,8.130000114440918,20.010000228881836,69.13999938964844,95.87112426757812,136.23121643066406,187.46499633789062,226.2893524169922,114.34028625488281,67.8280258178711,44.185394287109375
2024-10-25,79402.2890625,1322.4434814453125,3921.524169921875,1779.7232666015625,848.1172485351562,1245.8873291015625,3297.080078125,456.46002197265625,765.2334594726562,1650.6011962890625,2481.72412109375,7.670000076293945,19.399999618530273,67.43000030517578,93.10140991210938,131.7718505859375,185.42733764648438,216.0804443359375,108.7305908203125,65.31623840332031,42.48748016357422
2024-10-28,80005.0390625,1328.9923095703125,3955.4931640625,1792.2076416015625,844.07763671875,1282.7529296875,3309.2666015625,458.3536376953125,776.4580688476562,1649.857421875,2528.559326171875,8.25,20.559999465942383,70.8499984741211,95.87112426757812,140.64158630371094,183.58847045898438,228.87893676757812,111.90129089355469,66.8910903930664,43.42528533935547
2024-10-29,80369.03125,1333.623779296875,3940.127197265625,1785.8944091796875,852.2055053710938,1322.1986083984375,3349.689697265625,461.9989013671875,816.2589111328125,1623.279541015625,2502.9814453125,7.960000038146973,20.75,68.88999938964844,98.39788818359375,140.64158630371094,199.49217224121094,234.00828552246094,112.92567443847656,67.38945770263672,44.392704010009766
2024-10-31,79389.0625,1327.299072265625,3837.786376953125,1706.64013671875,844.3939819335938,1281.661376953125,3590.94189453125,462.5196228027344,804.3480224609375,1598.2884521484375,2481.6748046875,8.119999885559082,20.40999984741211,66.95999908447266,95.09365844726562,152.89259338378906,202.87171936035156,238.0918731689453,112.92567443847656,65.73487091064453,45.52793884277344
2024-11-01,79724.1171875,1333.773193359375,3851.46044921875,1710.962158203125,845.7811279296875,1282.10791015625,3592.824462890625,464.4605712890625,804.88720703125,1603.048583984375,2492.328369140625,8.449999809265137,20.709999084472656,68.13999938964844,98.13549041748047,154.8037567138672,203.02081298828125,241.129638671875,114.82808685302734,66.94092559814453,45.94254684448242
2024-11-04,78782.2421875,1296.82080078125,3829.23388671875,1714.167236328125,834.2220458984375,1266.6273193359375,3540.611083984375,458.9217224121094,813.5139770507812,1578.4046630859375,2480.10400390625,7.889999866485596,20.329999923706055,66.33999633789062,100.77886962890625,150.3933868408203,202.92141723632812,232.4147186279297,111.12081909179688,65.63520050048828,44.866539001464844
2024-11-06,80378.1328125,1320.277099609375,3999.705322265625,1771.8597412109375,853.7385864257812,1292.7755126953125,3612.986572265625,455.7025451660156,837.923828125,1585.495361328125,2455.999267578125,8.180000305175781,20.84000015258789,69.30999755859375,103.96647644042969,150.93243408203125,203.5675048828125,247.0059814453125,120.8280258178711,66.68177795410156,46.0511360168457
2024-11-07,79541.7890625,1300.456298828125,4009.948974609375,1750.8321533203125,849.8450317382812,1269.108154296875,3611.500244140625,452.5780334472656,842.335205078125,1562.5869140625,2430.716064453125,8.050000190734863,20.790000915527344,66.83999633789062,103.6457748413086,150.68740844726562,204.76028442382812,243.27102661132812,120.29145050048828,66.31298065185547,46.061004638671875
2024-11-08,79486.3203125,1278.892333984375,4005.697265625,1778.415771484375,853.9332275390625,1249.707763671875,3627.3525390625,452.7674255371094,826.6502075195312,1557.2813720703125,2462.03759765625,7.880000114440918,20.170000076293945,62.5,101.7992935180664,145.49298095703125,205.50576782226562,238.0918731689453,115.46222686767578,65.43585205078125,44.88628387451172
2024-11-11,79496.1484375,1267.9859619140625,4054.06494140625,1806.5335693359375,859.7979125976562,1259.432861328125,3593.86474609375,451.34722900390625,831.110595703125,1547.2154541015625,2445.492919921875,7.829999923706055,19.90999984741211,62.150001525878906,102.15887451171875,144.41490173339844,206.499755859375,238.2412567138672,113.07201385498047,66.32295227050781,43.8004035949707
2024-11-12,78675.1796875,1268.0357666015625,4054.93505859375,1814.2550048828125,836.3148193359375,1260.7724609375,3557.404541015625,447.5599365234375,810.1318969726562,1542.703125,2416.724609375,7.670000076293945,19.75,59.38999938964844,100.84689331054688,143.28164672851562,205.90335083007812,229.22752380371094,111.36471557617188,66.02392578125,43.22785186767578
2024-11-13,77690.953125,1247.2686767578125,4009.610595703125,1814.594970703125,818.2584228515625,1244.2498779296875,3514.900390625,447.0391845703125,792.4371948242188,1537.5462646484375,2420.062744140625,7.369999885559082,19.09000015258789,54.08000183105469,97.69816589355469,137.566162109375,198.3988037109375,221.6580047607422,108.9744873046875,63.43240737915039,41.0955810546875
2024-11-14,77580.3125,1262.6572265625,4006.80810546875,1810.418701171875,824.0257568359375,1245.6392822265625,3494.143798828125,441.07421875,788.2218627929688,1537.74462890625,2345.735107421875,7.340000152587891,19.31999969482422,56.779998779296875,96.67774963378906,137.71397399902344,195.814453125,222.80337524414062,109.16961669921875,63.173255920410156,40.769813537597656
2024-11-18,77339.0078125,1255.63525390625,3884.4150390625,1759.3306884765625,829.5740966796875,1244.1507568359375,3508.510009765625,442.1157531738281,797.681884765625,1524.9515380859375,2379.511474609375,7.25,19.290000915527344,59.400001525878906,97.71760559082031,136.28509521484375,198.99517822265625,221.5583953857422,110.04765319824219,65.34614562988281,41.05609130859375
2024-11-19,77578.3828125,1236.3623046875,3903.54931640625,1773.073974609375,847.9468994140625,1239.1392822265625,3473.23876953125,442.4944763183594,786.2122192382812,1513.2989501953125,2367.091064453125,7.110000133514404,19.559999465942383,62.349998474121094,98.06746673583984,142.98602294921875,205.45606994628906,225.14398193359375,108.6330337524414,64.39924621582031,41.92479705810547
2024-11-21,77155.7890625,1218.334228515625,3940.22412109375,1781.47509765625,847.8008422851562,1240.5286865234375,3450.351806640625,432.8369445800781,765.4785766601562,1512.3072509765625,2340.04052734375,6.920000076293945,19.1299991607666,65.45999908447266,93.67478942871094,139.53701782226562,209.53140258789062,227.03634643554688,107.90133666992188,62.744659423828125,41.006736755371094
2024-11-22,79117.109375,1260.9141845703125,4103.06103515625,1848.2489013671875,849.7476806640625,1268.4134521484375,3571.275146484375,449.784912109375,799.9856567382812,1557.0828857421875,2401.0634765625,6.670000076293945,19.219999313354492,65.1500015258789,97.00816345214844,140.07899475097656,207.99072265625,233.4604949951172,109.95008850097656,63.94074630737305,41.35224151611328
2024-11-25,80109.8515625,1282.6773681640625,4170.08056640625,1834.845703125,868.5584716796875,1291.53515625,3718.6025390625,451.4892272949219,828.1206665039062,1566.405029296875,2438.12890625,6.980000019073486,19.209999084472656,64.26000213623047,101.1676025390625,144.16854858398438,211.71815490722656,240.48223876953125,111.31593322753906,64.4690170288086,43.7115592956543
2024-11-26,80004.0625,1290.396484375,4205.59521484375,1866.6055908203125,868.9478759765625,1295.0579833984375,3667.9248046875,451.4892272949219,822.8269653320312,1564.6695556640625,2434.103515625,7.53000020980835,20.149999618530273,63.54999923706055,102.11028289794922,144.7105255126953,212.2648468017578,242.9722137451172,113.12078857421875,64.93748474121094,43.24759292602539
2024-11-27,80234.078125,1287.7569580078125,4186.50927734375,1868.791015625,881.4072265625,1291.8824462890625,3663.416748046875,451.34722900390625,817.7783813476562,1564.8677978515625,2443.77490234375,8.350000381469727,20.280000686645508,63.61000061035156,101.44943237304688,148.30734252929688,211.5193634033203,246.90638732910156,113.46224975585938,63.970645904541016,43.67207336425781
2024-11-28,79043.7421875,1266.292724609375,4105.28369140625,1804.056884765625,872.5980224609375,1276.600341796875,3633.792724609375,449.9269714355469,822.23876953125,1547.4136962890625,2419.17919921875,8.369999885559082,20.360000610351562,63.7400016784668,103.28619384765625,151.16510009765625,209.77989196777344,251.33856201171875,113.46224975585938,64.04042053222656,44.353214263916016
2024-11-29,79802.7890625,1287.3087158203125,4129.92626953125,1805.028076171875,874.9098510742188,1290.691650390625,3691.5048828125,451.6785583496094,822.48388671875,1613.9573974609375,2450.991455078125,8.359999656677246,19.969999313354492,63.0,101.9645004272461,147.1248321533203,209.43199157714844,250.0935821533203,114.24272918701172,63.83110427856445,43.830020904541016
2024-12-02,80248.078125,1303.8427734375,4129.3466796875,1825.181640625,878.2681274414062,1293.916748046875,3670.35205078125,451.77325439453125,819.739013671875,1629.4776611328125,2434.054443359375,8.289999961853027,20.110000610351562,66.1500015258789,101.945068359375,145.15396118164062,207.8416290283203,248.59959411621094,116.19392395019531,64.16999053955078,43.68194580078125
2024-12-03,80845.75,1318.0858154296875,4156.8896484375,1837.031005859375,889.1213989257812,1297.3900146484375,3748.226318359375,447.1811828613281,837.1395874023438,1606.22216796875,2436.263427734375,8.210000038146973,20.84000015258789,65.41000366210938,104.90914916992188,146.0408477783203,208.68650817871094,251.33856201171875,119.80364990234375,64.9673843383789,44.52103042602539
2024-12-04,80956.328125,1303.79296875,4208.736328125,1835.962646484375,905.2797241210938,1305.1798095703125,3763.93017578125,442.3997802734375,842.5313110351562,1570.9173583984375,2420.160888671875,8.40999984741211,21.229999542236328,67.72000122070312,106.94999694824219,148.8986053466797,214.0043182373047,250.44216918945312,119.2670669555664,66.00399017333984,49.82209777832031
2024-12-05,81765.859375,1315.9443359375,4309.3857421875,1878.746337890625,907.1048583984375,1323.587890625,3794.8916015625,442.6838073730469,847.824951171875,1599.9248046875,2447.554931640625,8.079999923706055,21.170000076293945,68.22000122070312,105.9781723022461,148.6029815673828,213.55702209472656,250.691162109375,119.3646240234375,65.76477813720703,49.09159469604492
2024-12-06,81709.1171875,1306.581787109375,4297.064453125,1867.916748046875,903.5519409179688,1318.3780517578125,3830.113525390625,446.1870422363281,846.99169921875,1584.7020263671875,2439.11083984375,8.119999885559082,21.5,67.37000274658203,107.04718017578125,155.6488037109375,212.11573791503906,248.00198364257812,120.8280258178711,65.6850357055664,49.39761734008789
2024-12-09,81508.4609375,1289.998046875,4302.42822265625,1869.95654296875,910.0250854492188,1312.6224365234375,3911.356689453125,440.3641357421875,840.9627685546875,1588.619384765625,2356.928466796875,8.100000381469727,21.829999923706055,67.30999755859375,105.63802337646484,156.88058471679688,212.46363830566406,248.40037536621094,123.07191467285156,65.03715515136719,48.91390609741211
2024-12-10,81510.046875,1279.8385009765625,4283.00341796875,1892.6837158203125,909.17333984375,1320.1641845703125,3885.2001953125,440.600830078125,850.5208129882812,1566.0579833984375,2353.197265625,8.079999923706055,21.610000610351562,66.52999877929688,107.24154663085938,154.51556396484375,213.06004333496094,247.50399780273438,123.75482177734375,65.60529327392578,48.09456253051758
2024-12-11,81526.140625,1273.015869140625,4278.75146484375,1912.10888671875,907.05615234375,1318.1300048828125,3879.85009765625,440.45880126953125,844.5899658203125,1572.751953125,2359.08837890625,8.029999732971191,21.579999923706055,66.08000183105469,105.44365692138672,162.4482879638672,213.30853271484375,252.78274536132812,123.8036117553711,64.99728393554688,47.768798828125
2024-12-12,81289.9609375,1258.822509765625,4307.16357421875,1929.64013671875,904.7443237304688,1318.77490234375,3827.19091796875,436.1034240722656,836.9434814453125,1597.891845703125,2302.0419921875,7.869999885559082,21.209999084472656,65.75,104.76338195800781,160.32960510253906,211.37025451660156,243.52001953125,126.0474853515625,64.13011932373047,47.9859733581543
2024-12-13,82133.1171875,1268.28466796875,4323.25390625,1942.3634033203125,911.1201171875,1334.80126953125,3854.288330078125,445.1455383300781,844.7369995117188,1668.005615234375,2346.1279296875,7.989999771118164,21.100000381469727,66.22000122070312,104.71478271484375,157.02841186523438,211.9169464111328,241.6276397705078,121.70606994628906,64.03044891357422,46.29792785644531
2024-12-16,81748.5703125,1263.005859375,4267.49267578125,1922.7442626953125,907.591552734375,1335.2479248046875,3841.457763671875,445.05084228515625,843.7567138671875,1648.6177978515625,2323.0537109375,7.989999771118164,21.25,66.36000061035156,105.05492401123047,156.48643493652344,212.016357421875,246.7071990966797,120.5841293334961,64.09025573730469,46.475616455078125
2024-12-17,80684.453125,1240.1470947265625,4179.0673828125,1919.8304443359375,892.0415649414062,1322.8931884765625,3772.153564453125,444.86151123046875,833.46337890625,1601.908203125,2321.041015625,7.820000171661377,20.950000762939453,69.44000244140625,103.01408386230469,154.46629333496094,208.98471069335938,241.37864685058594,118.09635162353516,63.43240737915039,45.77472686767578
2024-12-18,80182.203125,1248.0655517578125,4202.068359375,1922.0157470703125,881.5045776367188,1303.54248046875,3723.16015625,445.61895751953125,822.5328369140625,1588.1729736328125,2314.60986328125,7.800000190734863,20.6200008392334,67.94999694824219,100.14718627929688,151.11582946777344,198.9454803466797,238.93844604492188,116.92562866210938,64.43911743164062,44.787567138671875
2024-12-19,79218.046875,1225.704833984375,4127.94580078125,1892.149658203125,872.86572265625,1277.394287109375,3678.674560546875,441.5476379394531,816.4058837890625,1586.387939453125,2317.260986328125,7.699999809265137,20.3700008392334,67.02999877929688,100.58450317382812,150.6231231689453,199.7406768798828,241.27903747558594,116.09637451171875,64.89761352539062,44.64936447143555
2024-12-20,78041.59375,1201.20263671875,4027.97216796875,1866.7999267578125,862.450439453125,1275.8560791015625,3597.084716796875,439.8907165527344,796.5055541992188,1565.1654052734375,2292.615966796875,7.400000095367432,19.84000015258789,64.16999816894531,97.86337280273438,146.23793029785156,192.8822021484375,234.30709838867188,113.31591796875,61.518672943115234,43.662200927734375
2024-12-23,78540.171875,1217.2386474609375,4017.1005859375,1868.5482177734375,876.540283203125,1286.4742431640625,3607.041748046875,448.98016357421875,804.7891845703125,1574.4378662109375,2296.88720703125,7.480000019073486,19.920000076293945,63.869998931884766,98.54366302490234,145.597412109375,195.7150421142578,239.4862518310547,118.19391632080078,61.75788497924805,43.030418395996094
2024-12-24,78472.8671875,1218.633056640625,4040.148681640625,1854.41650390625,874.9098510742188,1287.714599609375,3608.6767578125,452.862060546875,795.8682861328125,1571.0164794921875,2293.941650390625,7.46999979019165,19.799999237060547,64.81999969482422,98.78662109375,145.74522399902344,195.86415100097656,238.2910614013672,116.09637451171875,62.14661407470703,43.22785186767578
2024-12-26,78472.4765625,1211.760498046875,4028.50390625,1851.405517578125,872.038330078125,1288.2603759765625,3594.75634765625,451.4892272949219,795.6723022460938,1586.2392578125,2290.357666015625,7.570000171661377,19.809999465942383,64.33000183105469,99.17535400390625,144.66127014160156,196.5599365234375,240.83084106445312,114.73052978515625,61.57847213745117,42.75401306152344
2024-12-27,78699.0703125,1216.0931396484375,4027.8759765625,1861.4581298828125,875.0071411132812,1297.141845703125,3574.99072265625,453.43017578125,783.8104248046875,1585.6937255859375,2297.820068359375,7.46999979019165,19.81999969482422,63.2400016784668,98.68943786621094,144.0699920654297,195.41685485839844,234.5063018798828,112.68177032470703,62.326026916503906,42.467735290527344
2024-12-30,78248.1328125,1206.083251953125,4019.17822265625,1850.919921875,865.6868896484375,1283.9932861328125,3549.2802734375,451.7259521484375,772.7819213867188,1575.5286865234375,2301.796630859375,7.769999980926514,19.530000686645508,61.5,98.88380432128906,151.11582946777344,199.04489135742188,224.9447784423828,109.07205200195312,63.60185241699219,41.845821380615234
2024-12-31,78139.0078125,1210.614990234375,3959.50390625,1826.6385498046875,862.6450805664062,1272.1844482421875,3574.693359375,457.92755126953125,779.3990478515625,1574.9832763671875,2284.564697265625,7.940000057220459,19.600000381469727,62.22999954223633,99.85562896728516,146.82920837402344,198.69699096679688,228.38095092773438,110.34033203125,62.944007873535156,43.287078857421875
2025-01-01,78507.40625,1216.7904052734375,3974.579345703125,1828.532470703125,867.5120239257812,1274.6156005859375,3633.346923828125,458.1642761230469,777.7324829101562,1582.81787109375,2280.784423828125,8.020000457763672,19.6299991607666,65.33999633789062,99.80703735351562,148.1102752685547,199.24368286132812,232.26531982421875,110.2427749633789,63.96067810058594,43.32656478881836
2025-01-02,79943.7109375,1236.7108154296875,4043.6279296875,1901.3765869140625,872.8170776367188,1281.016357421875,3679.56640625,463.229736328125,785.2808837890625,1596.4041748046875,2327.128662109375,8.130000114440918,19.600000381469727,62.93000030517578,102.47956848144531,149.78549194335938,204.76028442382812,231.76731872558594,111.26715087890625,64.48894500732422,43.5634880065918
2025-01-03,79223.109375,1246.3721923828125,3961.48486328125,1882.5828857421875,851.3781127929688,1255.810791015625,3627.154541015625,456.3653259277344,777.8795776367188,1586.0408935546875,2361.886962890625,8.270000457763672,19.959999084472656,61.959999084472656,103.45140075683594,151.4114532470703,204.0644989013672,229.02833557128906,111.41349029541016,64.9673843383789,44.392704010009766
2025-01-06,77964.9921875,1213.3541259765625,3957.087646484375,1882.145751953125,832.39697265625,1254.6695556640625,3569.7890625,418.966064453125,761.4592895507812,1574.5369873046875,2334.05078125,7.880000114440918,18.920000076293945,58.880001068115234,98.835205078125,143.3309326171875,196.36114501953125,218.91903686523438,107.60865783691406,62.415733337402344,42.44799041748047
2025-01-07,78199.109375,1235.9638671875,3892.822265625,1876.998046875,834.2463989257812,1270.6959228515625,3608.2802734375,417.6405334472656,763.6649780273438,1577.8096923828125,2348.18994140625,8.069999694824219,19.040000915527344,60.88999938964844,100.14718627929688,143.87290954589844,196.16233825683594,223.94879150390625,108.77937316894531,62.24628829956055,42.91196060180664
2025-01-08,78148.4921875,1259.6690673828125,3969.457275390625,1877.580810546875,824.5368041992188,1254.322265625,3562.95263671875,425.59381103515625,756.0185546875,1585.6937255859375,2356.044677734375,7.989999771118164,18.770000457763672,60.040000915527344,99.07816314697266,141.60641479492188,194.32347106933594,221.16000366210938,107.0232925415039,62.44563674926758,42.69478225708008
2025-01-09,77620.2109375,1250.0076904296875,3900.98828125,1862.672119140625,811.68798828125,1252.7840576171875,3496.07568359375,426.209228515625,745.382080078125,1593.62744140625,2391.490234375,7.929999828338623,18.5,57.90999984741211,99.36971282958984,138.3544921875,192.23609924316406,215.5326385498047,105.60867309570312,62.176517486572266,41.529930114746094
2025-01-10,77378.90625,1237.4080810546875,4122.19580078125,1910.1663818359375,806.529052734375,1239.0401611328125,3502.614990234375,421.1911315917969,728.520751953125,1601.7098388671875,2397.676025390625,7.75,17.969999313354492,55.58000183105469,95.87112426757812,133.72296142578125,187.76318359375,203.6803436279297,103.41357421875,60.22290802001953,40.394691467285156
2025-01-13,76330.0078125,1235.1173095703125,4147.56298828125,1905.4073486328125,793.3638305664062,1220.3841552734375,3431.77490234375,415.6995544433594,715.2374267578125,1585.5450439453125,2408.52587890625,7.739999771118164,17.1200008392334,54.40999984741211,92.71267700195312,126.5293197631836,186.6201171875,191.8280487060547,97.55997467041016,59.106563568115234,38.12421798706055
2025-01-14,76499.6328125,1233.6231689453125,4091.46435546875,1883.55419921875,800.2506103515625,1229.76171875,3433.3603515625,413.47454833984375,733.3732299804688,1586.6854248046875,2324.72314453125,8.260000228881836,18.040000915527344,57.130001068115234,95.8225326538086,133.77224731445312,191.59002685546875,196.50921630859375,103.36479187011719,61.72798538208008,44.866539001464844
2025-01-15,76724.078125,1247.3184814453125,4105.76708984375,1893.7523193359375,799.5205688476562,1228.9677734375,3468.82958984375,413.9479675292969,739.1571044921875,1594.619140625,2330.17236328125,8.760000228881836,17.979999542236328,57.290000915527344,95.48239135742188,135.49673461914062,192.8822021484375,201.43936157226562,102.58432006835938,61.80772399902344,41.845821380615234
2025-01-16,77042.8203125,1263.6531982421875,4066.676513671875,1870.83056640625,804.3875732421875,1240.23095703125,3479.975830078125,409.7819519042969,751.3130493164062,1617.92431640625,2303.367431640625,8.930000305175781,18.290000915527344,56.880001068115234,97.37745666503906,140.9166259765625,194.2240753173828,209.7559051513672,104.8769760131836,62.50543975830078,42.369014739990234
2025-01-17,76619.328125,1296.1236572265625,4060.37744140625,1762.92431640625,796.5760498046875,1216.513916015625,3535.55810546875,416.7410583496094,749.0582885742188,1613.907958984375,2311.56591796875,9.119999885559082,18.260000228881836,56.83000183105469,97.32887268066406,144.1192626953125,190.39724731445312,213.09246826171875,106.14525604248047,62.36589813232422,42.54670715332031
2025-01-20,77073.4375,1299.808837890625,4012.399658203125,1761.12744140625,803.6575317382812,1223.4107666015625,3553.292724609375,414.4687194824219,763.7139892578125,1627.5439453125,2302.82763671875,9.949999809265137,18.940000534057617,58.130001068115234,98.20352172851562,144.51344299316406,192.83250427246094,215.98085021972656,107.21841430664062,63.542049407958984,43.968223571777344
2025-01-21,75838.359375,1267.88623046875,3970.47412109375,1748.0640869140625,799.033935546875,1186.942138671875,3503.40771484375,413.9952697753906,744.0587158203125,1612.42041015625,2297.967041015625,9.359999656677246,18.510000228881836,57.45000076293945,97.47464752197266,140.32534790039062,191.24212646484375,208.56069946289062,107.2671890258789,63.103485107421875,43.50425338745117
2025-01-22,76404.9921875,1272.2191162109375,4088.2294921875,1803.2313232421875,810.3739624023438,1191.1099853515625,3484.236083984375,413.805908203125,738.421875,1618.0235595703125,2300.470947265625,9.510000228881836,18.360000610351562,55.150001525878906,95.43379974365234,138.15740966796875,189.40325927734375,204.42735290527344,104.53551483154297,62.684852600097656,42.655296325683594
2025-01-23,76520.3828125,1258.822509765625,4080.060791015625,1811.1956787109375,810.2523193359375,1193.243408203125,3471.356201171875,416.7884216308594,731.265625,1622.5853271484375,2280.784423828125,9.510000228881836,18.479999542236328,54.31999969482422,96.55140686035156,139.2413787841797,189.7014617919922,205.32373046875,106.38915252685547,62.894168853759766,42.95144271850586
2025-01-24,76190.4609375,1240.9439697265625,4085.572509765625,1821.248046875,802.8301391601562,1200.1898193359375,3425.830322265625,418.0192565917969,729.6970825195312,1630.2711181640625,2325.950439453125,9.470000267028809,18.25,52.560001373291016,94.80211639404297,138.74867248535156,186.91830444335938,199.3975830078125,105.55989074707031,62.06687545776367,41.54967498779297
2025-01-27,75366.171875,1224.4100341796875,4001.81982421875,1769.7230224609375,793.169189453125,1218.597900390625,3428.2080078125,416.59906005859375,734.45166015625,1589.5118408203125,2349.024169921875,8.899999618530273,18.5,50.189998626708984,92.85845184326172,135.00404357910156,189.85055541992188,193.571044921875,100.87702178955078,56.57484817504883,42.35914611816406
2025-01-28,75901.40625,1228.89208984375,3972.540771484375,1776.5703125,813.05078125,1237.4027099609375,3382.8310546875,412.1016845703125,736.8533935546875,1605.3792724609375,2346.471435546875,9.010000228881836,18.3700008392334,50.25,96.98873138427734,135.79237365722656,182.99208068847656,186.84808349609375,100.29165649414062,58.279273986816406,42.1419677734375
2025-01-29,76532.9609375,1230.8841552734375,4031.49267578125,1826.7841796875,816.2385864257812,1241.76904296875,3417.3095703125,410.35003662109375,743.7646484375,1586.2392578125,2340.972900390625,8.9399995803833,18.809999465942383,52.7599983215332,95.04507446289062,139.63555908203125,184.83094787597656,199.09878540039062,101.8038330078125,59.64480209350586,42.1518440246582
2025-01-30,76759.8125,1248.61328125,4037.49609375,1806.3878173828125,823.5390014648438,1244.448486328125,3388.230712890625,413.3798522949219,747.1957397460938,1626.849609375,2367.876220703125,9.0,18.959999084472656,55.38999938964844,93.83028411865234,146.1886749267578,183.78726196289062,195.51321411132812,102.87699127197266,60.970462799072266,42.31966018676758
2025-01-31,77500.5703125,1259.868408203125,4043.94189453125,1826.00732421875,827.0189208984375,1242.9599609375,3534.27001953125,423.74749755859375,757.881103515625,1613.2633056640625,2426.493896484375,9.039999961853027,19.25,58.150001525878906,98.30070495605469,148.75079345703125,186.37161254882812,207.3157196044922,104.7794189453125,63.033714294433594,42.94157409667969
2025-02-03,77186.7421875,1240.1968994140625,4002.902587890625,1810.2728271484375,817.7230834960938,1243.2080078125,3256.904296875,429.9964904785156,746.0193481445312,1638.3536376953125,2397.135986328125,9.079999923706055,18.790000915527344,56.36000061035156,95.5309829711914,134.9547576904297,179.56283569335938,195.36380004882812,99.75507354736328,62.046939849853516,41.075836181640625
2025-02-04,78583.8125,1280.8843994140625,4048.568115234375,1844.6552734375,838.2129516601562,1258.7381591796875,3411.81103515625,431.2746887207031,763.861083984375,1647.52685546875,2395.663330078125,9.399999618530273,19.1200008392334,56.93000030517578,96.25985717773438,135.74310302734375,180.0101318359375,205.82171630859375,104.04771423339844,61.93730163574219,41.529930114746094
2025-02-05,78271.28125,1272.966064453125,4025.98095703125,1842.567138671875,845.6350708007812,1258.1923828125,3353.157470703125,424.4102783203125,751.0189208984375,1646.8326416015625,2347.060546875,9.550000190734863,19.420000076293945,55.88999938964844,97.42605590820312,135.8909149169922,182.74359130859375,208.1623077392578,106.19403839111328,63.14335250854492,42.41837692260742
2025-02-06,78058.15625,1276.4521484375,4018.058349609375,1860.875244140625,849.1392211914062,1262.906005859375,3321.9482421875,417.924560546875,737.5396118164062,1606.123046875,2330.467041015625,9.279999732971191,19.290000915527344,54.91999816894531,96.89154052734375,134.31422424316406,182.6938934326172,203.97914123535156,105.4135513305664,63.52211380004883,41.905052185058594
2025-02-07,77860.1875,1261.810546875,3965.55322265625,1848.0546875,843.0068969726562,1247.276611328125,3306.59130859375,407.9830322265625,722.540771484375,1663.89013671875,2320.795654296875,9.470000267028809,19.1299991607666,53.650001525878906,96.35704040527344,131.35794067382812,186.968017578125,202.03697204589844,107.55987548828125,64.04042053222656,41.46083068847656
2025-02-10,77311.796875,1248.4141845703125,3971.60595703125,1825.181640625,834.8790893554688,1253.230712890625,3297.872802734375,404.574462890625,722.3447265625,1678.8153076171875,2320.697509765625,9.119999885559082,18.59000015258789,52.75,95.48239135742188,129.09146118164062,185.87461853027344,202.0867462158203,102.53553771972656,62.6649169921875,40.75006866455078
2025-02-11,76293.6015625,1229.6888427734375,3901.631591796875,1822.8505859375,827.3353271484375,1243.803466796875,3210.338134765625,396.1951599121094,716.6099243164062,1681.939208984375,2272.4384765625,8.819999694824219,18.1200008392334,51.9900016784668,92.56690216064453,124.41065216064453,182.49508666992188,198.6505889892578,97.7063217163086,61.46883010864258,39.56547927856445
2025-02-12,76171.078125,1210.864013671875,3887.656494140625,1810.17578125,830.815185546875,1242.364501953125,3258.935546875,393.8388366699219,718.8156127929688,1697.4097900390625,2289.621337890625,8.40999984741211,18.1299991607666,52.36000061035156,93.00421905517578,123.52375793457031,182.89268493652344,198.00320434570312,103.21845245361328,61.977169036865234,39.45689010620117
2025-02-13,76138.96875,1211.362060546875,3847.207275390625,1790.26513671875,826.2888793945312,1238.94091796875,3238.525390625,394.1273498535156,712.9827270507812,1699.5419921875,2281.91357421875,8.649999618530273,18.170000076293945,53.36000061035156,91.98380279541016,124.70628356933594,180.6065216064453,200.74217224121094,106.7306137084961,61.28942108154297,39.66419219970703
2025-02-14,75939.2109375,1212.1090087890625,3870.48291015625,1802.9400634765625,824.9505004882812,1248.814697265625,3208.208251953125,394.84869384765625,707.7870483398438,1702.913818359375,2276.0224609375,8.210000038146973,17.770000457763672,51.150001525878906,89.65140533447266,119.92694091796875,179.8610382080078,192.37582397460938,103.21845245361328,60.37242126464844,38.75600051879883
2025-02-17,75996.859375,1219.8780517578125,3841.597412109375,1789.6337890625,835.7794799804688,1241.719482421875,3191.810791015625,392.8771057128906,713.7179565429688,1661.65869140625,2286.626708984375,8.270000457763672,17.670000076293945,51.40999984741211,90.57464599609375,120.07475280761719,180.40773010253906,192.6746368408203,102.68187713623047,61.29938888549805,38.15383529663086
2025-02-18,75967.390625,1220.0772705078125,3808.184814453125,1798.27783203125,838.3346557617188,1233.2845458984375,3191.018310546875,389.70330810546875,711.4632568359375,1654.5679931640625,2254.17578125,8.069999694824219,17.459999084472656,50.630001068115234,89.2626724243164,117.51263427734375,179.51315307617188,185.7524871826172,101.85261535644531,59.34578323364258,36.89026641845703
2025-02-19,75939.1796875,1222.0692138671875,3721.47998046875,1758.7479248046875,840.5004272460938,1251.791748046875,3247.491943359375,390.9535827636719,712.4925537109375,1632.2545166015625,2209.45166015625,8.300000190734863,18.010000228881836,54.15999984741211,90.23450469970703,122.48905944824219,180.10952758789062,194.3180389404297,103.90137481689453,59.76441192626953,38.10447311401367
2025-02-20,75735.9609375,1228.1451416015625,3718.1337890625,1771.0341796875,820.764892578125,1240.677490234375,3245.16357421875,386.81805419921875,715.2864990234375,1631.560302734375,2208.0771484375,8.270000457763672,18.219999313354492,54.849998474121094,92.95563507080078,122.93250274658203,183.1908721923828,199.34776306152344,107.16963958740234,61.100040435791016,38.89420700073242
2025-02-21,75311.0625,1222.8162841796875,3725.81005859375,1762.9727783203125,823.2713623046875,1223.16259765625,3284.001953125,385.6639404296875,707.3458862304688,1624.8167724609375,2200.95849609375,8.050000190734863,17.93000030517578,55.29999923706055,91.64366149902344,123.17886352539062,178.61856079101562,195.51321411132812,109.99887084960938,60.42225646972656,38.0946044921875
2025-02-24,74454.40625,1209.9178466796875,3616.715087890625,1713.4388427734375,815.5816040039062,1208.872802734375,3226.93359375,386.4814147949219,702.2973022460938,1587.5284423828125,2201.547607421875,7.920000076293945,17.860000610351562,54.31999969482422,91.35211181640625,121.74999237060547,179.96043395996094,190.5830535888672,105.65745544433594,59.72454071044922,37.5714111328125
2025-02-25,74602.1171875,1199.111083984375,3573.60888671875,1717.3724365234375,819.4021606445312,1214.6285400390625,3196.814208984375,389.36669921875,697.0036010742188,1627.9901123046875,2219.22119140625,7.909999847412109,17.799999237060547,54.54999923706055,90.42887115478516,121.40508270263672,177.42578125,193.8200225830078,103.51113891601562,58.6181640625,37.58127975463867
2025-02-27,74612.4296875,1202.24853515625,3555.155517578125,1713.4873046875,827.1162719726562,1212.0980224609375,3180.0205078125,386.0967102050781,690.0924072265625,1636.02294921875,2205.867919921875,7.800000190734863,17.360000610351562,52.11000061035156,89.408447265625,118.64588165283203,177.37608337402344,186.54928588867188,103.41357421875,58.976985931396484,37.16667175292969
2025-02-28,73198.1015625,1194.828125,3428.7392578125,1639.5263671875,842.5202026367188,1193.8885498046875,3135.53515625,379.6048889160156,674.7014770507812,1556.5870361328125,2152.0615234375,7.559999942779541,16.760000228881836,49.7400016784668,84.88943481445312,110.76243591308594,176.5312042236328,178.18295288085938,102.43797302246094,58.249366760253906,35.95246124267578
2025-03-03,73085.9375,1166.44140625,3441.189208984375,1659.0,827.9923095703125,1196.865478515625,3168.8251953125,382.3458557128906,681.4656372070312,1581.3797607421875,2137.48046875,7.460000038146973,16.309999465942383,49.709999084472656,84.81168365478516,109.53064727783203,178.4197540283203,184.70669555664062,103.80381774902344,57.511783599853516,34.40261459350586
2025-03-04,72989.9296875,1157.078857421875,3476.71728515625,1641.12890625,832.8106079101562,1201.1822509765625,3183.636962890625,379.7491455078125,702.05224609375,1562.8843994140625,2116.861328125,7.429999828338623,16.34000015258789,50.06999969482422,84.65619659423828,112.97965240478516,175.3881072998047,191.5790557861328,105.1696548461914,56.6346549987793,35.37003707885742
2025-03-05,73730.2265625,1171.072998046875,3493.1533203125,1661.6224365234375,822.3953247070312,1206.2928466796875,3209.248291015625,389.8475646972656,715.8746337890625,1603.1973876953125,2131.982177734375,7.869999885559082,16.920000076293945,51.4900016784668,87.21211242675781,116.03448486328125,180.40773010253906,195.3140106201172,109.75497436523438,57.74103546142578,36.27822494506836
2025-03-06,74340.09375,1205.734619140625,3542.7060546875,1663.953369140625,822.3953247070312,1209.0714111328125,3229.707763671875,390.2322692871094,717.5411987304688,1613.3624267578125,2179.308349609375,7.730000019073486,16.979999542236328,52.130001068115234,88.39774322509766,118.89224243164062,180.65621948242188,197.60479736328125,109.07205200195312,57.57158660888672,36.80141830444336
2025-03-07,74332.578125,1244.1312255859375,3554.122314453125,1637.29248046875,822.2006225585938,1205.0028076171875,3215.58935546875,388.3568115234375,718.325439453125,1617.92431640625,2163.84375,7.550000190734863,16.8799991607666,54.91999816894531,88.56295013427734,121.65143585205078,179.46343994140625,195.91160583496094,108.14523315429688,57.17289352416992,36.929752349853516
2025-03-10,74115.171875,1233.2745361328125,3531.28955078125,1653.8038330078125,821.0812377929688,1205.2012939453125,3148.117919921875,389.55902099609375,714.0120239257812,1616.188720703125,2206.9970703125,7.260000228881836,16.530000686645508,53.22999954223633,86.08478546142578,118.05462646484375,177.9227752685547,191.23045349121094,104.48674011230469,56.186119079589844,35.784645080566406
2025-03-11,74102.3203125,1242.43798828125,3518.29833984375,1612.8653564453125,820.0591430664062,1235.269287109375,3164.762939453125,390.56890869140625,715.58056640625,1647.4276123046875,2177.09912109375,7.340000152587891,16.3799991607666,53.75,85.58914947509766,117.61117553710938,178.2706756591797,193.27223205566406,105.51111602783203,55.1993522644043,35.65631103515625
2025-03-12,74029.7578125,1251.601318359375,3448.12744140625,1543.90625,833.1512451171875,1233.0860595703125,3164.416015625,396.33941650390625,708.6693725585938,1628.9818115234375,2153.092529296875,7.079999923706055,16.149999618530273,53.84000015258789,84.45211029052734,117.41409301757812,177.22698974609375,192.82403564453125,104.14527130126953,54.441829681396484,35.182472229003906
2025-03-13,73828.90625,1242.43798828125,3456.739013671875,1533.8538818359375,830.206787109375,1240.677490234375,3158.966796875,396.0989990234375,713.4238891601562,1619.312744140625,2136.400634765625,6.960000038146973,16.200000762939453,54.56999969482422,84.73394775390625,115.98521423339844,175.5869140625,192.57504272460938,103.3160171508789,53.2756462097168,34.76786804199219
2025-03-17,74169.953125,1235.4658203125,3441.878173828125,1544.8291015625,832.2022705078125,1258.638916015625,3153.517578125,392.203857421875,708.4732666015625,1625.8084716796875,2131.687744140625,6.949999809265137,16.1200008392334,54.459999084472656,84.996337890625,117.0199203491211,176.13360595703125,194.51722717285156,103.55992126464844,52.717472076416016,34.5704345703125
2025-03-18,75301.2578125,1233.8721923828125,3496.40087890625,1562.5545654296875,843.5179443359375,1299.5731201171875,3240.85400390625,393.7426452636719,722.540771484375,1614.6517333984375,2161.732666015625,7.099999904632568,16.440000534057617,54.97999954223633,86.4443588256836,119.97621154785156,179.16525268554688,203.08274841308594,106.2428207397461,54.45179748535156,35.66618728637695
2025-03-19,75449.046875,1242.7366943359375,3441.779296875,1540.944091796875,848.7255859375,1302.6492919921875,3288.1630859375,387.6355285644531,730.38330078125,1623.0811767578125,2160.898193359375,7.449999809265137,17.030000686645508,57.779998779296875,88.43661499023438,126.28296661376953,185.07943725585938,205.17433166503906,110.4866714477539,55.239219665527344,36.870521545410156
2025-03-20,76348.0625,1263.50390625,3506.39013671875,1567.750732421875,860.138671875,1311.233154296875,3318.282470703125,388.26068115234375,734.45166015625,1690.81494140625,2201.15478515625,7.260000228881836,16.950000762939453,58.380001068115234,88.76703643798828,126.57859802246094,185.3279266357422,205.62252807617188,111.12081909179688,55.518306732177734,36.62372970581055
2025-03-21,76905.5078125,1271.372314453125,3522.727294921875,1546.820068359375,861.3796997070312,1331.17919921875,3385.803466796875,390.2803649902344,738.1768188476562,1711.988037109375,2206.702392578125,7.619999885559082,17.18000030517578,56.4900016784668,90.47746276855469,128.56179809570312,186.07342529296875,210.9510955810547,112.53543853759766,56.11634826660156,37.26538848876953
2025-03-24,77984.3828125,1296.17333984375,3574.051513671875,1546.4315185546875,876.61328125,1347.8009033203125,3448.96484375,395.2333984375,766.0177612304688,1704.0543212890625,2215.24462890625,7.340000152587891,17.43000030517578,57.91999816894531,93.24717712402344,131.73495483398438,194.5222625732422,216.5286407470703,114.29151916503906,57.69119644165039,37.74909973144531
2025-03-25,78017.1875,1280.286865234375,3599.787353515625,1584.796142578125,886.4932250976562,1334.106689453125,3437.669921875,394.2235412597656,757.8320922851562,1719.3265380859375,2229.531005859375,7.159999847412109,17.030000686645508,57.619998931884766,91.09943389892578,128.31390380859375,193.52828979492188,212.64427185058594,111.8525161743164,57.13302230834961,36.04130554199219
2025-03-26,77288.5,1267.488037109375,3577.939208984375,1552.2105712890625,878.9494018554688,1325.175537109375,3410.8203125,391.4825439453125,748.3230590820312,1723.144775390625,2203.167724609375,7.039999961853027,16.959999084472656,57.470001220703125,90.23450469970703,127.32229614257812,190.94393920898438,209.55670166015625,110.4866714477539,56.81406784057617,35.527984619140625
2025-03-27,77606.4296875,1273.314697265625,3593.833251953125,1557.455322265625,888.3426513671875,1326.5152587890625,3470.9599609375,393.7426452636719,757.1949462890625,1709.0623779296875,2196.196533203125,6.929999828338623,17.18000030517578,57.029998779296875,93.67478942871094,123.35587310791016,196.5599365234375,213.59046936035156,111.07203674316406,56.77419662475586,36.20912551879883
2025-03-28,77414.921875,1269.92822265625,3547.38037109375,1525.25830078125,889.9244384765625,1338.0760498046875,3458.7734375,394.1273498535156,756.41064453125,1716.599365234375,2218.38671875,6.809999942779541,16.889999389648438,56.599998474121094,93.42211151123047,123.30628967285156,191.59002685546875,215.18405151367188,112.04763793945312,54.770755767822266,35.281192779541016
2025-04-01,76024.5078125,1247.4678955078125,3494.137451171875,1483.5914306640625,860.138671875,1307.5118408203125,3404.132568359375,391.09783935546875,756.3126220703125,1709.60791015625,2193.152587890625,8.100000381469727,17.329999923706055,55.77000045776367,93.51929473876953,123.35587310791016,191.2918243408203,210.9510955810547,114.04761505126953,56.97354507446289,30.829086303710938
2025-04-02,76617.4375,1246.123291015625,3488.8720703125,1505.2989501953125,874.7882080078125,1321.2557373046875,3390.0634765625,393.3099060058594,760.5769653320312,1740.2021484375,2197.767578125,8.229999542236328,17.399999618530273,57.380001068115234,94.5980224609375,126.47943878173828,190.74513244628906,211.64828491210938,115.8036880493164,57.053287506103516,29.65436553955078
2025-04-03,76295.359375,1243.6331787109375,3350.006103515625,1453.9681396484375,872.9874267578125,1318.8245849609375,3387.140869140625,393.646484375,763.861083984375,1731.22705078125,2204.4931640625,8.1899995803833,17.950000762939453,57.529998779296875,96.18211364746094,128.0659942626953,193.0312957763672,217.8234405517578,115.5597915649414,60.163108825683594,29.99987030029297
2025-04-04,75364.6875,1199.9078369140625,3247.20947265625,1410.5531005859375,884.327392578125,1324.72900390625,3229.11328125,393.88690185546875,752.6854858398438,1728.7974853515625,2203.756591796875,7.909999847412109,17.200000762939453,55.380001068115234,93.86914825439453,123.85167694091797,193.72708129882812,213.54066467285156,109.80375671386719,57.62142562866211,29.46680450439453
2025-04-07,73137.8984375,1161.5609130859375,3224.7216796875,1357.6197509765625,855.6853637695312,1277.7911376953125,3042.501953125,390.5207824707031,732.0498657226562,1673.856689453125,2209.353271484375,7.369999885559082,16.860000610351562,52.15999984741211,92.2461929321289,121.52140808105469,189.45297241210938,207.11651611328125,102.04773712158203,56.315696716308594,27.72939682006836
2025-04-08,74227.078125,1177.696533203125,3241.4033203125,1388.2142333984375,861.0146484375,1289.35205078125,3132.017822265625,396.7721862792969,753.273681640625,1705.740234375,2247.8427734375,7.179999828338623,17.18000030517578,53.09000015258789,94.18985748291016,123.2071304321289,189.3535614013672,210.1044921875,102.24285888671875,57.71113204956055,28.509254455566406
2025-04-09,73847.1484375,1180.8837890625,3194.70458984375,1363.835693359375,859.2625732421875,1290.542724609375,3030.860595703125,400.2345275878906,727.4423828125,1701.475830078125,2306.85302734375,7.099999904632568,17.149999618530273,51.22999954223633,93.0236587524414,121.9676284790039,188.8565673828125,210.9510955810547,102.38919067382812,59.006893157958984,28.430282592773438
2025-04-11,75157.2578125,1214.4498291015625,3181.122802734375,1370.0517578125,879.2657470703125,1301.805908203125,3088.275634765625,405.6684265136719,739.2061157226562,1742.73095703125,2323.6923828125,7.179999828338623,17.15999984741211,53.029998779296875,93.3152084350586,123.05838775634766,189.15476989746094,211.94708251953125,105.60867309570312,59.68467330932617,28.598098754882812
2025-04-15,76734.890625,1234.9677734375,3196.279052734375,1386.22314453125,907.6401977539062,1339.068359375,3227.329833984375,404.2257995605469,748.2740478515625,1783.8372802734375,2318.24267578125,7.329999923706055,17.520000457763672,54.36000061035156,93.84971618652344,127.1735610961914,190.74513244628906,221.01058959960938,110.58423614501953,61.737953186035156,29.190397262573242
2025-04-16,77044.2890625,1233.7227783203125,3220.9326171875,1372.3828125,913.96728515625,1346.362060546875,3198.349853515625,407.9285583496094,756.5577392578125,1807.88623046875,2324.23193359375,7.269999980926514,17.8700008392334,54.34000015258789,96.04605865478516,127.96685028076172,193.72708129882812,225.04437255859375,112.58421325683594,63.08354949951172,29.881412506103516
2025-04-17,78553.203125,1269.47998046875,3246.717529296875,1379.375732421875,927.9111328125,1395.880126953125,3216.530517578125,410.9100036621094,781.4086303710938,1873.537353515625,2331.595947265625,7.320000171661377,18.09000015258789,55.08000183105469,96.70690155029297,128.3634796142578,193.627685546875,226.58816528320312,111.07203674316406,62.774559020996094,30.049230575561523
2025-04-21,79408.5,1290.6951904296875,3269.00927734375,1408.7562255859375,938.1317749023438,1398.6090087890625,3248.928466796875,406.63018798828125,800.5247802734375,1867.9837646484375,2307.393310546875,8.069999694824219,18.81999969482422,60.310001373291016,99.36971282958984,130.24754333496094,200.8340606689453,226.23956298828125,113.16957092285156,66.43258666992188,30.88831901550293
2025-04-22,79595.59375,1285.814697265625,3265.515380859375,1381.5126953125,954.8497924804688,1405.158447265625,3229.658203125,417.11334228515625,806.2596435546875,1836.6458740234375,2355.60302734375,7.980000019073486,18.700000762939453,59.290000915527344,100.44844818115234,131.13998413085938,200.28736877441406,227.43475341796875,113.16957092285156,66.96086120605469,31.09562110900879
2025-04-23,80116.4921875,1294.7291259765625,3358.273193359375,1432.454833984375,935.9659423828125,1413.09716796875,3269.041259765625,414.2761535644531,797.289794921875,1866.099609375,2378.235107421875,8.020000457763672,18.420000076293945,59.97999954223633,100.04999542236328,133.37110900878906,198.59759521484375,229.6757354736328,113.85249328613281,68.25662231445312,30.77972984313965
2025-04-24,79801.4296875,1296.47216796875,3347.39794921875,1429.0069580078125,932.6807250976562,1391.5137939453125,3270.08154296875,413.6510314941406,797.1917724609375,1829.505615234375,2283.091796875,7.940000057220459,18.43000030517578,60.130001068115234,99.77788543701172,132.28033447265625,200.63526916503906,229.47653198242188,115.1695556640625,67.40938568115234,30.5921688079834
2025-04-25,79212.53125,1294.8785400390625,3392.76806640625,1437.6510009765625,929.7605590820312,1393.796142578125,3241.943603515625,411.7756042480469,783.0261840820312,1800.547607421875,2289.32666015625,7.46999979019165,17.780000686645508,58.290000915527344,96.4347915649414,127.61978149414062,195.16836547851562,220.96080017089844,111.8037338256836,65.93421936035156,29.99987030029297
2025-04-28,80218.3671875,1363.0562744140625,3389.0283203125,1439.593505859375,934.1651611328125,1417.413818359375,3297.080078125,412.40069580078125,801.505126953125,1805.8037109375,2277.39697265625,7.460000038146973,18.09000015258789,57.790000915527344,99.30168914794922,126.13236999511719,198.49819946289062,229.27732849121094,113.99882507324219,66.253173828125,30.503324508666992
2025-04-29,80288.3828125,1394.7298583984375,3416.53564453125,1454.356689453125,928.738525390625,1418.50537109375,3293.7607421875,409.61163330078125,795.770263671875,1808.7291259765625,2280.440673828125,7.25,18.0,57.650001525878906,99.70013427734375,125.83489227294922,202.0765380859375,230.8709259033203,112.48665618896484,66.72164154052734,31.66817855834961
2025-04-30,80242.2421875,1402.7476806640625,3375.348388671875,1455.8134765625,936.2822875976562,1411.6583251953125,3309.71240234375,409.0345764160156,772.6348876953125,1848.248779296875,2298.8017578125,7.119999885559082,17.719999313354492,56.36000061035156,97.35802459716797,123.30628967285156,195.41685485839844,225.6419677734375,110.73057556152344,64.67832946777344,30.64152717590332
2025-05-02,80501.9921875,1416.2935791015625,3389.274169921875,1463.146484375,936.6716918945312,1420.787841796875,3298.61572265625,413.6990966796875,784.3005981445312,1836.6458740234375,2281.02978515625,7.059999942779541,17.709999084472656,56.27000045776367,96.94013977050781,123.10797119140625,188.55838012695312,223.5503692626953,110.4866714477539,65.8744125366211,31.135108947753906
2025-05-05,80796.84375,1425.4072265625,3400.444580078125,1464.3604736328125,942.3173217773438,1417.810791015625,3297.625,420.38330078125,774.4484252929688,1849.9842529296875,2305.969482421875,7.150000095367432,17.729999542236328,56.91999816894531,96.5999984741211,123.95083618164062,190.29783630371094,227.78334045410156,111.8525161743164,66.78144836425781,31.026519775390625
2025-05-06,80641.0703125,1414.8992919921875,3404.184326171875,1467.857177734375,939.5918579101562,1420.688720703125,3303.66845703125,418.98876953125,758.9104614257812,1885.388427734375,2338.175048828125,6.880000114440918,17.940000534057617,53.70000076293945,91.8866195678711,119.3398666381836,185.92433166503906,216.8274383544922,108.87693786621094,65.31623840332031,30.45396614074707
2025-05-07,80746.78125,1400.4071044921875,3390.652099609375,1465.1375732421875,946.4542236328125,1424.3602294921875,3291.4326171875,414.17999267578125,760.87109375,1880.2314453125,2326.9814453125,6.929999828338623,18.270000457763672,54.63999938964844,91.5950698852539,120.28189849853516,190.04934692382812,224.19778442382812,110.87691497802734,66.72164154052734,30.07884407043457
2025-05-08,80334.8125,1399.2615966796875,3392.866455078125,1467.80859375,937.5233764648438,1422.970947265625,3289.946533203125,413.8914794921875,753.6167602539062,1857.1741943359375,2312.548095703125,6.690000057220459,18.219999313354492,53.220001220703125,88.7767562866211,117.85245513916016,185.42733764648438,216.47885131835938,106.4867172241211,66.23323822021484,29.98999786376953
2025-05-09,79454.46875,1372.2694091796875,3387.699462890625,1464.11767578125,919.4669189453125,1378.0673828125,3413.8916015625,407.30340576171875,764.05712890625,1832.9268798828125,2291.634033203125,6.710000038146973,20.0,52.630001068115234,89.35985565185547,115.52217864990234,186.5207061767578,215.88124084472656,106.29158782958984,65.99402618408203,29.59000015258789
2025-05-12,82429.8984375,1430.8355712890625,3562.97998046875,1579.9398193359375,952.732666015625,1438.600341796875,3553.490966796875,418.8445129394531,785.820068359375,1856.6783447265625,2339.74560546875,7.070000171661377,20.399999618530273,56.939998626708984,93.10140991210938,124.44664001464844,193.23008728027344,232.0163116455078,115.51101684570312,68.8646240234375,30.989999771118164
2025-05-13,81148.21875,1410.56640625,3460.281982421875,1523.99560546875,935.9659423828125,1420.142822265625,3534.81494140625,411.6794128417969,786.1141967773438,1805.8531494140625,2317.702880859375,6.940000057220459,20.8700008392334,57.619998931884766,94.8992919921875,123.70293426513672,196.8084259033203,237.89266967773438,113.21835327148438,68.76495361328125,31.1200008392334
2025-05-14,81330.5625,1418.58447265625,3492.858154296875,1546.820068359375,929.9796142578125,1414.0399169921875,3541.304443359375,412.881591796875,784.5946655273438,1819.1917724609375,2308.522216796875,6.980000019073486,20.959999084472656,59.91999816894531,95.14225006103516,128.90887451171875,197.1563262939453,238.7890625,119.70608520507812,69.25335693359375,31.299999237060547
2025-05-15,82530.7421875,1448.0169677734375,3524.055908203125,1566.87646484375,941.1492309570312,1439.7415771484375,3584.650634765625,415.9111633300781,791.800048828125,1851.3231201171875,2312.44970703125,7.230000019073486,21.510000228881836,61.220001220703125,95.5309829711914,129.10719299316406,197.60362243652344,244.7152099609375,119.70608520507812,69.24339294433594,31.0
2025-05-16,82330.59375,1450.8057861328125,3506.53759765625,1544.052001953125,941.1005859375,1442.520263671875,3572.41455078125,418.940673828125,791.8499755859375,1799.3079833984375,2337.831298828125,7.369999885559082,21.540000915527344,61.08000183105469,96.11408233642578,137.38711547851562,197.50421142578125,249.34658813476562,119.46218872070312,69.02410888671875,30.989999771118164
2025-05-19,82059.421875,1435.915283203125,3463.48046875,1514.3316650390625,943.5584106445312,1437.7569580078125,3566.767333984375,418.4598083496094,794.9000244140625,1802.332763671875,2340.7275390625,6.730000019073486,21.209999084472656,61.5099983215332,98.00914764404297,140.2627716064453,200.68495178222656,242.7232208251953,119.07195281982422,68.42606353759766,32.18000030517578
2025-05-20,81186.4375,1419.63037109375,3442.66552734375,1515.5457763671875,931.7073364257812,1426.54345703125,3533.0810546875,418.2193603515625,785.3499755859375,1793.6055908203125,2299.24365234375,6.550000190734863,20.81999969482422,60.369998931884766,97.71760559082031,135.55262756347656,196.85812377929688,243.47023010253906,119.46218872070312,66.94092559814453,31.40999984741211
2025-05-21,81596.6328125,1423.216064453125,3469.13916015625,1523.0242919921875,937.6693115234375,1433.88671875,3556.46337890625,416.39202880859375,787.2000122070312,1807.192138671875,2320.451904296875,6.769999980926514,20.989999771118164,61.31999969482422,98.9809799194336,136.8913116455078,199.44247436523438,246.4084014892578,121.80362701416016,66.46249389648438,31.0
2025-05-22,80951.9921875,1403.7935791015625,3423.9169921875,1504.6676025390625,934.578857421875,1430.9593505859375,3517.92236328125,409.8039855957031,785.3499755859375,1816.563720703125,2288.786865234375,6.75,20.969999313354492,61.0,97.57183074951172,135.65179443359375,199.93946838378906,246.55780029296875,122.63288879394531,66.60203552246094,30.829999923706055
2025-05-23,81721.078125,1420.775634765625,3458.362548828125,1519.52783203125,941.0519409179688,1438.7989501953125,3566.717529296875,419.6138916015625,790.4500122070312,1816.9107666015625,2315.002685546875,6.769999980926514,21.149999618530273,62.209999084472656,97.57183074951172,135.55262756347656,202.3250274658203,253.5297393798828,122.82801818847656,66.84124755859375,31.059999465942383
2025-05-26,82176.453125,1428.445068359375,3482.0322265625,1534.9708251953125,944.166748046875,1449.3177490234375,3614.72021484375,425.86529541015625,794.3499755859375,1831.786376953125,2350.35009765625,6.940000057220459,20.989999771118164,64.33999633789062,98.10633087158203,138.9736785888672,200.68495178222656,260.651123046875,124.63286590576172,66.4026870727539,31.049999237060547
2025-05-27,81551.6328125,1416.094482421875,3443.501953125,1525.3553466796875,937.6937255859375,1435.9708251953125,3607.83447265625,417.3056640625,793.7999877929688,1828.712158203125,2337.831298828125,6.960000038146973,21.1299991607666,65.41000366210938,99.17535400390625,138.52745056152344,201.28134155273438,259.2566833496094,125.4133529663086,67.87786102294922,31.030000686645508
2025-05-28,81312.3203125,1405.53662109375,3442.763427734375,1526.86083984375,936.306640625,1442.619384765625,3612.094970703125,411.4778137207031,796.4500122070312,1840.662353515625,2318.93017578125,7.119999885559082,21.110000610351562,66.33000183105469,99.36971282958984,139.07284545898438,200.3867645263672,265.53143310546875,125.6572494506836,67.76821899414062,31.25
2025-05-29,81633.0234375,1411.76171875,3441.82861328125,1539.8271484375,938.788818359375,1445.4971923828125,3621.358642578125,410.155517578125,797.2999877929688,1848.3480224609375,2324.772216796875,7.150000095367432,21.309999465942383,65.41999816894531,99.4183120727539,138.67620849609375,199.8897705078125,265.43182373046875,126.77918243408203,67.63864135742188,31.280000686645508
2025-05-30,81451.0078125,1415.1483154296875,3409.646484375,1539.236083984375,946.4298706054688,1434.879150390625,3641.81787109375,409.3229675292969,812.4000244140625,1841.4061279296875,2306.7548828125,6.920000076293945,21.469999313354492,71.45999908447266,102.81971740722656,137.73416137695312,200.78436279296875,259.2566833496094,125.99870300292969,67.8080825805664,33.02000045776367
2025-06-02,81373.75,1408.8233642578125,3395.17919921875,1530.7657470703125,940.7112426757812,1439.940185546875,3649.10009765625,410.7431945800781,813.4500122070312,1839.5712890625,2329.927001953125,7.039999961853027,23.270000457763672,71.22000122070312,105.39506530761719,140.8577423095703,205.05848693847656,260.3522644042969,127.36455535888672,68.44599914550781,34.27000045776367
2025-06-03,80737.5078125,1400.357177734375,3351.1376953125,1519.0943603515625,937.0123291015625,1426.989990234375,3645.199951171875,408.2455139160156,809.75,1826.23291015625,2309.504150390625,6.78000020980835,20.850000381469727,68.16000366210938,106.31830596923828,139.5686492919922,209.92898559570312,251.9361572265625,127.07186889648438,66.76151275634766,33.91999816894531
2025-06-04,80998.25,1417.53857421875,3356.598876953125,1527.8602294921875,944.5804443359375,1420.142822265625,3624.0,408.1476135253906,806.4500122070312,1859.405517578125,2320.108154296875,6.909999847412109,21.149999618530273,66.7300033569336,106.36689758300781,143.73338317871094,209.73019409179688,252.6333465576172,128.58404541015625,67.2598876953125,33.90999984741211
2025-06-05,81442.0390625,1436.9112548828125,3348.059814453125,1530.9134521484375,949.49609375,1443.61181640625,3641.75,410.6942138671875,806.0999755859375,1862.9261474609375,2334.001953125,6.820000171661377,20.93000030517578,66.79000091552734,105.92957305908203,143.98129272460938,205.7542724609375,250.94015502929688,129.8523406982422,66.58209991455078,33.900001525878906
2025-06-06,82188.9921875,1437.8077392578125,3361.71240234375,1540.46728515625,963.0262451171875,1448.325439453125,3654.10009765625,412.2613830566406,812.8499755859375,1853.802490234375,2345.538818359375,6.920000076293945,20.850000381469727,66.73999786376953,107.04718017578125,145.12164306640625,206.59915161132812,254.6253204345703,131.7547607421875,71.28669738769531,32.939998626708984
2025-06-09,82445.2109375,1442.837646484375,3399.443115234375,1548.839111328125,962.9775390625,1423.96337890625,3679.64990234375,414.36724853515625,820.0499877929688,1850.08349609375,2349.220947265625,7.050000190734863,21.020000457763672,67.13999938964844,108.9908447265625,145.7165985107422,211.37025451660156,257.1651306152344,130.43768310546875,72.03425598144531,33.15999984741211
2025-06-10,82391.71875,1432.8773193359375,3438.961181640625,1572.1817626953125,956.7965698242188,1412.005615234375,3679.75,418.3341369628906,817.0499877929688,1841.4061279296875,2351.921142578125,6.96999979019165,20.84000015258789,68.29000091552734,108.55351257324219,144.03086853027344,209.6804962158203,259.4559020996094,129.65719604492188,71.1969985961914,33.119998931884766
2025-06-11,82515.140625,1442.987060546875,3447.5498046875,1606.1123046875,948.8633422851562,1419.894775390625,3684.85009765625,417.35467529296875,814.9500122070312,1843.934814453125,2333.06884765625,6.940000057220459,20.719999313354492,67.58999633789062,107.19295501708984,144.1796112060547,206.8973388671875,255.82054138183594,129.8523406982422,71.03751373291016,32.709999084472656
2025-06-12,81691.9765625,1433.8734130859375,3409.620361328125,1583.16357421875,945.14013671875,1414.3873291015625,3603.64990234375,412.31036376953125,805.6500244140625,1828.7618408203125,2292.02685546875,6.789999961853027,20.420000076293945,65.66999816894531,105.00634002685547,139.2711639404297,205.00877380371094,252.88233947753906,126.73040008544922,70.59895324707031,31.760000228881836
2025-06-13,81118.6015625,1421.970947265625,3422.677490234375,1577.40185546875,933.1187133789062,1405.35693359375,3588.25,405.4050598144531,792.4000244140625,1826.8775634765625,2277.053466796875,6.670000076293945,20.15999984741211,64.73999786376953,103.54859161376953,137.0400390625,204.0644989013672,252.53375244140625,126.09626770019531,70.19029235839844,31.309999465942383
2025-06-16,81796.1484375,1432.82763671875,3470.585693359375,1599.26708984375,941.781982421875,1415.9254150390625,3629.5,409.51885986328125,792.8499755859375,1845.8687744140625,2283.68115234375,6.699999809265137,20.25,65.43000030517578,103.79154968261719,138.77536010742188,204.26329040527344,253.4301300048828,125.8035888671875,70.65876007080078,31.299999237060547
2025-06-17,81583.296875,1425.6064453125,3490.344482421875,1615.4197998046875,939.1294555664062,1412.154541015625,3622.949951171875,408.78424072265625,792.2000122070312,1839.8192138671875,2286.626708984375,6.610000133514404,19.940000534057617,64.47000122070312,102.91690063476562,136.64340209960938,203.51780700683594,251.33856201171875,123.8036117553711,69.89127349853516,31.350000381469727
2025-06-18,81444.65625,1424.1622314453125,3427.7412109375,1608.1806640625,941.2222900390625,1401.4371337890625,3599.699951171875,407.26605224609375,791.75,1849.6868896484375,2255.69775390625,6.559999942779541,19.889999389648438,64.05999755859375,102.43098449707031,134.95767211914062,205.80397033691406,250.89035034179688,123.90116882324219,70.53914642333984,31.059999465942383
2025-06-19,81361.8671875,1427.9471435546875,3399.9892578125,1594.09619140625,941.6602783203125,1400.5440673828125,3620.199951171875,407.4619445800781,784.7000122070312,1860.0501708984375,2252.60498046875,6.329999923706055,19.440000534057617,62.5099983215332,100.04999542236328,131.1895751953125,202.5735321044922,246.059814453125,121.94996643066406,69.45270538330078,29.979999542236328
2025-06-20,82408.171875,1458.8238525390625,3410.017822265625,1597.395751953125,956.69921875,1416.4215087890625,3660.64990234375,409.8616943359375,796.0,1920.8914794921875,2263.110595703125,6.559999942779541,19.75,63.29999923706055,103.0999984741211,133.12319946289062,206.4003448486328,249.3963623046875,124.19384765625,70.00091552734375,29.959999084472656
2025-06-23,81896.7890625,1450.5567626953125,3369.35791015625,1560.8057861328125,947.9873657226562,1408.7308349609375,3583.300048828125,406.0906982421875,790.1500244140625,1919.9990234375,2255.322021484375,6.550000190734863,19.889999389648438,62.77000045776367,103.9000015258789,135.85011291503906,205.6548614501953,252.88233947753906,123.31581115722656,70.75843048095703,29.229999542236328
2025-06-24,82055.109375,1444.2818603515625,3366.180419921875,1557.703369140625,954.1683959960938,1412.998046875,3604.39990234375,405.74786376953125,795.25,1916.7760009765625,2245.30078125,6.869999885559082,19.969999313354492,64.41000366210938,105.1500015258789,137.4366912841797,207.94102478027344,258.8582763671875,127.5596694946289,71.75516510009766,29.719999313354492
2025-06-25,82755.5078125,1461.4134521484375,3421.237548828125,1591.1414794921875,963.7562866210938,1414.8834228515625,3618.300048828125,407.8047790527344,800.0999755859375,1949.2545166015625,2260.282958984375,7.130000114440918,20.239999771118164,64.31999969482422,105.94999694824219,138.32913208007812,209.2332000732422,260.80047607421875,125.07189178466797,71.84487915039062,30.25
2025-06-26,83755.8671875,1489.252197265625,3417.265869140625,1590.6490478515625,984.5869140625,1428.23046875,3660.60009765625,411.7226867675781,797.0,1997.5010986328125,2262.416259765625,7.25,20.079999923706055,64.54000091552734,106.25,138.67620849609375,208.7362060546875,263.53948974609375,130.3401336669922,71.6754379272461,30.31999969482422
2025-06-27,84058.8984375,1510.0194091796875,3418.755126953125,1584.345458984375,1002.1990356445312,1450.5582275390625,3678.85009765625,410.3514099121094,805.4000244140625,2011.0875244140625,2288.163818359375,7.380000114440918,20.190000534057617,67.30000305175781,106.3499984741211,138.77536010742188,207.19554138183594,262.99163818359375,128.4376983642578,72.12396240234375,31.579999923706055
2025-06-30,83606.4609375,1494.6805419921875,3436.528564453125,1577.1556396484375,995.3829956054688,1434.7303466796875,3668.550048828125,407.9516906738281,820.3499755859375,1992.740966796875,2276.852783203125,7.440000057220459,20.350000381469727,67.77999877929688,110.5,140.5602569580078,211.81756591796875,265.1828308105469,128.73037719726562,72.58245849609375,32.400001525878906
2025-07-01,83697.2890625,1522.2205810546875,3405.15234375,1583.90234375,1000.9800415039062,1421.0360107421875,3666.699951171875,406.6783752441406,820.25,2002.50927734375,2278.29150390625,7.460000038146973,20.440000534057617,67.19000244140625,113.05000305175781,140.2627716064453,217.4335479736328,263.5892639160156,130.04745483398438,76.98804473876953,32.93000030517578
2025-07-02,83409.6875,1512.2105712890625,3399.095703125,1585.6259765625,987.9202270507812,1417.2154541015625,3597.39990234375,404.4255676269531,813.2000122070312,2015.74853515625,2288.95751953125,7.53000020980835,20.290000915527344,64.87000274658203,113.8499984741211,139.07284545898438,216.3401641845703,259.5555114746094,134.09617614746094,76.96810913085938,32.709999084472656
2025-07-03,83239.46875,1512.90771484375,3376.65576171875,1593.7515869140625,987.8953857421875,1415.2802734375,3582.60009765625,405.0622253417969,807.0999755859375,2000.72412109375,2294.16650390625,7.489999771118164,20.149999618530273,65.22000122070312,110.19999694824219,138.47787475585938,215.5946807861328,256.4679260253906,133.07179260253906,77.3867416381836,32.36000061035156
2025-07-04,83432.890625,1521.32421875,3396.712646484375,1615.468994140625,989.6864624023438,1431.6044921875,3593.699951171875,404.082763671875,811.8499755859375,2000.72412109375,2321.551513671875,7.360000133514404,20.059999465942383,65.52999877929688,110.8499984741211,138.08123779296875,214.0043182373047,259.1072998046875,131.4132843017578,77.60602569580078,32.470001220703125
2025-07-07,83442.5,1535.0692138671875,3387.7763671875,1602.9605712890625,988.69140625,1424.558837890625,3581.199951171875,407.6088562011719,806.9500122070312,2015.698974609375,2391.501708984375,7.300000190734863,20.010000228881836,65.88999938964844,112.5,137.38711547851562,213.70611572265625,255.22293090820312,130.19378662109375,77.45651245117188,32.25
2025-07-08,83712.5078125,1532.6788330078125,3382.216064453125,1613.9425048828125,995.781005859375,1431.1082763671875,3605.699951171875,408.4903869628906,812.7999877929688,2013.4676513671875,2374.33642578125,7.300000190734863,20.010000228881836,66.26000213623047,112.0,137.0400390625,212.2648468017578,257.1651306152344,131.70596313476562,77.59605407714844,31.93000030517578
2025-07-09,83536.078125,1513.0074462890625,3360.3720703125,1609.2640380859375,1000.3084106445312,1421.0360107421875,3578.10009765625,410.7431945800781,810.8499755859375,2001.26953125,2403.755126953125,7.260000228881836,19.90999984741211,65.91999816894531,111.0,136.3955078125,212.5133514404297,260.94989013671875,130.5840301513672,77.19735717773438,31.93000030517578
2025-07-10,83190.28125,1511.1646728515625,3358.33642578125,1592.3726806640625,998.2437133789062,1413.5933837890625,3574.39990234375,408.3434753417969,808.0,1948.80810546875,2390.261474609375,7.340000152587891,19.81999969482422,65.97000122070312,109.69999694824219,135.94927978515625,209.53140258789062,260.202880859375,131.51084899902344,76.38999938964844,31.940000534057617
2025-07-11,82500.46875,1488.903564453125,3242.2646484375,1570.85205078125,986.8506469726562,1411.3109130859375,3540.550048828125,408.4903869628906,808.5,1905.96630859375,2500.4453125,7.159999847412109,19.649999618530273,65.93000030517578,110.05000305175781,134.21397399902344,206.10215759277344,258.1072998046875,131.12060546875,75.16999816894531,31.6299991607666
2025-07-14,82253.4609375,1478.6943359375,3200.36376953125,1546.770751953125,986.5769653320312,1411.8568115234375,3496.14990234375,410.6942138671875,809.2999877929688,1906.51171875,2496.625244140625,7.699999809265137,19.989999771118164,65.44000244140625,110.69999694824219,132.97447204589844,209.18350219726562,256.9098205566406,130.9254913330078,74.30999755859375,31.610000610351562
2025-07-15,82570.90625,1478.9932861328125,3229.75390625,1560.9044189453125,992.6964721679688,1420.4901123046875,3494.60009765625,413.4857177734375,816.75,1918.66015625,2506.596923828125,7.670000076293945,20.469999313354492,67.16999816894531,112.19999694824219,134.16439819335938,210.4259796142578,256.959716796875,131.55963134765625,72.93000030517578,31.950000762939453
2025-07-16,82634.4765625,1479.83984375,3220.438720703125,1584.345458984375,993.1441650390625,1414.13916015625,3501.699951171875,415.738525390625,831.5499877929688,1920.3956298828125,2497.02197265625,7.840000152587891,20.239999771118164,67.04000091552734,115.0,134.3627166748047,213.35821533203125,253.8662109375,130.2425537109375,73.8499984741211,32.56999969482422
2025-07-17,82259.2421875,1471.2242431640625,3196.577880859375,1558.8359375,988.3679809570312,1408.1851806640625,3474.300048828125,415.10186767578125,828.5999755859375,1913.9000244140625,2490.7216796875,7.760000228881836,20.149999618530273,66.27999877929688,113.75,133.7677459716797,211.12176513671875,252.66873168945312,130.3401336669922,73.4800033569336,32.36000061035156
2025-07-18,81757.7265625,1470.9752197265625,3177.997314453125,1562.6280517578125,973.8405151367188,1415.578125,3464.10009765625,413.9754638671875,823.2999877929688,1901.050048828125,2469.488525390625,7.71999979019165,20.170000076293945,65.06999969482422,113.3499984741211,132.7265625,210.97267150878906,249.97439575195312,133.12057495117188,73.06999969482422,32.119998931884766
2025-07-21,82200.34375,1422.5186767578125,3146.663818359375,1560.7073974609375,995.1342163085938,1454.626708984375,3502.75,411.5267639160156,824.2000122070312,1908.75,2445.477294921875,7.639999866485596,20.15999984741211,66.41000366210938,112.55000305175781,133.27194213867188,211.32057189941406,254.11569213867188,133.65716552734375,74.01000213623047,31.760000228881836
2025-07-22,82186.8125,1407.1800537109375,3148.009033203125,1546.426025390625,998.3930053710938,1462.267822265625,3465.25,407.5599060058594,815.0,1906.300048828125,2461.402099609375,7.380000114440918,20.010000228881836,66.54000091552734,109.30000305175781,129.70216369628906,210.97267150878906,249.92449951171875,132.9254608154297,72.4000015258789,31.65999984741211
2025-07-23,82726.640625,1418.83349609375,3167.5361328125,1550.6612548828125,1007.273681640625,1476.359130859375,3485.25,406.43353271484375,820.75,1943.3499755859375,2432.2314453125,7.489999771118164,19.90999984741211,65.9800033569336,109.9000015258789,133.71817016601562,211.5193634033203,250.52325439453125,131.46206665039062,72.70999908447266,30.959999084472656
2025-07-24,82184.171875,1397.0704345703125,3138.444580078125,1530.1256103515625,1002.0,1471.3477783203125,3478.25,401.5851135253906,815.8499755859375,1936.5999755859375,2417.695556640625,7.369999885559082,20.020000457763672,65.30999755859375,110.6500015258789,134.51144409179688,211.12176513671875,250.37355041503906,132.77914428710938,72.88999938964844,30.889999389648438
2025-07-25,81463.09375,1386.5623779296875,3122.703369140625,1492.747802734375,1002.25,1465.29443359375,3443.35009765625,400.9484558105469,806.5,1937.5999755859375,2396.26416015625,7.210000038146973,19.610000610351562,63.630001068115234,108.3499984741211,130.94166564941406,206.69854736328125,239.64610290527344,127.46210479736328,70.69999694824219,30.350000381469727
2025-07-28,80891.0234375,1381.781494140625,3067.60888671875,1493.240234375,1004.0250244140625,1477.252197265625,3422.199951171875,401.3891906738281,797.1500244140625,1892.0999755859375,2423.202392578125,7.130000114440918,19.329999923706055,60.86000061035156,106.75,129.90048217773438,204.85968017578125,236.05368041992188,122.53532409667969,70.72000122070312,30.1200008392334
2025-07-29,81337.953125,1412.3094482421875,3045.1923828125,1491.024169921875,1011.1500244140625,1474.87060546875,3495.10009765625,400.16485595703125,798.9000244140625,1918.0,2434.61279296875,7.199999809265137,19.399999618530273,61.83000183105469,109.30000305175781,131.13998413085938,203.91539001464844,239.99537658691406,122.92556762695312,70.29000091552734,30.209999084472656
2025-07-30,81481.859375,1404.2916259765625,3042.20361328125,1496.145751953125,1012.7999877929688,1470.3553466796875,3665.14990234375,399.3323059082031,801.8499755859375,1931.1500244140625,2417.993408203125,7.0,19.219999313354492,61.209999084472656,108.0999984741211,130.34669494628906,203.51780700683594,241.09307861328125,121.12071228027344,69.23999786376953,30.139999389648438
2025-07-31,81185.578125,1384.76953125,3026.06396484375,1485.853271484375,1009.3499755859375,1470.2562255859375,3635.64990234375,403.34814453125,796.4500122070312,1913.199951171875,2502.181640625,6.909999847412109,18.920000076293945,61.59000015258789,105.4000015258789,127.32229614257812,201.1322479248047,237.8000030517578,121.02315521240234,68.73999786376953,29.799999237060547
2025-08-01,80599.90625,1388.056396484375,2991.941162109375,1448.42626953125,1006.125,1460.13427734375,3589.64990234375,407.9516906738281,793.9500122070312,1885.0999755859375,2531.45166015625,6.610000133514404,18.600000381469727,65.95999908447266,103.1500015258789,125.78530883789062,194.77076721191406,231.60000610351562,117.21831512451172,67.58999633789062,29.1200008392334
2025-08-04,81018.71875,1405.68603515625,3063.47412109375,1458.029296875,996.125,1451.798583984375,3630.050048828125,408.0986022949219,795.6500244140625,1915.050048828125,2521.72802734375,6.840000152587891,18.899999618530273,65.04000091552734,104.6500015258789,128.61138916015625,195.3174591064453,241.39999389648438,122.38899230957031,69.30999755859375,29.0
2025-08-05,80710.25,1386.0643310546875,3050.771484375,1437.7398681640625,988.2999877929688,1433.2418212890625,3650.800048828125,405.5519714355469,800.7000122070312,1929.75,2515.824462890625,6.920000076293945,18.860000610351562,65.43000030517578,103.6500015258789,127.22314453125,194.77076721191406,248.0500030517578,122.14508819580078,69.33999633789062,28.940000534057617
2025-08-06,80543.9921875,1387.408935546875,3020.335205078125,1414.101806640625,991.5,1433.6883544921875,3629.25,403.5440673828125,805.1500244140625,1929.6500244140625,2514.038330078125,6.789999961853027,18.729999542236328,65.25,103.8499984741211,126.42985534667969,196.0629425048828,239.64999389648438,120.43778991699219,68.73999786376953,28.3700008392334
2025-08-07,80623.2578125,1385.3172607421875,3035.8271484375,1415.97314453125,997.7000122070312,1429.0244140625,3640.25,405.1112060546875,805.25,1924.3499755859375,2497.865478515625,6.71999979019165,18.780000686645508,64.19999694824219,104.80000305175781,126.03321075439453,197.50421142578125,227.8000030517578,120.24266815185547,69.23999786376953,28.1299991607666
2025-08-08,79857.7890625,1362.5084228515625,3023.224365234375,1402.1842041015625,986.5250244140625,1425.4517822265625,3606.75,405.894775390625,804.5499877929688,1858.699951171875,2478.914306640625,6.519999980926514,18.549999237060547,63.18000030517578,104.05000305175781,124.19873809814453,194.9695587158203,222.6999969482422,118.04756927490234,69.04000091552734,27.989999771118164
2025-08-11,80604.078125,1381.283447265625,3029.052734375,1406.4686279296875,998.0,1425.699951171875,3667.89990234375,408.2455139160156,824.2999877929688,1857.050048828125,2498.907470703125,6.610000133514404,18.770000457763672,63.34000015258789,106.5,125.73573303222656,195.41685485839844,221.39999389648438,118.7304916381836,69.66000366210938,28.079999923706055
2025-08-12,80235.59375,1374.908935546875,3024.220703125,1402.62744140625,984.9749755859375,1422.0999755859375,3686.0,407.8537292480469,820.5499877929688,1850.1500244140625,2464.22998046875,6.480000019073486,18.719999313354492,63.119998931884766,106.55000305175781,123.95083618164062,194.82046508789062,222.75,119.21829223632812,69.05999755859375,28.329999923706055
2025-08-13,80539.90625,1377.1500244140625,3024.3203125,1404.498779296875,989.6749877929688,1421.1500244140625,3692.75,405.50299072265625,822.1500244140625,1868.0,2475.590576171875,6.369999885559082,18.829999923706055,60.38999938964844,106.6500015258789,124.59538269042969,195.01925659179688,223.9499969482422,121.02315521240234,69.87000274658203,28.049999237060547
2025-08-14,80597.65625,1373.75,3010.671142578125,1425.625244140625,995.7000122070312,1427.300048828125,3677.25,402.95635986328125,826.7000122070312,1873.449951171875,2463.5849609375,6.150000095367432,18.780000686645508,60.060001373291016,106.25,123.45503234863281,194.77076721191406,221.4499969482422,117.4134292602539,68.80999755859375,28.079999923706055
2025-08-18,81273.75,1380.949951171875,3000.758056640625,1413.9539794921875,1001.8250122070312,1434.5999755859375,3633.75,397.86309814453125,827.0,1892.9000244140625,2548.765380859375,6.460000038146973,19.09000015258789,58.0099983215332,106.8499984741211,123.80209350585938,194.77076721191406,216.64999389648438,119.51097106933594,69.87999725341797,28.459999084472656
2025-08-19,81644.390625,1419.949951171875,3004.9423828125,1418.2877197265625,995.625,1436.4000244140625,3611.699951171875,400.65460205078125,830.3499755859375,1909.5999755859375,2583.69091796875,6.590000152587891,19.350000381469727,59.59000015258789,107.9000015258789,125.73573303222656,198.69699096679688,219.6999969482422,119.99877166748047,71.33000183105469,29.190000534057617
2025-08-20,81857.84375,1412.449951171875,3085.890625,1473.2955322265625,994.0,1430.25,3589.35009765625,397.6672058105469,828.7999877929688,1928.199951171875,2647.787109375,6.789999961853027,19.360000610351562,59.849998474121094,107.05000305175781,125.68614959716797,198.49819946289062,220.64999389648438,121.0719223022461,71.26000213623047,29.260000228881836
2025-08-21,82000.7109375,1424.6500244140625,3089.676513671875,1474.1326904296875,995.0999755859375,1445.800048828125,3616.75,397.4223327636719,825.5499877929688,1930.1500244140625,2627.34765625,6.559999942779541,19.43000030517578,58.16999816894531,107.1500015258789,124.39705657958984,198.1999969482422,218.5,120.19388580322266,70.11000061035156,29.25
2025-08-22,81306.8515625,1409.300048828125,3042.30322265625,1465.169921875,982.375,1436.199951171875,3595.449951171875,390.1252136230469,816.0999755859375,1932.9000244140625,2608.34716796875,7.070000171661377,19.280000686645508,58.5099983215332,105.30000305175781,123.95083618164062,196.4499969482422,218.5500030517578,118.9743881225586,69.69000244140625,28.920000076293945
2025-08-25,81635.90625,1412.9000244140625,3129.07958984375,1509.491455078125,982.25,1433.199951171875,3603.10009765625,391.20263671875,815.5,1930.75,2609.09130859375,7.400000095367432,19.549999237060547,57.45000076293945,105.19999694824219,123.30628967285156,195.0,216.4499969482422,119.80364990234375,70.30999755859375,28.809999465942383
2025-08-26,80786.5390625,1385.300048828125,3144.52197265625,1506.7828369140625,973.0499877929688,1416.699951171875,3539.60009765625,394.82672119140625,807.7999877929688,1905.4000244140625,2671.103759765625,6.710000038146973,18.959999084472656,56.939998626708984,102.69999694824219,120.18273162841797,192.3000030517578,211.4499969482422,116.92562866210938,68.72000122070312,28.450000762939453
2025-08-28,80080.5703125,1387.6500244140625,3085.143310546875,1477.4322509765625,958.0,1398.800048828125,3559.85009765625,392.4759826660156,802.0499877929688,1881.199951171875,2631.564453125,6.579999923706055,18.690000534057617,56.33000183105469,101.44999694824219,117.60455322265625,191.8000030517578,208.39999389648438,116.43782806396484,68.05999755859375,28.190000534057617
2025-08-29,79809.6484375,1357.050048828125,3072.93896484375,1447.2935791015625,951.4500122070312,1398.0,3599.85009765625,401.3402404785156,802.3499755859375,1889.1500244140625,2639.254150390625,6.489999771118164,19.110000610351562,56.43000030517578,100.9000015258789,117.10874938964844,191.6999969482422,207.9499969482422,115.75491333007812,68.0,28.219999313354492
2025-09-01,80364.4921875,1353.8499755859375,3100.635498046875,1476.8411865234375,950.7000122070312,1410.699951171875,3599.25,397.37335205078125,805.9000244140625,1900.1500244140625,2627.546142578125,6.539999961853027,19.549999237060547,57.880001068115234,102.30000305175781,119.48860931396484,193.5500030517578,212.3000030517578,118.14512634277344,68.94000244140625,28.59000015258789
2025-09-02,80157.8828125,1366.300048828125,3100.585693359375,1474.5267333984375,944.4000244140625,1394.449951171875,3572.449951171875,398.3038635253906,803.9500122070312,1888.75,2656.12158203125,6.519999980926514,19.559999465942383,58.209999084472656,102.8499984741211,121.9676284790039,193.5500030517578,215.0500030517578,120.04755401611328,69.48999786376953,28.850000381469727
2025-09-03,80567.7109375,1371.550048828125,3086.6875,1456.9951171875,953.7999877929688,1397.1500244140625,3600.25,403.0543212890625,812.1500244140625,1883.699951171875,2643.12353515625,6.579999923706055,20.360000610351562,58.0,104.30000305175781,122.56259155273438,193.14999389648438,216.89999389648438,126.58406829833984,70.55999755859375,28.760000228881836
2025-09-04,80718.0078125,1359.199951171875,3084.246826171875,1441.1871337890625,961.2000122070312,1405.6500244140625,3592.5,407.3150329589844,809.3499755859375,1880.300048828125,2646.447509765625,6.619999885559082,20.280000686645508,57.41999816894531,103.4000015258789,120.67853546142578,189.75,211.10000610351562,124.48652648925781,72.26000213623047,28.3700008392334
2025-09-05,80710.7578125,1374.300048828125,3037.12255859375,1422.572021484375,962.9000244140625,1402.699951171875,3552.75,399.13641357421875,806.9500122070312,1896.4000244140625,2612.6630859375,7.239999771118164,20.440000534057617,57.869998931884766,103.75,122.41384887695312,190.4499969482422,212.39999389648438,126.14505004882812,72.58999633789062,28.690000534057617
2025-09-08,80787.296875,1378.8499755859375,3008.080810546875,1411.0484619140625,965.75,1402.3499755859375,3517.75,399.0384521484375,809.0,1887.0999755859375,2602.492919921875,7.309999942779541,20.18000030517578,57.439998626708984,104.19999694824219,123.55419158935547,190.60000610351562,216.6999969482422,129.79998779296875,72.23999786376953,28.670000076293945
2025-09-09,81101.3203125,1376.3499755859375,3038.11865234375,1482.0614013671875,964.9000244140625,1403.0,3521.0,401.781005859375,808.9500122070312,1893.3499755859375,2622.039306640625,7.269999980926514,20.350000381469727,57.08000183105469,104.30000305175781,123.75251770019531,191.60000610351562,214.5500030517578,129.60000610351562,73.52999877929688,28.559999465942383
2025-09-10,81425.1484375,1376.800048828125,3098.59326171875,1509.540771484375,966.0499877929688,1403.449951171875,3553.25,404.4745788574219,818.2999877929688,1890.699951171875,2623.130859375,7.329999923706055,20.780000686645508,57.560001373291016,106.25,125.14076232910156,196.0,219.9499969482422,129.6999969482422,72.69000244140625,29.059999465942383
2025-09-11,81548.7265625,1383.5,3112.342041015625,1486.73974609375,968.0999755859375,1401.800048828125,3539.199951171875,406.48248291015625,823.7999877929688,1912.75,2601.054443359375,7.420000076293945,20.989999771118164,56.95000076293945,107.75,124.44664001464844,196.6999969482422,228.89999389648438,131.75,72.41999816894531,29.309999465942383
2025-09-12,81904.703125,1394.800048828125,3122.404541015625,1502.5478515625,966.9000244140625,1417.5999755859375,3579.60009765625,405.1112060546875,823.2999877929688,1904.0999755859375,2560.17578125,7.670000076293945,20.860000610351562,57.06999969482422,107.3499984741211,125.14076232910156,194.35000610351562,228.6999969482422,132.25,72.02999877929688,29.0
2025-09-15,81785.7421875,1399.300048828125,3099.938232421875,1485.3116455078125,966.7000122070312,1419.5,3585.35009765625,404.1806945800781,824.9000244140625,1904.550048828125,2559.481201171875,8.149999618530273,21.010000228881836,58.06999969482422,108.44999694824219,127.12397766113281,196.3000030517578,229.5,132.6999969482422,71.61000061035156,29.440000534057617
2025-09-16,82380.6875,1405.1500244140625,3133.761962890625,1488.561767578125,966.9500122070312,1421.75,3667.14990234375,404.6704406738281,831.7999877929688,1939.8499755859375,2558.78662109375,7.940000057220459,21.0,58.9900016784668,108.4000015258789,127.86768341064453,196.4499969482422,232.10000610351562,132.89999389648438,71.55999755859375,29.8799991607666
2025-09-17,82693.7109375,1413.6500244140625,3161.010498046875,1500.0361328125,966.4000244140625,1418.8499755859375,3685.10009765625,400.8994445800781,856.9500122070312,1941.0,2547.822998046875,7.78000020980835,21.149999618530273,59.279998779296875,111.94999694824219,128.2643280029297,199.0,234.25,132.64999389648438,71.83000183105469,30.489999771118164
2025-09-18,83013.9609375,1414.550048828125,3164.44775390625,1517.026123046875,976.5499877929688,1421.8499755859375,3687.0,403.4950866699219,854.4500122070312,1942.0,2566.327392578125,7.849999904632568,21.079999923706055,59.06999969482422,111.75,128.11558532714844,198.35000610351562,234.35000610351562,133.25,71.94999694824219,30.329999923706055
2025-09-19,82626.2265625,1407.6500244140625,3158.071533203125,1517.075439453125,967.0499877929688,1402.4000244140625,3675.85009765625,401.7320251464844,862.25,1962.3499755859375,2538.89306640625,8.40999984741211,21.18000030517578,60.36000061035156,113.30000305175781,128.61138916015625,197.89999389648438,237.5500030517578,136.1999969482422,71.73999786376953,31.040000915527344
2025-09-22,82159.96875,1390.4000244140625,3062.62744140625,1477.4814453125,963.7999877929688,1401.4000244140625,3642.14990234375,398.74462890625,855.0499877929688,1955.75,2551.493896484375,8.390000343322754,21.209999084472656,59.93000030517578,113.0,127.4710464477539,194.75,239.60000610351562,135.4499969482422,70.93000030517578,30.690000534057617
2025-09-23,82102.1015625,1390.3499755859375,3050.970947265625,1475.1668701171875,957.5499877929688,1394.550048828125,3658.300048828125,395.07159423828125,870.5,1939.0999755859375,2501.884033203125,8.729999542236328,21.3799991607666,58.63999938964844,113.44999694824219,126.23153686523438,195.39999389648438,238.85000610351562,137.35000610351562,70.51000213623047,30.649999618530273
2025-09-24,81715.6328125,1383.75,3024.8681640625,1471.67041015625,950.5,1381.949951171875,3678.39990234375,393.0146789550781,865.8499755859375,1930.050048828125,2529.96337890625,8.600000381469727,21.190000534057617,57.529998779296875,111.0,124.5457992553711,193.5500030517578,236.0500030517578,136.35000610351562,70.02999877929688,30.5
2025-09-25,81159.6796875,1372.449951171875,2949.35009765625,1462.264404296875,949.5999755859375,1375.5,3644.199951171875,391.9862365722656,861.0499877929688,1936.050048828125,2518.25537109375,8.680000305175781,21.34000015258789,56.68000030517578,111.30000305175781,123.05838775634766,193.14999389648438,234.60000610351562,136.4499969482422,69.9800033569336,30.139999389648438
2025-09-26,80426.4609375,1377.75,2889.323974609375,1426.7579345703125,945.1500244140625,1360.75,3731.10009765625,396.7366943359375,857.0,1916.699951171875,2491.267333984375,8.020000457763672,20.950000762939453,55.310001373291016,107.75,120.87686157226562,191.6999969482422,230.89999389648438,131.0500030517578,68.5999984741211,29.440000534057617
2025-09-29,80364.9375,1374.0,2885.637451171875,1418.583251953125,950.4500122070312,1347.050048828125,3687.60009765625,398.10797119140625,870.5,1901.300048828125,2478.964111328125,8.239999771118164,21.040000915527344,55.290000915527344,109.5,123.2071304321289,190.14999389648438,233.85000610351562,131.6999969482422,69.52999877929688,29.84000015258789
2025-09-30,80267.6171875,1363.800048828125,2878.26513671875,1420.3067626953125,951.1500244140625,1348.050048828125,3658.800048828125,393.3575134277344,872.5499877929688,1878.0,2494.839111328125,8.140000343322754,21.25,55.040000915527344,112.9000015258789,122.46343231201172,193.0,238.4499969482422,134.6999969482422,69.75,30.5
2025-10-01,80983.3125,1368.800048828125,2903.271728515625,1423.8525390625,965.2000122070312,1371.949951171875,3670.14990234375,397.3243713378906,864.0499877929688,1867.3499755859375,2515.824462890625,8.529999732971191,21.760000228881836,55.20000076293945,112.55000305175781,124.49622344970703,193.6999969482422,240.14999389648438,135.0500030517578,69.02999877929688,30.6200008392334
2025-10-03,81207.171875,1363.449951171875,2891.365966796875,1424.739013671875,964.75,1365.0,3732.35009765625,396.0510559082031,867.0499877929688,1895.5999755859375,2524.45654296875,8.829999923706055,21.850000381469727,54.47999954223633,114.44999694824219,124.793701171875,192.39999389648438,244.39999389648438,134.9499969482422,69.0,30.780000686645508
2025-10-06,81790.1171875,1375.0999755859375,2976.947021484375,1452.90771484375,973.75,1362.9000244140625,3736.199951171875,392.57391357421875,874.0499877929688,1902.550048828125,2521.97607421875,8.470000267028809,21.93000030517578,54.119998931884766,114.55000305175781,124.14915466308594,193.5500030517578,245.5,132.5500030517578,71.0999984741211,31.309999465942383
2025-10-07,81926.75,1384.949951171875,2962.7998046875,1434.1448974609375,982.2999877929688,1376.0999755859375,3730.699951171875,391.6434326171875,864.7000122070312,1929.199951171875,2496.228515625,9.1899995803833,22.219999313354492,54.02000045776367,114.1500015258789,126.03321075439453,199.25,244.89999389648438,132.89999389648438,71.94999694824219,31.139999389648438
2025-10-08,81773.65625,1367.3499755859375,3015.602783203125,1472.4090576171875,978.75,1370.1500244140625,3728.0,391.49652099609375,858.0499877929688,1942.8499755859375,2482.138916015625,9.039999961853027,22.040000915527344,52.779998779296875,113.0999984741211,123.15754699707031,202.4499969482422,238.8000030517578,131.9499969482422,71.91000366210938,30.809999465942383
2025-10-09,82172.1015625,1377.949951171875,3050.572265625,1486.6412353515625,977.1500244140625,1376.199951171875,3769.35009765625,391.6923828125,862.0999755859375,1941.300048828125,2497.81591796875,9.029999732971191,22.420000076293945,53.220001220703125,114.30000305175781,123.95083618164062,207.3000030517578,239.0500030517578,136.64999389648438,73.44999694824219,30.75
2025-10-10,82500.8203125,1381.949951171875,3017.14697265625,1491.4180908203125,980.9000244140625,1380.6500244140625,3783.300048828125,394.5328674316406,880.75,1939.5999755859375,2509.375,9.039999961853027,24.010000228881836,54.290000915527344,117.30000305175781,125.38866424560547,208.9499969482422,239.60000610351562,132.25,74.41000366210938,31.81999969482422
2025-10-13,82327.046875,1375.0999755859375,2995.975830078125,1470.488525390625,977.9500122070312,1379.050048828125,3770.35009765625,390.9088134765625,883.0,1955.050048828125,2472.8125,8.729999542236328,24.030000686645508,54.349998474121094,116.94999694824219,124.34748077392578,212.9499969482422,234.64999389648438,132.25,73.5,31.780000686645508
2025-10-14,82029.9765625,1375.6500244140625,2949.300048828125,1467.3367919921875,977.0999755859375,1384.0999755859375,3741.300048828125,388.5580749511719,876.9000244140625,1946.199951171875,2481.593505859375,8.369999885559082,23.309999465942383,53.95000076293945,115.19999694824219,123.45503234863281,215.39999389648438,232.10000610351562,128.85000610351562,72.8499984741211,30.84000015258789
2025-10-15,82605.4296875,1374.75,2969.0,1451.676513671875,979.1500244140625,1398.4000244140625,3824.64990234375,391.83929443359375,886.2000122070312,1969.199951171875,2500.842041015625,8.760000228881836,23.329999923706055,53.779998779296875,116.4000015258789,123.75251770019531,216.35000610351562,235.8000030517578,130.25,72.94000244140625,31.549999237060547
2025-10-16,83467.65625,1398.050048828125,2970.85009765625,1450.5438232421875,994.25,1417.199951171875,3861.89990234375,396.7366943359375,886.9000244140625,1967.0999755859375,2541.274169921875,8.850000381469727,23.1200008392334,53.619998931884766,116.0999984741211,123.60377502441406,214.60000610351562,236.10000610351562,131.39999389648438,71.80999755859375,31.399999618530273
2025-10-17,83952.1875,1416.949951171875,2962.60009765625,1419.568115234375,1002.5,1436.699951171875,3839.10009765625,403.6419982910156,889.3499755859375,2011.949951171875,2584.43505859375,8.699999809265137,22.239999771118164,52.900001525878906,113.75,122.51301574707031,212.39999389648438,232.6999969482422,128.64999389648438,71.91000366210938,30.90999984741211
2025-10-20,84363.3671875,1466.800048828125,3014.25,1439.4635009765625,1003.2999877929688,1390.9000244140625,3873.699951171875,404.4745788574219,906.8499755859375,2051.25,2572.72705078125,8.949999809265137,22.649999618530273,53.119998931884766,118.0999984741211,124.00041961669922,227.10000610351562,233.8000030517578,129.8000030517578,76.91000366210938,31.950000762939453
2025-10-21,84426.34375,1465.1500244140625,3007.25,1449.80517578125,1007.2999877929688,1382.199951171875,3887.10009765625,404.3766174316406,908.0999755859375,2043.3499755859375,2572.082275390625,9.010000228881836,22.760000228881836,54.16999816894531,117.69999694824219,124.19873809814453,227.35000610351562,234.60000610351562,129.89999389648438,76.7699966430664,32.279998779296875
2025-10-23,84556.3984375,1448.050048828125,3074.64990234375,1505.7979736328125,1008.9500122070312,1363.5,3918.0,407.3150329589844,911.4500122070312,2008.3499755859375,2580.46630859375,9.520000457763672,22.719999313354492,54.54999923706055,118.0999984741211,124.04999542236328,227.35000610351562,234.1999969482422,129.3000030517578,79.01000213623047,32.25
2025-10-24,84211.8828125,1451.449951171875,3062.449951171875,1502.4000244140625,994.7000122070312,1375.449951171875,3904.35009765625,408.5393981933594,904.4000244140625,2029.0999755859375,2497.76611328125,9.619999885559082,22.68000030517578,53.81999969482422,116.9000015258789,123.69999694824219,227.39999389648438,231.25,129.39999389648438,78.18000030517578,31.68000030517578
2025-10-27,84778.84375,1484.0,3084.550048828125,1504.800048828125,1002.9000244140625,1377.699951171875,3924.699951171875,411.7226867675781,923.25,2081.050048828125,2492.30908203125,9.989999771118164,22.770000457763672,53.70000076293945,119.80000305175781,123.4000015258789,233.9499969482422,235.3000030517578,129.9499969482422,78.05000305175781,32.279998779296875
2025-10-28,84628.15625,1487.1500244140625,3056.85009765625,1500.5999755859375,1003.5499877929688,1363.199951171875,3972.85009765625,409.3719482421875,930.25,2090.5,2479.906494140625,9.4399995803833,22.739999771118164,56.2400016784668,121.1500015258789,122.80000305175781,235.8000030517578,237.35000610351562,132.3000030517578,79.19999694824219,32.79999923706055
2025-10-29,84997.1328125,1504.050048828125,3057.35009765625,1510.800048828125,1007.9000244140625,1370.550048828125,3951.699951171875,412.947021484375,939.7999877929688,2100.449951171875,2470.232666015625,9.369999885559082,22.700000762939453,58.189998626708984,121.1500015258789,125.1500015258789,234.75,245.5500030517578,140.5,79.38999938964844,32.810001373291016
2025-10-30,84404.4609375,1488.449951171875,3035.550048828125,1493.5999755859375,998.0999755859375,1362.449951171875,3987.800048828125,410.1065673828125,934.0999755859375,2066.10009765625,2450.339111328125,8.729999542236328,22.229999542236328,58.52000045776367,120.0999984741211,123.9000015258789,234.8000030517578,261.25,137.0500030517578,78.94000244140625,32.45000076293945
2025-10-31,83938.7109375,1486.5,3057.800048828125,1482.5,987.6500244140625,1345.050048828125,4031.199951171875,411.6247253417969,937.0,2054.60009765625,2447.411865234375,8.729999542236328,22.739999771118164,59.33000183105469,122.9000015258789,123.30000305175781,236.75,266.25,137.14999389648438,81.7699966430664,33.209999084472656
2025-11-03,83978.4921875,1484.3499755859375,3016.10009765625,1485.3499755859375,992.5,1345.5999755859375,3980.10009765625,405.45404052734375,950.25,2073.75,2441.111572265625,9.539999961853027,22.979999542236328,59.2400016784668,123.44999694824219,123.0999984741211,237.89999389648438,265.0,138.0,81.9800033569336,33.59000015258789
2025-11-04,83459.1484375,1471.8499755859375,2989.800048828125,1468.0,985.0999755859375,1336.5999755859375,3921.199951171875,400.2138366699219,957.0499877929688,2112.89990234375,2426.972900390625,9.420000076293945,23.020000457763672,60.0,123.25,122.19999694824219,237.8000030517578,267.20001220703125,138.10000610351562,81.08999633789062,32.72999954223633
2025-11-06,83311.0078125,1495.75,3011.050048828125,1466.25,984.5,1320.4000244140625,3880.800048828125,398.94049072265625,960.75,2094.60009765625,2417.14990234375,9.270000457763672,22.6299991607666,59.630001068115234,120.5,120.25,235.64999389648438,259.95001220703125,137.89999389648438,80.29000091552734,31.940000534057617
2025-11-07,83216.28125,1478.25,2992.35009765625,1477.3499755859375,982.9000244140625,1342.75,3881.64990234375,395.708251953125,955.9500122070312,2001.0999755859375,2414.5,9.609999656677246,22.8700008392334,57.38999938964844,122.44999694824219,121.4000015258789,237.3000030517578,263.70001220703125,140.60000610351562,81.5199966430664,32.540000915527344
2025-11-10,83535.3515625,1489.25,3025.800048828125,1514.5999755859375,984.3499755859375,1348.5,3919.050048828125,397.3243713378906,951.8499755859375,2021.1500244140625,2409.0,9.510000228881836,22.739999771118164,57.41999816894531,122.30000305175781,120.75,238.35000610351562,273.20001220703125,144.4499969482422,81.16999816894531,32.27000045776367
2025-11-11,83871.3203125,1493.9000244140625,3048.14990234375,1530.5999755859375,991.7000122070312,1358.4000244140625,3953.35009765625,398.499755859375,953.2999877929688,2042.550048828125,2428.85009765625,10.239999771118164,22.6299991607666,57.849998474121094,121.94999694824219,121.55000305175781,235.85000610351562,285.5,144.39999389648438,80.66999816894531,31.459999084472656
2025-11-12,84466.5078125,1511.75,3131.25,1551.4000244140625,989.4500122070312,1358.949951171875,3953.35009765625,398.6956481933594,957.3499755859375,2073.5,2424.35009765625,10.369999885559082,22.739999771118164,58.470001220703125,122.44999694824219,121.55000305175781,239.10000610351562,287.0,143.4499969482422,81.58999633789062,31.139999389648438
2025-11-13,84478.671875,1510.5999755859375,3105.699951171875,1542.3499755859375,986.7999877929688,1385.949951171875,4001.949951171875,397.4223327636719,954.5499877929688,2092.14990234375,2407.300048828125,10.479999542236328,22.479999542236328,57.560001373291016,121.0,120.75,235.64999389648438,281.1499938964844,144.4499969482422,80.0,30.829999923706055
2025-11-14,84562.78125,1518.8499755859375,3105.0,1502.5,988.8499755859375,1371.9000244140625,3995.300048828125,399.479248046875,967.3499755859375,2098.699951171875,2426.75,10.9399995803833,22.489999771118164,57.58000183105469,122.0999984741211,121.0,236.25,281.79998779296875,142.0,80.37999725341797,30.719999313354492
2025-11-17,84950.953125,1517.9000244140625,3102.550048828125,1507.5999755859375,996.7999877929688,1378.9000244140625,4028.10009765625,398.74462890625,973.2000122070312,2112.199951171875,2426.14990234375,10.9399995803833,23.15999984741211,57.72999954223633,123.0,122.69999694824219,239.0,285.6000061035156,141.39999389648438,81.0199966430664,31.31999969482422
2025-11-18,84673.0234375,1519.6500244140625,3085.64990234375,1485.6500244140625,991.5999755859375,1371.9000244140625,3998.949951171875,397.4223327636719,972.5499877929688,2149.89990234375,2403.64990234375,10.739999771118164,22.989999771118164,56.88999938964844,122.3499984741211,120.8499984741211,244.64999389648438,289.0,138.8000030517578,80.08000183105469,31.510000228881836
2025-11-19,85186.46875,1518.6500244140625,3147.199951171875,1541.25,994.6500244140625,1383.0999755859375,4019.300048828125,395.2674560546875,982.4500122070312,2161.300048828125,2440.75,10.6899995803833,22.93000030517578,56.540000915527344,125.05000305175781,120.8499984741211,246.1999969482422,289.20001220703125,139.9499969482422,79.58999633789062,31.850000381469727
2025-11-20,85632.6796875,1549.0999755859375,3145.75,1536.75,1008.7999877929688,1382.9000244140625,4037.699951171875,397.1774597167969,981.7000122070312,2159.449951171875,2429.10009765625,10.170000076293945,22.639999389648438,56.689998626708984,123.8499984741211,120.0999984741211,244.75,285.25,138.14999389648438,78.91999816894531,31.049999237060547
2025-11-21,85231.921875,1545.949951171875,3150.050048828125,1544.5999755859375,998.1500244140625,1369.800048828125,4023.5,399.43023681640625,972.5999755859375,2162.85009765625,2434.35009765625,9.979999542236328,22.43000030517578,55.11000061035156,122.3499984741211,119.0999984741211,245.0,282.3999938964844,133.8000030517578,78.29000091552734,30.700000762939453
2025-11-24,84900.7109375,1535.75,3140.550048828125,1549.4000244140625,999.0499877929688,1368.050048828125,4013.300048828125,395.31646728515625,970.2999877929688,2150.85009765625,2422.300048828125,9.989999771118164,22.209999084472656,54.59000015258789,121.69999694824219,116.8499984741211,248.0500030517578,278.25,132.10000610351562,77.91999816894531,30.68000030517578
2025-11-25,84587.0078125,1539.0999755859375,3119.800048828125,1530.0,989.8499755859375,1358.050048828125,3995.800048828125,392.4759826660156,983.2000122070312,2160.75,2413.89990234375,10.0600004196167,22.700000762939453,54.189998626708984,123.05000305175781,116.75,255.85000610351562,282.8500061035156,132.25,79.36000061035156,30.639999389648438
2025-11-26,85609.5078125,1569.75,3162.25,1557.75,1003.8499755859375,1374.949951171875,4061.10009765625,393.9941711425781,984.0499877929688,2127.10009765625,2425.550048828125,10.079999923706055,22.93000030517578,55.599998474121094,125.0,118.0,256.54998779296875,289.70001220703125,136.9499969482422,80.38999938964844,31.110000610351562
2025-11-27,85720.3828125,1563.550048828125,3136.89990234375,1566.1500244140625,1009.25,1392.050048828125,4082.050048828125,395.6592712402344,972.8499755859375,2115.949951171875,2451.10009765625,10.109999656677246,22.84000015258789,54.93000030517578,124.94999694824219,117.9000015258789,254.6999969482422,290.8999938964844,136.25,80.54000091552734,31.040000915527344
2025-11-28,85706.671875,1566.8499755859375,3139.64990234375,1559.699951171875,1007.0,1388.699951171875,4068.5,396.10003662109375,979.5499877929688,2101.050048828125,2467.0,9.970000267028809,22.93000030517578,53.9900016784668,124.5,117.5999984741211,257.95001220703125,290.6499938964844,134.85000610351562,80.12999725341797,30.780000686645508
2025-12-01,85641.8984375,1565.9000244140625,3135.699951171875,1563.1500244140625,1002.5499877929688,1389.9000244140625,4071.10009765625,396.10003662109375,973.1500244140625,2089.60009765625,2463.800048828125,9.9399995803833,22.440000534057617,53.75,125.25,117.05000305175781,256.45001220703125,291.04998779296875,135.0500030517578,80.69999694824219,30.780000686645508
2025-12-02,85138.2734375,1546.4000244140625,3135.60009765625,1560.75,990.0,1372.6500244140625,4030.800048828125,392.81878662109375,967.75,2101.85009765625,2477.39990234375,10.140000343322754,22.709999084472656,53.43000030517578,125.5,116.4000015258789,258.6000061035156,285.54998779296875,132.4499969482422,81.97000122070312,30.6200008392334
2025-12-03,85106.8125,1539.0,3179.949951171875,1578.300048828125,1000.4500122070312,1391.4000244140625,3987.449951171875,392.32904052734375,951.4000244140625,2086.10009765625,2454.25,10.550000190734863,22.389999389648438,52.59000015258789,119.80000305175781,114.75,258.20001220703125,278.5,132.0500030517578,80.55999755859375,29.969999313354492
2025-12-04,85265.3203125,1538.4000244140625,3228.89990234375,1597.800048828125,997.25,1386.5,3985.0,394.7777404785156,948.0499877929688,2103.5,2462.14990234375,10.680000305175781,22.770000457763672,50.849998474121094,119.55000305175781,114.8499984741211,258.5,275.6499938964844,132.14999389648438,79.9000015258789,29.68000030517578
2025-12-05,85712.3671875,1540.9000244140625,3238.89990234375,1615.949951171875,1003.0999755859375,1392.0,4038.0,396.4918212890625,971.4000244140625,2107.699951171875,2339.0,10.800000190734863,22.600000381469727,51.75,121.69999694824219,114.5999984741211,259.20001220703125,277.75,132.5500030517578,80.83999633789062,29.459999084472656
2025-12-08,85102.6875,1542.550048828125,3237.89990234375,1610.050048828125,1003.0999755859375,1389.4000244140625,3995.699951171875,393.8962097167969,956.0999755859375,2085.949951171875,2314.39990234375,10.289999961853027,21.8799991607666,51.790000915527344,115.94999694824219,111.44999694824219,257.3999938964844,269.70001220703125,129.64999389648438,79.13999938964844,28.600000381469727
2025-12-09,84666.28125,1528.800048828125,3208.25,1599.3499755859375,996.8499755859375,1374.9000244140625,3998.10009765625,392.6228942871094,959.3499755859375,2087.60009765625,2306.35009765625,10.729999542236328,22.020000457763672,52.56999969482422,117.80000305175781,113.69999694824219,260.8500061035156,277.1000061035156,129.14999389648438,80.94000244140625,29.110000610351562
2025-12-10,84391.2734375,1535.300048828125,3188.14990234375,1584.6500244140625,990.3499755859375,1364.1500244140625,3989.050048828125,394.82672119140625,959.5499877929688,2066.699951171875,2301.699951171875,10.729999542236328,21.729999542236328,51.58000183105469,117.0999984741211,112.25,259.5,274.8500061035156,128.60000610351562,80.30000305175781,28.850000381469727
2025-12-11,84818.1328125,1544.9000244140625,3191.60009765625,1597.800048828125,1000.2000122070312,1359.949951171875,4005.199951171875,394.7777404785156,963.4000244140625,2053.25,2304.699951171875,11.25,21.940000534057617,52.060001373291016,117.55000305175781,113.19999694824219,260.5,276.3999938964844,129.4499969482422,80.58999633789062,29.149999618530273
2025-12-12,85267.65625,1556.0,3220.14990234375,1598.75,1000.2000122070312,1366.0,4073.699951171875,392.28009033203125,962.9000244140625,2083.35009765625,2261.050048828125,11.649999618530273,21.920000076293945,53.02000045776367,117.80000305175781,113.80000305175781,261.1499938964844,285.3999938964844,131.89999389648438,82.33000183105469,29.079999923706055
2025-12-15,85213.359375,1556.050048828125,3230.39990234375,1607.050048828125,995.8499755859375,1365.199951171875,4090.949951171875,394.0431213378906,967.1500244140625,2071.949951171875,2293.199951171875,11.359999656677246,21.760000228881836,53.13999938964844,118.69999694824219,113.30000305175781,265.3500061035156,282.54998779296875,132.3000030517578,83.86000061035156,29.139999389648438
2025-12-16,84679.859375,1541.800048828125,3204.550048828125,1592.3499755859375,994.1500244140625,1366.0,4062.35009765625,393.4554748535156,961.4000244140625,2101.800048828125,2279.800048828125,11.260000228881836,21.5,52.650001525878906,117.0,111.8499984741211,262.5,279.3999938964844,129.8000030517578,83.41999816894531,28.729999542236328
2025-12-17,84559.6484375,1544.5999755859375,3217.60009765625,1602.0999755859375,984.2999877929688,1352.949951171875,4062.60009765625,391.74139404296875,975.9000244140625,2108.64990234375,2275.699951171875,11.140000343322754,21.559999465942383,51.939998626708984,119.4000015258789,111.0999984741211,263.6000061035156,277.8999938964844,130.25,83.95999908447266,28.489999771118164
2025-12-18,84481.8125,1544.3499755859375,3280.10009765625,1626.3499755859375,979.6500244140625,1356.9000244140625,4032.0,391.9862365722656,977.7000122070312,2092.050048828125,2264.199951171875,11.3100004196167,21.450000762939453,51.77000045776367,118.94999694824219,110.80000305175781,265.25,275.04998779296875,127.1500015258789,83.7699966430664,28.520000457763672
2025-12-19,84929.359375,1565.0999755859375,3282.60009765625,1639.5999755859375,985.9500122070312,1354.1500244140625,4074.199951171875,392.8677673339844,980.1500244140625,2096.300048828125,2281.800048828125,11.960000038146973,21.700000762939453,52.59000015258789,119.75,113.9000015258789,267.75,276.20001220703125,125.9000015258789,84.6500015258789,28.65999984741211
2025-12-22,85567.4765625,1575.449951171875,3324.64990234375,1689.699951171875,987.4500122070312,1368.4000244140625,4071.5,394.2879943847656,974.25,2147.14990234375,2289.050048828125,11.859999656677246,21.780000686645508,53.5099983215332,121.30000305175781,117.0,269.1499938964844,281.79998779296875,130.10000610351562,85.33999633789062,29.010000228881836
2025-12-23,85524.84375,1570.9000244140625,3310.5,1668.0999755859375,996.4000244140625,1363.050048828125,4059.14990234375,399.2833251953125,971.8499755859375,2122.39990234375,2301.39990234375,12.010000228881836,21.739999771118164,53.619998931884766,120.9000015258789,121.4000015258789,265.3999938964844,281.79998779296875,132.64999389648438,85.01000213623047,28.850000381469727
2025-12-24,85408.703125,1557.949951171875,3320.35009765625,1662.4000244140625,997.0999755859375,1359.5,4052.800048828125,398.3038635253906,969.0,2123.75,2282.89990234375,12.020000457763672,21.690000534057617,53.310001373291016,120.94999694824219,121.44999694824219,261.79998779296875,278.1000061035156,131.9499969482422,84.22000122070312,28.799999237060547
2025-12-26,85041.453125,1559.0,3279.800048828125,1655.550048828125,992.4000244140625,1350.550048828125,4045.10009765625,396.0020751953125,966.4000244140625,2105.699951171875,2285.550048828125,11.949999809265137,21.520000457763672,53.189998626708984,120.3499984741211,133.5,261.6499938964844,281.6000061035156,132.3000030517578,85.12000274658203,28.649999618530273
2025-12-29,84695.5390625,1545.300048828125,3253.64990234375,1645.5,991.5499877929688,1343.199951171875,4038.14990234375,394.1410827636719,964.8499755859375,2081.64990234375,2292.10009765625,11.970000267028809,21.360000610351562,52.7599983215332,120.5,126.44999694824219,262.95001220703125,279.45001220703125,134.14999389648438,84.54000091552734,28.530000686645508
2025-12-30,84675.078125,1540.800048828125,3247.5,1624.4000244140625,990.7000122070312,1342.1500244140625,4051.800048828125,392.3780212402344,973.2999877929688,2099.85009765625,2290.10009765625,12.069999694824219,21.3700008392334,52.02000045776367,122.4000015258789,124.5999984741211,267.79998779296875,282.70001220703125,141.0,84.80999755859375,28.8700008392334
