Date,^NSEI,RELIANCE.NS,TCS.NS,INFY.NS,HDFCBANK.NS,ICICIBANK.NS,LT.NS,ITC.NS,SBIN.NS,BHARTIARTL.NS,HINDUNILVR.NS,IDEA.NS,YESBANK.NS,SUZLON.NS,PNB.NS,IRFC.NS,FEDERALBNK.NS,BHEL.NS,SAIL.NS,IDFCFIRSTB.NS,UCOBANK.NS
2021-01-29,13634.599609375,835.1976928710938,2735.11669921875,1090.7608642578125,658.5238647460938,519.379638671875,1266.5533447265625,155.93539428710938,260.2983703613281,531.0950927734375,2081.89453125,11.199999809265137,15.75,5.784748077392578,30.943891525268555,20.857053756713867,69.10936737060547,35.57327651977539,48.93914794921875,47.046016693115234,12.616291046142578
2021-02-01,14281.2001953125,859.3882446289062,2759.73046875,1109.9959716796875,699.370849609375,583.98779296875,1374.875244140625,165.67897033691406,286.68804931640625,555.6065063476562,2067.824951171875,11.699999809265137,16.399999618530273,6.060212135314941,33.17074203491211,21.109359741210938,73.79313659667969,37.694847106933594,53.990108489990234,46.44797134399414,12.763562202453613
2021-02-02,14647.849609375,873.2179565429688,2816.078857421875,1119.1070556640625,739.0575561523438,597.0932006835938,1442.582275390625,167.40521240234375,307.3569030761719,574.9852294921875,2051.133544921875,11.850000381469727,16.549999237060547,6.335676193237305,33.58827590942383,20.815004348754883,76.70852661132812,38.385589599609375,51.782962799072266,47.54438400268555,12.812653541564941
2021-02-03,14789.9501953125,875.4171142578125,2813.090087890625,1130.9033203125,745.8060913085938,601.9291381835938,1450.5062255859375,166.29273986816406,309.9866638183594,584.0990600585938,2053.341064453125,12.25,16.25,6.197944164276123,35.583160400390625,20.394498825073242,77.99895477294922,39.175010681152344,53.990108489990234,47.49454879760742,13.009016036987305
2021-02-04,14895.650390625,872.5377807617188,2802.89306640625,1126.2376708984375,747.842529296875,607.6839599609375,1451.692138671875,176.41989135742188,327.65667724609375,576.1845092773438,2065.06640625,12.149999618530273,16.200000762939453,6.427496910095215,37.578041076660156,21.319612503051758,81.77464294433594,41.64195251464844,55.585662841796875,48.88998031616211,13.15628719329834
2021-02-05,14924.25,872.288330078125,2776.0810546875,1119.8553466796875,756.6038208007812,593.9983520507812,1439.0712890625,179.7956085205078,362.7198791503906,557.4772338867188,2087.090576171875,12.0,16.899999618530273,6.01430082321167,37.2532958984375,21.613964080810547,79.5283432006836,42.974098205566406,56.103145599365234,48.142425537109375,13.058107376098633
2021-02-08,15115.7998046875,884.8485107421875,2825.44140625,1147.5416259765625,760.2268676757812,608.9412841796875,1472.56884765625,178.8366241455078,366.3646240234375,573.0186157226562,2056.83544921875,11.699999809265137,17.049999237060547,6.01430082321167,35.2584114074707,21.65601348876953,79.19379425048828,39.323020935058594,58.38866424560547,48.989654541015625,12.910833358764648
2021-02-09,15109.2998046875,886.9794921875,2792.739501953125,1149.30224609375,763.3524780273438,612.5682373046875,1486.470947265625,175.69107055664062,364.2884826660156,574.6015625,2038.0755615234375,11.949999809265137,16.649999618530273,5.738836765289307,36.2326545715332,21.277555465698242,79.28938293457031,38.237571716308594,57.5693244934082,49.83687973022461,12.861743927001953
2021-02-10,15106.5,895.2093505859375,2824.738037109375,1141.3353271484375,749.0974731445312,611.4075927734375,1473.5653076171875,174.5785675048828,361.9355773925781,566.207275390625,2055.778076171875,11.899999618530273,16.399999618530273,5.601105213165283,36.60380172729492,21.361658096313477,79.19379425048828,37.74418258666992,57.52620315551758,50.38508605957031,12.714471817016602
2021-02-11,15173.2998046875,932.1185913085938,2818.321044921875,1137.9459228515625,744.6458129882812,609.9569702148438,1452.3564453125,173.73468017578125,359.9978942871094,573.7860717773438,2081.066650390625,12.899999618530273,16.5,5.738836765289307,35.95429992675781,21.361658096313477,79.71952056884766,38.237571716308594,57.698699951171875,52.37855911254883,12.714471817016602
2021-02-12,15163.2998046875,925.7252197265625,2804.958740234375,1153.043701171875,749.1921997070312,626.3505859375,1443.673583984375,166.8297882080078,362.7660217285156,562.4178466796875,2061.341796875,12.5,16.399999618530273,5.601105213165283,36.00069046020508,21.361658096313477,79.48056030273438,38.28691101074219,55.84440994262695,51.93002700805664,12.665380477905273
2021-02-15,15314.7001953125,921.6443481445312,2760.169921875,1152.91162109375,765.60205078125,651.8361206054688,1459.141357421875,167.71205139160156,375.4995422363281,569.56494140625,2037.10986328125,12.100000381469727,16.25,5.371551036834717,36.69658279418945,21.65601348876953,81.4400863647461,38.385589599609375,54.07636260986328,53.92350387573242,12.616291046142578
2021-02-16,15313.4501953125,933.8417358398438,2732.874267578125,1135.9652099609375,770.361572265625,636.7479248046875,1470.3388671875,167.4435577392578,371.2550048828125,569.8048095703125,2019.5455322265625,11.75,16.049999237060547,5.141997814178467,36.65019226074219,21.782161712646484,81.63126373291016,39.37236785888672,55.84440994262695,53.67431640625,12.910833358764648
2021-02-17,15208.900390625,944.6107177734375,2701.491455078125,1127.954345703125,751.34716796875,635.7806396484375,1469.2950439453125,167.0599365234375,379.9285583496094,569.7089233398438,1989.9342041015625,11.899999618530273,15.899999618530273,4.82062292098999,38.69146728515625,22.17660903930664,82.87388610839844,39.520381927490234,55.71503829956055,56.21600341796875,13.990828514099121
2021-02-18,15118.9501953125,937.559814453125,2687.64599609375,1137.77001953125,736.0975952148438,623.4974975585938,1446.757568359375,167.90386962890625,383.1119384765625,565.10400390625,1974.2550048828125,11.550000190734863,16.149999618530273,4.82062292098999,40.639957427978516,22.483400344848633,82.92168426513672,42.43136978149414,57.698699951171875,57.91045379638672,15.02173137664795
2021-02-19,14981.75,943.2731323242188,2700.3935546875,1136.7576904296875,728.8990478515625,603.5734252929688,1431.7645263671875,165.67897033691406,368.67138671875,557.717041015625,2005.7513427734375,10.899999618530273,15.949999809265137,4.774712085723877,39.016212463378906,22.22043800354004,79.7673110961914,39.865753173828125,56.318763732910156,62.19642639160156,14.138099670410156
2021-02-22,14675.7001953125,910.5352783203125,2600.704833984375,1113.78125,733.1139526367188,589.83935546875,1378.05419921875,162.7645263671875,359.39813232421875,547.1162109375,1993.3367919921875,10.75,15.600000381469727,4.591069221496582,38.08836364746094,21.913646697998047,76.4217758178711,39.12567138671875,57.612457275390625,61.29936218261719,13.598103523254395
2021-02-23,14707.7998046875,917.4954833984375,2619.824951171875,1114.7935791015625,724.1868286132812,596.07763671875,1410.413330078125,163.9043731689453,365.0267028808594,542.559326171875,2004.0499267578125,11.0,15.600000381469727,4.82062292098999,38.041969299316406,21.86981964111328,77.6644058227539,40.16178894042969,60.84668731689453,61.19969177246094,13.696284294128418
2021-02-24,14982.0,934.5218505859375,2591.606689453125,1121.792236328125,760.7951049804688,620.06396484375,1448.655517578125,164.17950439453125,374.8536071777344,549.6585083007812,2003.682373046875,11.449999809265137,16.100000381469727,5.05017614364624,38.78425216674805,21.82599449157715,80.96215057373047,42.38203430175781,61.57978820800781,63.59185791015625,14.138099670410156
2021-02-25,15097.349609375,972.3153076171875,2633.099609375,1122.01220703125,760.771484375,607.393798828125,1429.5343017578125,164.4153289794922,375.7763366699219,555.6065063476562,1989.382080078125,11.649999618530273,16.100000381469727,5.279729843139648,38.877037048339844,21.86981964111328,82.44375610351562,46.526493072509766,63.1322021484375,64.48892211914062,14.138099670410156
2021-02-26,14529.150390625,945.7669067382812,2544.312744140625,1103.305419921875,726.6731567382812,578.1363525390625,1368.8494873046875,160.24896240234375,359.9978942871094,533.6853637695312,1960.6448974609375,11.300000190734863,15.75,5.32564115524292,37.90279006958008,21.606855392456055,79.86290740966797,46.970542907714844,66.0214614868164,63.24300003051758,13.64719295501709
2021-03-01,14761.5498046875,952.9764404296875,2570.597412109375,1115.36572265625,738.2760620117188,588.3885498046875,1397.6500244140625,162.64659118652344,364.4269714355469,510.5650939941406,1971.0819091796875,11.050000190734863,16.299999237060547,5.41746187210083,37.85639953613281,22.702537536621094,79.38497161865234,48.154666900634766,67.61699676513672,63.24300003051758,13.499921798706055
2021-03-02,14919.099609375,954.9261474609375,2642.812744140625,1148.377685546875,742.6803588867188,590.468017578125,1409.79638671875,165.0049285888672,363.7348937988281,519.1992797851562,2002.8543701171875,11.350000381469727,16.299999237060547,5.463373184204102,38.041969299316406,22.483400344848633,79.62394714355469,51.06565856933594,67.96199798583984,64.2895736694336,13.499921798706055
2021-03-03,15245.599609375,998.5009155273438,2689.184814453125,1182.7545166015625,751.5128173828125,611.3592529296875,1420.4720458984375,165.0442352294922,373.746337890625,524.0918579101562,2017.1546630859375,11.149999618530273,16.350000381469727,5.233819007873535,40.40799331665039,22.351917266845703,84.21212005615234,50.32557678222656,67.6601333618164,66.88108825683594,13.598103523254395
2021-03-04,15080.75,986.5983276367188,2680.9208984375,1171.1339111328125,735.0320434570312,600.3816528320312,1387.9232177734375,164.84768676757812,365.07281494140625,517.6642456054688,2020.281005859375,11.0,16.600000381469727,5.233819007873535,40.45438003540039,22.264266967773438,86.69737243652344,53.53260040283203,65.89208984375,67.97750091552734,13.401740074157715
2021-03-05,14938.099609375,987.890625,2644.306640625,1159.11767578125,724.5894165039062,589.4525146484375,1388.82470703125,163.9436798095703,354.0002136230469,511.140625,2024.1435546875,10.550000190734863,16.350000381469727,5.0960869789123535,38.69146728515625,21.86981964111328,83.49520111083984,51.75640106201172,62.18350601196289,66.58207702636719,13.058107376098633
2021-03-08,14956.2001953125,993.5133056640625,2643.34033203125,1175.8876953125,719.6166381835938,588.0984497070312,1437.837646484375,163.51132202148438,359.4903869628906,504.329345703125,1999.72802734375,10.5,16.25,5.187908172607422,38.737857818603516,21.782161712646484,82.4915542602539,53.68061447143555,64.1240463256836,67.03060150146484,13.058107376098633
2021-03-09,15098.400390625,993.490478515625,2682.019775390625,1184.51513671875,739.9808959960938,604.5889282226562,1431.2899169921875,163.35409545898438,357.64495849609375,500.53985595703125,2021.7528076171875,10.100000381469727,16.049999237060547,5.0960869789123535,38.59868240356445,21.86981964111328,81.48787689208984,54.124664306640625,61.493534088134766,66.43256378173828,12.861743927001953
2021-03-10,15174.7998046875,989.3643188476562,2699.601806640625,1204.41015625,736.7842407226562,605.0725708007812,1446.3780517578125,162.33213806152344,357.73724365234375,504.4732360839844,2048.742919921875,10.300000190734863,16.049999237060547,5.187908172607422,38.505897521972656,21.782161712646484,82.4915542602539,54.07532501220703,62.959716796875,66.63190460205078,12.763562202453613
2021-03-12,15030.9501953125,969.2546997070312,2688.173095703125,1210.3084716796875,734.9845581054688,592.7409057617188,1436.698974609375,161.3102264404297,351.6473388671875,502.8902587890625,2027.5,10.199999809265137,15.899999618530273,5.0960869789123535,38.08836364746094,21.782161712646484,81.48787689208984,52.69384002685547,62.83034896850586,66.73158264160156,13.15628719329834
2021-03-15,14929.5,956.2411499023438,2695.38134765625,1209.2078857421875,723.9500122070312,583.6976318359375,1407.9931640625,161.50672912597656,354.23089599609375,501.5951843261719,2033.1097412109375,10.050000190734863,15.649999618530273,5.141997814178467,37.85639953613281,21.606855392456055,80.05408477783203,54.51937484741211,66.15082550048828,65.03712463378906,13.794466018676758
2021-03-16,14910.4501953125,952.4776611328125,2733.97314453125,1218.3634033203125,716.1358032226562,575.4282836914062,1387.1640625,163.3933868408203,349.2943420410156,507.7829284667969,2063.640625,10.149999618530273,15.449999809265137,5.233819007873535,36.92854309082031,21.519197463989258,79.91069793701172,53.18722915649414,64.72776794433594,63.19316482543945,13.794466018676758
2021-03-17,14721.2998046875,931.9599609375,2736.52197265625,1221.004150390625,708.1795043945312,570.1570434570312,1364.2471923828125,165.5552215576172,339.6981506347656,501.6431579589844,2047.3173828125,9.850000381469727,15.100000381469727,5.05017614364624,35.629554748535156,21.168581008911133,76.6607437133789,49.437477111816406,62.22662353515625,60.70132064819336,13.450831413269043
2021-03-18,14557.849609375,910.98876953125,2669.317138671875,1177.0762939453125,706.1194458007812,559.6146850585938,1355.1846923828125,171.0972900390625,338.729248046875,505.76837158203125,2037.10986328125,9.899999618530273,14.899999618530273,4.912444114685059,34.98005676269531,21.0809268951416,74.31885528564453,51.41102981567383,61.01917266845703,59.206214904785156,12.812653541564941
2021-03-19,14744.0,944.0438842773438,2681.360107421875,1183.546630859375,709.1978149414062,567.4005737304688,1339.195068359375,175.263671875,342.46624755859375,508.40655517578125,2126.174072265625,9.75,14.949999809265137,4.912444114685059,35.67594528198242,20.993274688720703,74.46224975585938,51.312355041503906,63.39095687866211,60.153114318847656,12.763562202453613
2021-03-22,14736.400390625,935.1565551757812,2751.202880859375,1206.7432861328125,695.771484375,554.6337280273438,1328.5670166015625,177.6613311767578,338.6369934082031,506.5357971191406,2164.015625,10.0,14.850000381469727,5.0960869789123535,35.21202087402344,20.949443817138672,73.7453384399414,51.509708404541016,63.261573791503906,59.25605010986328,12.272656440734863
2021-03-23,14814.75,946.5377197265625,2762.58740234375,1207.403076171875,710.4528198242188,567.1587524414062,1332.647216796875,174.67410278320312,343.896484375,507.7349853515625,2149.393798828125,10.100000381469727,14.899999618530273,5.0960869789123535,35.95429992675781,20.861791610717773,74.74899291992188,51.06565856933594,62.35600280761719,61.14984893798828,12.223566055297852
2021-03-24,14549.400390625,928.3097534179688,2743.686767578125,1191.7335205078125,700.3416748046875,548.87890625,1299.2445068359375,169.76089477539062,332.0395812988281,502.36260986328125,2132.197265625,9.75,14.649999618530273,5.187908172607422,34.33055877685547,20.55500030517578,72.31153106689453,49.1907844543457,60.80356216430664,58.55833435058594,11.683568000793457
2021-03-25,14324.900390625,902.9857177734375,2694.239501953125,1174.1712646484375,693.024658203125,552.7960205078125,1301.094970703125,166.34132385253906,327.7489318847656,487.1090087890625,2057.203369140625,8.899999618530273,14.199999809265137,5.004265785217285,32.93878173828125,20.116727828979492,72.93284606933594,47.56260299682617,62.3128776550293,57.013389587402344,10.701756477355957
2021-03-26,14507.2998046875,904.4366455078125,2695.953125,1176.283935546875,706.2615356445312,559.5663452148438,1326.90625,165.79104614257812,329.5943908691406,501.2593994140625,2131.553466796875,9.100000381469727,14.050000190734863,5.05017614364624,33.402706146240234,20.20438003540039,73.36298370361328,48.055992126464844,66.1939697265625,57.51176071166992,10.750846862792969
2021-03-30,14845.099609375,920.1480712890625,2776.60888671875,1219.5078125,735.8133544921875,572.0430297851562,1350.8670654296875,168.66033935546875,332.9161376953125,500.300048828125,2205.903564453125,9.199999809265137,16.299999237060547,4.82062292098999,33.54188537597656,20.116727828979492,72.45491027832031,48.30268478393555,68.26386260986328,58.059967041015625,10.750846862792969
2021-03-31,14690.7001953125,908.2681274414062,2793.574462890625,1204.322265625,707.37451171875,562.9998779296875,1346.454345703125,171.76548767089844,336.1456298828125,496.2707824707031,2236.0205078125,9.25,15.600000381469727,4.591069221496582,34.00580978393555,20.072898864746094,72.45491027832031,48.10533142089844,67.96199798583984,55.51828384399414,10.79993724822998
2021-04-01,14867.349609375,916.77001953125,2782.27880859375,1219.4195556640625,704.106689453125,574.8963623046875,1370.84228515625,172.9839630126953,342.0048828125,499.6285095214844,2206.2255859375,10.0,15.699999809265137,4.682890892028809,35.4439811706543,20.02907371520996,75.37031555175781,50.27623748779297,72.31742858886719,56.8638801574707,11.241753578186035
2021-04-05,14637.7998046875,903.5071411132812,2847.242431640625,1241.16357421875,686.512939453125,552.5059204101562,1332.1256103515625,167.08810424804688,326.2264709472656,506.775634765625,2182.40771484375,9.550000190734863,15.5,4.545158863067627,34.28416442871094,19.72228240966797,73.02843475341797,48.352027893066406,77.3197021484375,54.12285232543945,10.996299743652344
2021-04-06,14683.5,899.74365234375,2869.92236328125,1242.1759033203125,682.0848999023438,547.3314819335938,1329.46826171875,167.166748046875,323.4582824707031,510.5650939941406,2214.685791015625,9.699999809265137,15.600000381469727,4.682890892028809,34.376949310302734,19.284008026123047,73.45857238769531,48.697391510009766,78.52716827392578,55.11958694458008,10.947209358215332
2021-04-07,14819.0498046875,908.1547241210938,2875.8125,1259.0340576171875,685.3762817382812,558.6959228515625,1332.4576416015625,168.07078552246094,330.84002685546875,519.5829467773438,2211.880859375,9.75,15.600000381469727,4.636980056762695,34.887271881103516,19.41548728942871,75.56148529052734,49.33879852294922,77.44908142089844,57.61143112182617,11.143571853637695
2021-04-08,14873.7998046875,909.2883911132812,2916.206298828125,1267.5294189453125,678.556640625,557.7769775390625,1346.691650390625,167.63839721679688,328.1180419921875,520.9259643554688,2216.156982421875,9.399999618530273,15.550000190734863,4.591069221496582,34.74809265136719,19.240182876586914,74.36665344238281,50.91763687133789,82.45136260986328,57.262577056884766,11.094481468200684
2021-04-09,14834.849609375,898.7233276367188,2920.512939453125,1268.585693359375,673.3235473632812,547.6216430664062,1332.41015625,167.52049255371094,325.7189636230469,523.0845336914062,2276.943115234375,9.399999618530273,15.449999809265137,4.682890892028809,35.119232177734375,19.240182876586914,74.27106475830078,50.81896209716797,81.37327575683594,55.617958068847656,11.732659339904785
2021-04-12,14310.7998046875,866.5751953125,2853.967529296875,1255.1168212890625,647.418212890625,520.8788452148438,1276.469970703125,161.38882446289062,303.4353332519531,501.21142578125,2264.068359375,8.75,14.449999809265137,4.315605163574219,31.500606536865234,18.27597999572754,68.05791473388672,44.454261779785156,73.0505142211914,50.38508605957031,10.947209358215332
2021-04-13,14504.7998046875,875.9385986328125,2728.69921875,1229.939453125,663.1886596679688,542.2053833007812,1303.562255859375,164.06158447265625,314.6463317871094,514.3544921875,2257.0791015625,8.949999809265137,14.699999809265137,4.4533371925354,32.56763458251953,18.801910400390625,73.60195922851562,45.93442153930664,78.22529602050781,53.87366485595703,11.290843963623047
2021-04-15,14581.4501953125,881.6063842773438,2829.705078125,1197.8958740234375,677.2779541015625,556.3263549804688,1304.463623046875,162.48936462402344,316.2149963378906,517.4244384765625,2262.826904296875,8.949999809265137,14.550000190734863,4.315605163574219,32.24289321899414,18.495119094848633,72.50270080566406,45.441036224365234,80.03646850585938,52.27888870239258,11.19266128540039
2021-04-16,14617.849609375,876.0745239257812,2808.78271484375,1191.7335205078125,676.5912475585938,548.3469848632812,1289.7552490234375,163.4720001220703,313.63134765625,518.7675170898438,2261.218017578125,8.850000381469727,14.600000381469727,4.361515998840332,32.289283752441406,19.06487274169922,73.02843475341797,45.58905792236328,79.00151824951172,53.4749755859375,10.996299743652344
2021-04-19,14359.4501953125,862.2901611328125,2779.46630859375,1199.4803466796875,668.8954467773438,541.3832397460938,1243.5416259765625,161.62464904785156,305.5575866699219,505.0487976074219,2240.756591796875,8.449999809265137,14.199999809265137,4.086051940917969,30.758325576782227,18.53894805908203,68.77481842041016,43.46748352050781,76.88847351074219,50.53459548950195,10.701756477355957
2021-04-20,14296.400390625,862.0408935546875,2764.30126953125,1189.620849609375,658.9500732421875,540.7544555664062,1263.5169677734375,160.0131072998047,304.0351257324219,508.6463317871094,2204.7080078125,8.449999809265137,14.050000190734863,4.177873134613037,31.268646240234375,18.62660026550293,68.91819763183594,43.61550521850586,76.75910949707031,50.48476028442383,10.750846862792969
2021-04-22,14406.150390625,864.4213256835938,2741.664794921875,1189.4007568359375,673.6786499023438,560.1950073242188,1268.5462646484375,161.86048889160156,310.6325378417969,509.2699279785156,2160.520751953125,8.449999809265137,14.050000190734863,4.177873134613037,31.4542179107666,18.4512882232666,68.5836410522461,44.108890533447266,81.11453247070312,51.03296661376953,10.701756477355957
2021-04-23,14341.349609375,863.4918212890625,2733.489990234375,1174.1712646484375,669.7241821289062,551.24853515625,1255.35595703125,161.42811584472656,310.447998046875,501.35528564453125,2122.218994140625,8.449999809265137,14.0,4.131961822509766,31.547000885009766,18.495119094848633,68.87040710449219,44.79963302612305,80.29520416259766,50.93328857421875,10.701756477355957
2021-04-26,14485.0,878.6817626953125,2725.84228515625,1182.7545166015625,665.2962646484375,571.7045288085938,1267.6922607421875,161.38882446289062,317.69134521484375,506.10406494140625,2170.8662109375,8.449999809265137,14.050000190734863,4.315605163574219,31.964534759521484,18.40746307373047,70.68655395507812,45.53971862792969,86.67741394042969,52.07954025268555,10.750846862792969
2021-04-27,14653.0498046875,901.716064453125,2753.2685546875,1187.112060546875,681.3507690429688,579.103515625,1310.157470703125,161.46742248535156,325.76507568359375,512.5797119140625,2188.52294921875,8.699999809265137,14.75,4.361515998840332,32.4284553527832,18.58277130126953,71.83360290527344,47.661277770996094,86.37557220458984,53.17594909667969,10.849028587341309
2021-04-28,14864.5498046875,905.63818359375,2746.324462890625,1193.7142333984375,699.39453125,600.9619750976562,1305.6500244140625,161.5460662841797,335.31524658203125,522.1732177734375,2213.076416015625,8.649999618530273,14.800000190734863,4.315605163574219,33.07796096801758,18.53894805908203,74.4144515991211,47.463924407958984,89.26480102539062,54.471710205078125,10.89811897277832
2021-04-29,14894.900390625,917.767578125,2738.54443359375,1194.0223388671875,697.3580932617188,601.0587158203125,1289.280517578125,160.60269165039062,331.6243591308594,518.8634643554688,2214.0419921875,8.399999618530273,14.5,4.22378396987915,32.521240234375,18.53894805908203,74.12769317626953,46.575828552246094,97.0269546508789,54.621219635009766,10.849028587341309
2021-04-30,14631.099609375,904.3687133789062,2668.56982421875,1192.26171875,668.8480224609375,580.7962036132812,1272.009765625,159.26629638671875,326.1802978515625,514.9300537109375,2164.521240234375,8.350000381469727,14.550000190734863,4.407426834106445,32.33567428588867,18.670425415039062,76.56513977050781,47.661277770996094,103.06419372558594,54.521549224853516,10.79993724822998
2021-05-03,14634.150390625,888.2945556640625,2669.7568359375,1190.237060546875,669.8662719726562,577.169189453125,1273.9552001953125,157.96920776367188,323.5044860839844,536.1317138671875,2214.409912109375,8.449999809265137,13.899999618530273,4.7288007736206055,32.010929107666016,18.4512882232666,76.32618713378906,52.792518615722656,110.17951202392578,53.823829650878906,10.996299743652344
2021-05-04,14496.5,869.0463256835938,2680.96533203125,1170.2979736328125,657.505615234375,572.1398315429688,1269.3052978515625,156.907958984375,324.33489990234375,529.9918823242188,2214.087890625,8.25,13.850000381469727,4.636980056762695,34.74809265136719,18.363636016845703,75.94383239746094,51.855079650878906,110.3951187133789,55.56812286376953,11.19266128540039
2021-05-05,14617.849609375,870.6333618164062,2721.359130859375,1180.9495849609375,664.2542114257812,583.0206909179688,1270.3016357421875,158.32298278808594,327.9335021972656,537.1869506835938,2202.133056640625,8.350000381469727,13.850000381469727,4.636980056762695,34.74809265136719,18.40746307373047,76.51736450195312,55.99953842163086,112.3787841796875,56.01665496826172,11.19266128540039
2021-05-06,14724.7998046875,875.5757446289062,2735.204345703125,1198.6439208984375,663.4491577148438,588.2434692382812,1271.488037109375,159.38421630859375,328.0718688964844,536.0358276367188,2197.857177734375,8.300000190734863,13.550000190734863,4.591069221496582,33.77384567260742,18.495119094848633,75.13134765625,57.2823486328125,115.26803588867188,56.66453170776367,11.143571853637695
2021-05-07,14823.150390625,875.9158325195312,2754.059814453125,1190.67724609375,670.0083618164062,587.1795654296875,1274.14501953125,161.42811584472656,330.5632019042969,545.389404296875,2217.352783203125,8.300000190734863,13.350000381469727,4.682890892028809,33.63467025756836,18.495119094848633,74.22327423095703,57.03565216064453,124.41012573242188,56.564857482910156,11.094481468200684
2021-05-10,14942.349609375,873.3993530273438,2765.13671875,1179.2330322265625,672.4236450195312,593.1277465820312,1323.7747802734375,161.58534240722656,333.7466125488281,549.2747802734375,2237.308349609375,8.199999809265137,13.100000381469727,5.141997814178467,33.03156661987305,19.766109466552734,76.0394287109375,64.78185272216797,126.17818450927734,55.16942596435547,11.19266128540039
2021-05-11,14850.75,876.5506591796875,2745.005126953125,1171.398193359375,664.7042236328125,589.83935546875,1312.956787109375,160.36688232421875,336.4686279296875,545.2935180664062,2208.984375,8.100000381469727,13.149999618530273,5.64701509475708,32.521240234375,20.116727828979492,78.19013977050781,72.47869110107422,121.08963012695312,56.066490173339844,11.48720645904541
2021-05-12,14696.5,867.4820556640625,2714.238525390625,1168.1851806640625,662.7861328125,575.2348022460938,1314.570068359375,159.77728271484375,339.28289794921875,538.913818359375,2141.715087890625,8.800000190734863,13.300000190734863,5.233819007873535,34.423343658447266,20.511173248291016,77.99895477294922,70.455810546875,114.01747131347656,55.01991653442383,12.370838165283203
2021-05-14,14677.7998046875,878.432373046875,2682.503662109375,1158.853759765625,656.7953491210938,577.7011108398438,1343.22802734375,166.852294921875,332.5932312011719,537.61865234375,2185.763916015625,8.649999618530273,13.199999809265137,5.187908172607422,34.14498519897461,20.20438003540039,76.13500213623047,67.10077667236328,109.66203308105469,54.02317810058594,12.567200660705566
2021-05-17,14923.150390625,888.8839721679688,2698.54638671875,1170.2979736328125,682.0848999023438,603.13818359375,1315.9459228515625,167.12742614746094,353.4927062988281,527.3056640625,2185.21240234375,8.550000190734863,13.350000381469727,5.0960869789123535,34.93366622924805,20.20438003540039,77.95116424560547,70.30779266357422,112.59439086914062,55.617958068847656,12.665380477905273
2021-05-18,15108.099609375,901.3987426757812,2715.292724609375,1179.629150390625,699.34716796875,612.4231567382812,1344.9361572265625,165.1228485107422,352.7084045410156,514.5464477539062,2183.373291015625,8.550000190734863,13.350000381469727,5.0960869789123535,34.655303955078125,20.248210906982422,80.62760925292969,70.80117797851562,113.80184173583984,55.86714172363281,12.469018936157227
2021-05-19,15030.150390625,905.52490234375,2709.31494140625,1176.98828125,690.5857543945312,604.927490234375,1331.7933349609375,163.31478881835938,354.6922607421875,506.72772216796875,2170.038818359375,8.449999809265137,13.300000190734863,5.141997814178467,33.58827590942383,20.248210906982422,80.6753921508789,72.77472686767578,110.91259765625,55.3687744140625,12.370838165283203
2021-05-20,14906.0498046875,900.242431640625,2689.97607421875,1179.012939453125,678.556640625,598.30224609375,1337.771484375,162.72520446777344,354.8306579589844,499.48455810546875,2155.693359375,8.399999618530273,13.25,5.05017614364624,34.79448699951172,20.248210906982422,79.7673110961914,71.5905990600586,104.7459945678711,54.9700813293457,12.321747779846191
2021-05-21,15175.2998046875,908.0187377929688,2707.996826171875,1192.3939208984375,709.10302734375,621.36962890625,1345.6478271484375,164.3367462158203,370.1939392089844,509.3658752441406,2172.338134765625,8.550000190734863,13.350000381469727,5.004265785217285,35.30480194091797,20.46734619140625,81.39229583740234,71.24523162841797,105.2203369140625,57.063228607177734,12.469018936157227
2021-05-24,15197.7001953125,900.3557739257812,2708.87548828125,1186.7159423828125,715.0938720703125,626.1088256835938,1369.5611572265625,166.26271057128906,380.205322265625,505.3845520019531,2148.7041015625,8.600000381469727,13.850000381469727,5.004265785217285,36.92854309082031,21.037097930908203,82.5871353149414,71.4919204711914,107.59212493896484,59.05670166015625,12.812653541564941
2021-05-25,15208.4501953125,890.153564453125,2750.83642578125,1198.6439208984375,700.41259765625,628.9620971679688,1376.8680419921875,165.79104614257812,380.482177734375,504.7129821777344,2155.6015625,8.550000190734863,13.600000381469727,4.958354949951172,36.51101303100586,20.993274688720703,83.01728057861328,73.51481628417969,106.90214538574219,58.75768280029297,12.763562202453613
2021-05-26,15301.4501953125,893.2821655273438,2790.146240234375,1230.0274658203125,699.5128784179688,631.0899047851562,1397.697265625,165.5552215576172,381.5894470214844,504.3772888183594,2164.75146484375,8.550000190734863,13.449999809265137,5.41746187210083,36.41822814941406,20.90561866760254,83.16065216064453,71.54126739501953,102.41734313964844,57.61143112182617,12.714471817016602
2021-05-27,15337.849609375,896.0255126953125,2809.138427734375,1234.4290771484375,702.1649780273438,630.84814453125,1407.1392822265625,165.98756408691406,392.3391418457031,498.6691589355469,2139.3701171875,8.449999809265137,13.399999618530273,5.279729843139648,39.10900115966797,20.730308532714844,84.16431427001953,72.3306884765625,105.43596649169922,57.71110916137695,12.910833358764648
2021-05-28,15435.650390625,949.8477783203125,2776.984619140625,1236.894287109375,712.015625,621.949951171875,1402.6318359375,167.36325073242188,389.4325256347656,502.31463623046875,2135.047607421875,8.699999809265137,13.350000381469727,5.233819007873535,39.201786041259766,20.55500030517578,85.07239532470703,70.94920349121094,104.27164459228516,58.95703125,13.303560256958008
2021-05-31,15582.7998046875,979.547607421875,2790.72119140625,1240.1865234375,717.8881225585938,641.0035400390625,1392.7626953125,170.2718963623047,391.5548400878906,513.1553344726562,2151.9228515625,8.649999618530273,13.5,5.233819007873535,39.340965270996094,20.817962646484375,83.39962005615234,70.11044311523438,109.18768310546875,58.30915069580078,13.35265064239502
2021-06-01,15574.849609375,983.4471435546875,2785.2880859375,1234.3580322265625,715.9226684570312,628.7685546875,1399.358154296875,169.21066284179688,399.1210632324219,511.236572265625,2168.70556640625,8.5,13.350000381469727,5.41746187210083,38.64507293701172,20.686485290527344,81.96581268310547,70.15977478027344,104.5303726196289,57.362247467041016,12.959924697875977
2021-06-02,15576.2001953125,998.1156005859375,2764.48388671875,1226.750244140625,712.2760620117188,627.0759887695312,1395.94189453125,164.29742431640625,403.4578552246094,507.9747619628906,2169.16552734375,8.800000190734863,13.449999809265137,5.92248010635376,40.82552719116211,20.59882926940918,83.73417663574219,71.29456329345703,105.13410186767578,60.751155853271484,13.205378532409668
2021-06-03,15690.349609375,1001.9243774414062,2774.908203125,1236.5382080078125,720.1138916015625,628.9136962890625,1433.709716796875,164.3367462158203,409.4177551269531,510.42120361328125,2173.257568359375,9.350000381469727,13.5,6.473408222198486,40.54717254638672,20.686485290527344,84.11652374267578,71.39324188232422,105.52220916748047,60.4521369934082,13.15628719329834
2021-06-04,15670.25,993.2412109375,2777.1162109375,1232.9788818359375,710.8316650390625,621.6115112304688,1459.0465087890625,164.10089111328125,403.7837829589844,511.04473876953125,2153.761962890625,9.75,13.75,6.748871803283691,39.99045944213867,20.77413558959961,83.97314453125,72.9227523803711,105.99657440185547,59.60490798950195,13.25446891784668
2021-06-07,15751.650390625,1009.9727783203125,2811.9658203125,1236.5382080078125,710.3106689453125,626.9309692382812,1478.2625732421875,166.22340393066406,402.526611328125,514.642333984375,2151.23291015625,10.100000381469727,15.050000190734863,6.657051086425781,39.06260681152344,21.650684356689453,83.68639373779297,75.98175811767578,106.08281707763672,60.20295333862305,13.35265064239502
2021-06-08,15740.099609375,1004.1689453125,2826.9384765625,1257.2708740234375,702.3544921875,621.3212890625,1470.05419921875,167.95285034179688,397.8238525390625,524.571533203125,2169.349365234375,10.050000190734863,14.75,6.335676193237305,38.45950698852539,21.694509506225586,82.39595031738281,74.74828338623047,104.7459945678711,59.156375885009766,13.64719295501709
2021-06-09,15635.349609375,986.2130126953125,2827.027099609375,1259.362060546875,701.0520629882812,615.2279663085938,1441.728271484375,167.04879760742188,392.46923828125,518.0479736328125,2166.590087890625,9.649999618530273,14.199999809265137,6.5193190574646,37.67082977294922,21.30006217956543,80.77098083496094,73.81085205078125,107.3333969116211,59.50523376464844,13.35265064239502
2021-06-10,15737.75,989.8405151367188,2841.6474609375,1267.3704833984375,701.4072265625,619.386962890625,1442.10791015625,169.29046630859375,402.526611328125,522.9885864257812,2187.5576171875,9.949999809265137,14.649999618530273,6.702960968017578,39.43375015258789,21.475374221801758,82.63491821289062,74.79762268066406,110.86947631835938,60.153114318847656,13.401740074157715
2021-06-11,15799.349609375,1007.0098266601562,2891.99951171875,1287.4801025390625,703.9171752929688,614.8411254882812,1426.6873779296875,168.15811157226562,400.05877685546875,518.8634643554688,2176.246337890625,9.850000381469727,14.399999618530273,6.5193190574646,39.016212463378906,21.431549072265625,82.2525863647461,75.19232940673828,116.47547912597656,59.85409164428711,13.401740074157715
2021-06-14,15811.849609375,1021.4564208984375,2894.252685546875,1300.738525390625,700.6494750976562,614.3092651367188,1438.3594970703125,167.6728057861328,400.75726318359375,517.4244384765625,2190.232421875,9.649999618530273,14.100000381469727,6.473408222198486,39.944068908691406,21.650684356689453,81.53567504882812,66.50870513916016,118.41602325439453,59.25605010986328,13.450831413269043
2021-06-15,15869.25,1023.777099609375,2882.23828125,1311.5054931640625,705.7642211914062,624.1260986328125,1433.6622314453125,167.47061157226562,399.9656982421875,520.4463500976562,2215.56591796875,9.699999809265137,14.100000381469727,6.61113977432251,39.340965270996094,22.088956832885742,82.20478057861328,68.72895050048828,118.41602325439453,59.40555953979492,13.990828514099121
2021-06-16,15767.5498046875,1006.3045654296875,2892.485107421875,1317.4674072265625,703.0884399414062,619.0967407226562,1414.7783203125,168.11767578125,396.6597900390625,514.9300537109375,2230.33984375,9.550000190734863,14.0,6.5193190574646,38.737857818603516,21.86981964111328,81.20112609863281,66.1139907836914,113.15498352050781,58.358985900878906,13.794466018676758
2021-06-17,15691.400390625,1008.1473999023438,2930.82421875,1330.547607421875,694.3270874023438,612.229736328125,1411.599365234375,166.3382110595703,391.35174560546875,507.1593933105469,2239.417236328125,9.449999809265137,13.75,6.5652289390563965,38.1347541809082,21.650684356689453,81.58346557617188,64.63382720947266,110.65385437011719,57.61143112182617,13.696284294128418
2021-06-18,15683.349609375,1012.6974487304688,2912.75927734375,1337.6661376953125,700.8153076171875,609.715087890625,1400.6390380859375,165.44850158691406,384.5072021484375,516.8486938476562,2299.808837890625,10.350000381469727,13.75,6.886603832244873,37.39247512817383,21.519197463989258,80.149658203125,63.40035629272461,106.94527435302734,57.41208267211914,13.401740074157715
2021-06-21,15746.5,1017.9755859375,2891.381103515625,1334.9967041015625,705.0302124023438,610.5372314453125,1392.1461181640625,165.3675994873047,390.8861389160156,517.6642456054688,2328.93994140625,10.149999618530273,13.899999618530273,7.207979202270508,38.69146728515625,21.82599449157715,81.58346557617188,66.85407257080078,109.44642639160156,58.25931167602539,14.089010238647461
2021-06-22,15772.75,1012.7430419921875,2916.2041015625,1345.2742919921875,702.7096557617188,610.1502075195312,1422.654541015625,165.89337158203125,389.86181640625,514.5942993164062,2306.6171875,10.0,13.800000190734863,7.529354095458984,38.3203239440918,21.86981964111328,80.86656951904297,65.86729431152344,109.748291015625,57.91045379638672,14.285371780395508
2021-06-23,15686.9501953125,1003.4607543945312,2881.0458984375,1337.53271484375,703.5147705078125,604.2020874023438,1403.7230224609375,164.9631805419922,390.04803466796875,512.33984375,2297.58642578125,9.949999809265137,13.699999809265137,7.162067890167236,39.201786041259766,21.782161712646484,81.0577392578125,65.17655944824219,107.0315170288086,57.56159591674805,14.481734275817871
2021-06-24,15790.4501953125,979.8683471679688,2980.160888671875,1387.406982421875,713.3417358398438,613.2452392578125,1427.2569580078125,164.39700317382812,388.5115051269531,507.25537109375,2306.52490234375,9.550000190734863,13.600000381469727,6.840693950653076,38.55229187011719,21.650684356689453,81.10552978515625,63.795066833496094,107.80774688720703,56.71437072753906,14.236281394958496
2021-06-25,15860.349609375,957.5499877929688,2986.52099609375,1400.7542724609375,717.5328979492188,627.7047119140625,1446.0460205078125,165.85292053222656,399.3138427734375,513.3472290039062,2268.0849609375,10.600000381469727,13.649999618530273,7.1161580085754395,39.2481803894043,21.650684356689453,81.96581268310547,64.33779907226562,113.28437805175781,58.059967041015625,14.285371780395508
2021-06-28,15814.7001953125,949.1550903320312,2947.6083984375,1398.618896484375,714.336181640625,628.9620971679688,1437.1259765625,164.68008422851562,397.40478515625,509.6057434082031,2278.783447265625,10.449999809265137,13.649999618530273,7.207979202270508,40.2224235534668,21.694509506225586,83.49520111083984,65.42325592041016,114.87992858886719,56.76420593261719,15.02173137664795
2021-06-29,15748.4501953125,949.97412109375,2951.230224609375,1390.8330078125,714.4312744140625,619.0967407226562,1433.757080078125,164.43743896484375,392.51580810546875,503.60980224609375,2308.747802734375,10.100000381469727,13.550000190734863,7.024335861206055,39.897674560546875,22.17660903930664,82.68272399902344,64.0417709350586,112.3787841796875,55.66779327392578,14.678096771240234
2021-06-30,15721.5,960.37109375,2955.558837890625,1406.627197265625,712.4573974609375,610.1986694335938,1423.9356689453125,163.95213317871094,390.37396240234375,504.2812805175781,2289.064697265625,9.949999809265137,13.550000190734863,7.3457112312316895,39.2481803894043,21.782161712646484,83.2562484741211,64.68316650390625,112.63752746582031,54.02317810058594,14.923550605773926
2021-07-01,15680.0,954.5924682617188,2951.803955078125,1388.474853515625,707.1539916992188,610.1502075195312,1416.106689453125,164.19479370117188,391.491455078125,501.40325927734375,2295.2705078125,9.050000190734863,13.550000190734863,7.712996959686279,39.29457473754883,21.256237030029297,82.87079620361328,64.09109497070312,109.48953247070312,54.02317810058594,14.874459266662598
2021-07-02,15722.2001953125,968.7433471679688,2937.626220703125,1395.0594482421875,704.1337890625,619.2418212890625,1409.79638671875,163.70947265625,395.21636962890625,503.65771484375,2303.884521484375,8.800000190734863,13.550000190734863,8.080282211303711,39.06260681152344,21.343891143798828,82.19627380371094,64.97919464111328,107.24713897705078,53.823829650878906,14.825369834899902
2021-07-05,15834.349609375,978.3668823242188,2933.69482421875,1404.9810791015625,711.2920532226562,626.5924072265625,1430.9578857421875,164.7205352783203,402.89910888671875,502.65045166015625,2314.7685546875,9.100000381469727,13.449999809265137,8.4475679397583,39.2481803894043,21.343891143798828,84.07530975341797,65.07787322998047,108.3252182006836,54.272361755371094,14.727187156677246
2021-07-06,15818.25,966.8095092773438,2881.84130859375,1390.0765380859375,729.9608764648438,628.9620971679688,1428.6328125,163.7903594970703,400.1985168457031,504.7129821777344,2290.17626953125,8.800000190734863,13.350000381469727,8.034372329711914,38.83064651489258,21.0809268951416,83.73805236816406,63.59770965576172,106.16905212402344,53.425132751464844,14.334463119506836
2021-07-07,15879.650390625,960.09814453125,2893.015625,1392.2120361328125,732.2439575195312,632.5406494140625,1439.023681640625,164.80145263671875,403.0853271484375,508.0707702636719,2298.6513671875,8.850000381469727,13.300000190734863,7.667086124420166,38.69146728515625,20.861791610717773,83.15987396240234,66.9034194946289,110.48136901855469,53.77399444580078,14.187191009521484
2021-07-08,15727.900390625,952.1581420898438,2878.484375,1388.786376953125,723.1830444335938,620.8377685546875,1424.077880859375,163.38595581054688,395.2629699707031,503.9455871582031,2267.06640625,8.800000190734863,13.350000381469727,7.850728988647461,38.08836364746094,20.861791610717773,82.91897583007812,66.163330078125,105.99657440185547,53.02643966674805,14.138099670410156
2021-07-09,15689.7998046875,942.4208374023438,2834.005859375,1390.699462890625,714.4075317382812,617.59765625,1423.0340576171875,162.86019897460938,394.611083984375,514.4503784179688,2270.67822265625,9.050000190734863,13.25,7.804818153381348,38.041969299316406,20.77413558959961,82.4853515625,65.57125854492188,107.85086822509766,53.57464599609375,14.03991985321045
2021-07-12,15692.599609375,948.29052734375,2820.711181640625,1377.3076171875,707.27294921875,625.0449829101562,1424.12548828125,162.65797424316406,398.0566711425781,508.1187438964844,2263.916748046875,9.0,13.100000381469727,7.6211748123168945,37.94918441772461,20.90561866760254,86.24344635009766,65.71928405761719,107.6783676147461,53.823829650878906,13.990828514099121
2021-07-13,15812.349609375,955.3887329101562,2815.80810546875,1374.7271728515625,714.336181640625,643.13134765625,1436.3192138671875,163.26461791992188,399.5932312011719,508.5024719238281,2257.01611328125,8.850000381469727,13.0,7.3457112312316895,37.94918441772461,20.77413558959961,86.0025405883789,65.52193450927734,108.10958862304688,53.823829650878906,14.03991985321045
2021-07-14,15853.9501953125,949.1550903320312,2839.65966796875,1403.1568603515625,713.0519409179688,642.5509643554688,1465.8314208984375,165.08450317382812,401.40911865234375,508.5024719238281,2236.77734375,8.800000190734863,13.050000190734863,7.253890037536621,37.763614654541016,20.59882926940918,86.58070373535156,64.97919464111328,107.37650299072266,53.624481201171875,13.84355640411377
2021-07-15,15924.2001953125,947.4943237304688,2835.587158203125,1406.627197265625,723.3019409179688,645.54931640625,1527.1805419921875,166.82351684570312,402.0144348144531,504.0894470214844,2234.46142578125,8.75,13.550000190734863,7.529354095458984,37.438865661621094,20.335865020751953,85.1834716796875,64.09109497070312,108.79956817626953,53.22578811645508,13.794466018676758
2021-07-16,15923.400390625,961.1674194335938,2828.371826171875,1384.0701904296875,724.0867919921875,638.6339721679688,1536.1007080078125,168.15811157226562,400.4312744140625,519.1511840820312,2239.139404296875,9.449999809265137,13.399999618530273,7.299800872802734,37.90279006958008,20.423521041870117,84.70166015625,65.37391662597656,109.70513916015625,53.87366485595703,13.794466018676758
2021-07-19,15752.400390625,955.0475463867188,2819.341552734375,1371.8353271484375,699.662841796875,634.3783569335938,1527.4178466796875,168.0367889404297,398.4757080078125,516.5609741210938,2231.034423828125,9.149999618530273,13.199999809265137,7.070247173309326,37.39247512817383,20.46734619140625,82.87079620361328,63.153663635253906,109.23078918457031,52.42839431762695,13.598103523254395
2021-07-20,15632.099609375,952.7041015625,2838.110595703125,1379.26513671875,686.4163208007812,620.8377685546875,1509.1505126953125,167.2683868408203,391.95709228515625,504.3772888183594,2255.348876953125,9.0,12.949999809265137,6.794783115386963,36.88215255737305,20.37969207763672,80.70266723632812,62.3642463684082,105.95343780517578,51.03296661376953,13.35265064239502
2021-07-22,15824.0498046875,964.9439697265625,2847.449951171875,1414.99169921875,689.0560302734375,634.4266967773438,1558.305908203125,167.43016052246094,393.0279541015625,524.4755859375,2202.783447265625,9.25,13.0,6.978425979614258,37.11411666870117,20.642656326293945,81.1844711303711,63.69639205932617,108.79956817626953,51.97986602783203,13.303560256958008
2021-07-23,15856.0498046875,958.1188354492188,2844.3515625,1415.2138671875,686.2260131835938,654.447509765625,1529.4580078125,171.79786682128906,399.4069519042969,526.0105590820312,2184.2119140625,8.350000381469727,13.050000190734863,6.748871803283691,37.16050720214844,20.423521041870117,82.2926254272461,63.10432815551758,109.1445541381836,50.983131408691406,13.303560256958008
2021-07-26,15824.4501953125,944.9917602539062,2830.806640625,1427.18212890625,682.3258666992188,654.5441284179688,1516.030517578125,170.78684997558594,394.1920166015625,521.933349609375,2175.50537109375,8.300000190734863,13.300000190734863,6.702960968017578,36.51101303100586,20.37969207763672,84.07530975341797,61.87085723876953,111.77507019042969,51.03296661376953,13.25446891784668
2021-07-27,15746.4501953125,935.0496826171875,2817.880859375,1425.980712890625,684.799072265625,655.22119140625,1526.13671875,168.76473999023438,400.384765625,518.5756225585938,2169.670166015625,8.399999618530273,13.050000190734863,6.381587028503418,36.325443267822266,20.248210906982422,83.15987396240234,60.68672561645508,111.90442657470703,50.584434509277344,13.549013137817383
2021-07-28,15709.400390625,927.0187377929688,2831.028076171875,1428.6947021484375,674.12109375,662.5718383789062,1529.9273681640625,169.12872314453125,396.2407531738281,544.813720703125,2187.268798828125,8.350000381469727,12.949999809265137,6.106122016906738,35.629554748535156,20.160554885864258,82.43717193603516,59.502593994140625,115.4405288696289,50.53459548950195,13.450831413269043
2021-07-29,15778.4501953125,934.25341796875,2829.257080078125,1438.8387451171875,674.5728759765625,666.888427734375,1531.65478515625,166.66175842285156,411.1870422363281,544.0942993164062,2162.583740234375,8.25,12.850000381469727,5.830657958984375,36.55740737915039,20.02907371520996,82.7744369506836,59.4039192199707,122.42648315429688,51.780517578125,13.549013137817383
2021-07-30,15763.0498046875,926.0860595703125,2804.158935546875,1433.054931640625,678.47314453125,662.038330078125,1536.885009765625,165.77203369140625,402.1075134277344,538.81787109375,2161.24072265625,8.25,12.75,5.784748077392578,36.65019226074219,20.160554885864258,84.26803588867188,58.614498138427734,122.51272583007812,51.83035659790039,13.549013137817383
2021-08-02,15885.150390625,943.012451171875,2850.150390625,1451.7855224609375,676.6657104492188,660.9713134765625,1548.881103515625,167.6728057861328,404.994384765625,542.175537109375,2160.77783203125,8.25,12.75,6.060212135314941,37.763614654541016,20.423521041870117,83.40078735351562,59.05854415893555,120.31343841552734,51.680843353271484,13.499921798706055
2021-08-03,16130.75,949.9512939453125,2908.1376953125,1472.8297119140625,682.3971557617188,669.7015380859375,1568.458740234375,169.7758026123047,415.79669189453125,556.61376953125,2210.84228515625,7.400000095367432,12.75,6.335676193237305,37.39247512817383,20.642656326293945,85.90618133544922,58.31846237182617,119.96844482421875,51.531333923339844,13.303560256958008
2021-08-04,16258.7998046875,957.2315673828125,2898.44384765625,1467.5352783203125,696.95166015625,693.2244873046875,1557.7581787109375,168.72430419921875,425.5281066894531,551.0494995117188,2201.810791015625,6.0,12.649999618530273,6.197944164276123,36.55740737915039,20.686485290527344,84.55712127685547,57.233009338378906,118.63163757324219,49.58769607543945,13.058107376098633
2021-08-05,16294.599609375,971.1094360351562,2907.296630859375,1471.3614501953125,706.2503662109375,681.3902587890625,1561.7889404296875,174.10308837890625,411.46649169921875,574.3617553710938,2183.841796875,5.949999809265137,12.399999618530273,6.381587028503418,36.04708480834961,20.730308532714844,82.8226089477539,56.49292755126953,123.37518310546875,47.64405822753906,12.959924697875977
2021-08-06,16238.2001953125,950.5429077148438,2930.181640625,1468.380615234375,709.9603271484375,676.7341918945312,1545.42626953125,173.29425048828125,405.6927490234375,583.1878051757812,2196.6240234375,7.099999904632568,12.5,6.24385404586792,36.69658279418945,20.642656326293945,83.97895812988281,56.78895568847656,121.60712432861328,49.03948974609375,13.107197761535645
2021-08-09,16258.25,945.128173828125,2941.602294921875,1480.037353515625,715.3113403320312,681.7781982421875,1533.0462646484375,172.9302978515625,403.5975036621094,574.8893432617188,2208.665283203125,6.900000095367432,12.449999809265137,6.106122016906738,35.95429992675781,20.642656326293945,84.55712127685547,55.25946044921875,115.65614318847656,47.245365142822266,12.861743927001953
2021-08-10,16280.099609375,950.0877685546875,2951.517822265625,1492.450439453125,717.0948486328125,679.8866577148438,1524.4091796875,169.73536682128906,397.12542724609375,596.9063110351562,2206.164794921875,6.650000095367432,12.300000190734863,5.92248010635376,34.79448699951172,20.20438003540039,83.2562484741211,53.87797164916992,109.748291015625,45.700416564941406,12.616291046142578
2021-08-11,16282.25,963.3969116210938,2960.6357421875,1492.71728515625,711.0543212890625,672.7570190429688,1519.4669189453125,168.76473999023438,398.6153564453125,595.611328125,2214.176513671875,6.650000095367432,11.949999809265137,5.738836765289307,34.701698303222656,20.20438003540039,82.09990692138672,53.779293060302734,116.21673583984375,46.74699401855469,12.370838165283203
2021-08-12,16364.400390625,960.3029174804688,2967.32080078125,1503.4395751953125,714.1221313476562,680.3231811523438,1557.9981689453125,168.96694946289062,397.7773132324219,597.8178100585938,2215.890380859375,6.5,11.949999809265137,6.01430082321167,35.072837829589844,20.993274688720703,82.4853515625,55.1114387512207,116.43236541748047,45.7502555847168,13.009016036987305
2021-08-13,16529.099609375,976.2965087890625,3066.165283203125,1523.5494384765625,725.91796875,683.6697387695312,1601.135986328125,171.0294952392578,401.5487976074219,611.1526489257812,2227.190185546875,6.300000190734863,11.899999618530273,5.968389987945557,35.02644729614258,20.861791610717773,82.19627380371094,54.864742279052734,115.52677917480469,45.3515625,13.64719295501709
2021-08-16,16563.05078125,988.9686889648438,3074.619384765625,1516.60888671875,728.0108032226562,681.5842895507812,1589.331787109375,170.58460998535156,395.6354675292969,608.274658203125,2247.475341796875,5.949999809265137,11.699999809265137,6.106122016906738,34.74809265136719,20.817962646484375,81.7144546508789,53.48325729370117,116.00111389160156,44.703678131103516,13.25446891784668
2021-08-17,16614.599609375,984.7598266601562,3145.53271484375,1549.7547607421875,720.4243774414062,680.1776733398438,1572.6812744140625,169.20957946777344,392.51580810546875,600.8876953125,2300.643310546875,5.75,11.25,5.830657958984375,34.09859848022461,20.46734619140625,80.2208480834961,52.052433013916016,112.12004852294922,44.00596618652344,12.861743927001953
2021-08-18,16568.849609375,988.5818481445312,3152.172607421875,1542.458251953125,719.6395263671875,667.6643676757812,1567.0191650390625,169.00741577148438,390.839599609375,597.6259155273438,2302.72705078125,6.449999809265137,11.300000190734863,5.555193901062012,33.86663055419922,20.55500030517578,80.2208480834961,53.72995376586914,110.74010467529297,44.50433349609375,12.714471817016602
2021-08-20,16450.5,977.4796752929688,3151.242431640625,1542.01318359375,720.471923828125,660.2922973632812,1529.3515625,168.96694946289062,378.7335510253906,588.751953125,2426.243408203125,5.949999809265137,11.149999618530273,5.32564115524292,33.03156661987305,20.160554885864258,76.99275970458984,50.96697998046875,102.6329574584961,41.663631439208984,12.616291046142578
2021-08-23,16496.44921875,983.8953247070312,3220.207275390625,1547.1741943359375,725.1569213867188,662.2323608398438,1517.019775390625,166.8639678955078,381.3409729003906,597.338134765625,2439.906005859375,6.0,10.800000190734863,5.41746187210083,33.54188537597656,19.941417694091797,75.40278625488281,50.76962661743164,99.31248474121094,40.81640625,12.321747779846191
2021-08-24,16624.599609375,993.6098022460938,3198.783935546875,1531.2462158203125,741.447509765625,673.630126953125,1541.0596923828125,166.4191131591797,388.8840026855469,594.8917846679688,2438.84130859375,6.25,11.0,5.509283065795898,33.727455139160156,20.116727828979492,77.18547821044922,52.54582214355469,102.80545043945312,42.76004409790039,12.370838165283203
2021-08-25,16634.650390625,1002.20947265625,3239.330322265625,1544.3270263671875,740.7578735351562,670.33203125,1529.5435791015625,166.94483947753906,387.6268310546875,587.552734375,2449.955810546875,6.300000190734863,10.949999809265137,5.601105213165283,33.82024002075195,20.20438003540039,77.52273559570312,52.39780807495117,102.93482208251953,42.41118240356445,12.419927597045898
2021-08-26,16636.900390625,1014.8814697265625,3250.706787109375,1537.3416748046875,739.5211791992188,677.8496704101562,1531.4149169921875,165.4889678955078,382.5050048828125,563.0413818359375,2469.77783203125,5.900000095367432,10.949999809265137,5.509283065795898,33.217132568359375,20.072898864746094,75.35460662841797,51.312355041503906,99.39872741699219,42.06232833862305,12.370838165283203
2021-08-27,16705.19921875,1013.4937744140625,3293.46630859375,1520.5242919921875,736.5008544921875,678.771240234375,1572.057373046875,166.54042053222656,384.088134765625,570.9559936523438,2480.47607421875,6.0,11.050000190734863,5.509283065795898,33.54188537597656,20.02907371520996,75.11370849609375,53.48325729370117,101.98611450195312,42.36134719848633,12.469018936157227
2021-08-30,16931.05078125,1032.990966796875,3276.779052734375,1510.9586181640625,745.9185791015625,692.2545166015625,1593.1705322265625,168.23898315429688,393.6332702636719,595.2276000976562,2489.50732421875,5.949999809265137,10.899999618530273,5.692925930023193,34.09859848022461,20.160554885864258,78.3899917602539,53.38458251953125,104.78912353515625,43.308250427246094,12.714471817016602
2021-08-31,17132.19921875,1027.4854736328125,3352.162353515625,1518.43310546875,752.1732177734375,697.4924926757812,1604.78271484375,170.9081573486328,396.7529296875,637.0551147460938,2523.22314453125,6.099999904632568,10.800000190734863,5.555193901062012,34.00580978393555,20.116727828979492,78.29363250732422,51.855079650878906,104.87535858154297,42.809879302978516,12.567200660705566
2021-09-01,17076.25,1031.5577392578125,3288.86328125,1492.8951416015625,751.0791625976562,698.3170776367188,1618.41015625,169.4522705078125,400.33819580078125,639.3095703125,2531.373779296875,6.099999904632568,11.100000381469727,5.555193901062012,34.655303955078125,20.20438003540039,79.40178680419922,54.22333908081055,103.5385513305664,44.304988861083984,12.567200660705566
2021-09-02,17234.150390625,1043.9796142578125,3396.693359375,1502.99462890625,755.7880249023438,703.4096069335938,1618.2181396484375,169.65447998046875,400.1985168457031,639.4055786132812,2594.498779296875,7.150000095367432,11.149999618530273,5.738836765289307,34.74809265136719,20.160554885864258,79.7872314453125,53.97665023803711,104.22850799560547,44.75352096557617,12.567200660705566
2021-09-03,17323.599609375,1086.7962646484375,3401.3857421875,1513.272216796875,749.6284790039062,702.5851440429688,1623.3045654296875,170.3419952392578,401.73504638671875,631.6828002929688,2562.681396484375,7.25,11.100000381469727,5.64701509475708,35.30480194091797,20.20438003540039,79.83541107177734,54.716732025146484,105.60845947265625,45.50107192993164,12.616291046142578
2021-09-06,17377.80078125,1103.67724609375,3410.1943359375,1539.7442626953125,744.7056274414062,699.5296020507812,1625.895751953125,169.29046630859375,401.40911865234375,627.9892578125,2575.556884765625,7.25,11.0,5.601105213165283,35.119232177734375,20.20438003540039,79.40178680419922,54.716732025146484,104.7459945678711,45.00270462036133,12.665380477905273
2021-09-07,17362.099609375,1110.638916015625,3378.234619140625,1518.6112060546875,746.3942260742188,695.4070434570312,1613.899658203125,171.2721710205078,399.5932312011719,643.2908325195312,2572.87060546875,8.25,10.899999618530273,5.555193901062012,34.701698303222656,20.160554885864258,78.58271026611328,54.56871032714844,103.71104431152344,46.248626708984375,12.567200660705566
2021-09-08,17353.5,1106.29345703125,3341.273193359375,1506.6875,749.794921875,699.3355712890625,1599.360595703125,170.86773681640625,401.6884765625,640.7006225585938,2594.359375,8.050000190734863,10.899999618530273,5.601105213165283,34.93366622924805,20.160554885864258,80.07630920410156,54.96342468261719,103.49542999267578,45.99944305419922,12.567200660705566
2021-09-09,17369.25,1103.67724609375,3356.544921875,1505.2191162109375,746.0850219726562,698.6566162109375,1602.7193603515625,172.00010681152344,402.5731506347656,658.2567138671875,2603.390625,8.399999618530273,10.949999809265137,5.738836765289307,34.840877532958984,20.20438003540039,79.40178680419922,54.91408920288086,105.3928451538086,46.74699401855469,13.94173812866211
2021-09-13,17355.30078125,1079.0838623046875,3404.306884765625,1505.486328125,739.8779907226562,686.19189453125,1604.3028564453125,173.21337890625,403.0853271484375,665.1160888671875,2580.88232421875,7.949999809265137,11.100000381469727,5.738836765289307,34.887271881103516,20.116727828979492,79.11270141601562,54.42069625854492,103.71104431152344,46.6971549987793,13.549013137817383
2021-09-14,17380.0,1077.6732177734375,3440.206298828125,1500.36962890625,736.5484619140625,686.2402954101562,1628.054931640625,174.79058837890625,403.22503662109375,665.9794921875,2558.837646484375,8.699999809265137,12.449999809265137,5.968389987945557,35.072837829589844,20.116727828979492,79.35359954833984,57.233009338378906,104.05603790283203,47.7935676574707,13.303560256958008
2021-09-15,17519.44921875,1082.155029296875,3500.982177734375,1522.8822021484375,735.7161254882812,692.9334106445312,1647.7764892578125,174.70970153808594,413.32891845703125,696.0070190429688,2570.786376953125,8.949999809265137,12.699999809265137,6.01430082321167,35.95429992675781,20.02907371520996,80.60630798339844,57.134334564208984,104.14228057861328,48.49128723144531,13.35265064239502
2021-09-16,17629.5,1104.860107421875,3455.610595703125,1514.69580078125,741.9706420898438,705.398193359375,1651.855224609375,186.64012145996094,431.81396484375,689.3875122070312,2564.1171875,11.25,14.699999809265137,5.968389987945557,38.78425216674805,19.98524284362793,82.7744369506836,57.43036651611328,103.15043640136719,50.783782958984375,14.089010238647461
2021-09-17,17585.150390625,1087.7291259765625,3388.814208984375,1504.9522705078125,752.5298461914062,698.5595703125,1647.0087890625,186.9636688232422,422.8741149902344,698.54931640625,2521.50927734375,11.149999618530273,13.25,5.92248010635376,36.88215255737305,19.98524284362793,80.26904296875,55.80218505859375,99.31248474121094,48.989654541015625,13.64719295501709
2021-09-20,17396.900390625,1089.4580078125,3384.963134765625,1501.88232421875,741.9231567382812,688.7138671875,1635.636474609375,189.066650390625,407.3690490722656,695.4794311523438,2593.8505859375,10.75,12.800000190734863,5.968389987945557,35.351192474365234,19.853761672973633,76.80001831054688,53.335243225097656,92.69750213623047,47.69389343261719,13.401740074157715
2021-09-21,17562.0,1094.16748046875,3419.887939453125,1529.11083984375,738.1655883789062,690.5083618164062,1651.519287109375,195.33518981933594,408.62615966796875,697.1102905273438,2605.0576171875,10.800000190734863,13.0,5.876568794250488,35.351192474365234,19.634626388549805,77.13729858398438,53.68061447143555,97.42874145507812,48.341773986816406,13.205378532409668
2021-09-22,17546.650390625,1105.9068603515625,3419.18017578125,1527.731689453125,729.4852905273438,682.26318359375,1641.9224853515625,196.95285034179688,408.6727600097656,697.2062377929688,2579.16943359375,10.399999618530273,13.149999618530273,5.876568794250488,35.397586822509766,19.590801239013672,78.14907836914062,56.295570373535156,97.51636505126953,48.341773986816406,13.15628719329834
2021-09-23,17822.94921875,1132.9344482421875,3425.4658203125,1550.5555419921875,746.7508544921875,695.5039672851562,1698.3516845703125,196.14402770996094,418.8697814941406,697.2542114257812,2577.13134765625,10.550000190734863,13.0,5.830657958984375,35.72233963012695,19.634626388549805,78.87178802490234,56.39425277709961,96.77162170410156,48.341773986816406,13.205378532409668
2021-09-24,17853.19921875,1129.6583251953125,3427.28125,1569.5089111328125,761.7572631835938,701.275634765625,1697.440185546875,192.86822509765625,410.4421081542969,709.342041015625,2544.1103515625,11.5,12.850000381469727,5.784748077392578,35.165626525878906,19.54697036743164,77.9081802368164,55.50614929199219,94.7564697265625,46.94633865356445,13.107197761535645
2021-09-27,17855.099609375,1148.6551513671875,3396.87060546875,1531.5133056640625,772.95849609375,708.1143188476562,1669.46533203125,193.07041931152344,415.88983154296875,706.1913452148438,2509.69921875,11.350000381469727,12.899999618530273,5.784748077392578,35.583160400390625,19.678455352783203,78.63089752197266,56.196895599365234,95.72024536132812,46.6971549987793,12.959924697875977
2021-09-28,17748.599609375,1159.3934326171875,3345.699951171875,1501.2149658203125,768.1783447265625,695.6495361328125,1667.1142578125,192.3020477294922,414.30670166015625,680.3890380859375,2522.9912109375,10.949999809265137,12.75,5.692925930023193,36.325443267822266,19.590801239013672,77.95635986328125,59.55192947387695,96.68400573730469,46.09911346435547,12.959924697875977
2021-09-29,17711.30078125,1150.2022705078125,3356.987060546875,1505.7974853515625,758.0947875976562,688.2288818359375,1651.6153564453125,192.5851287841797,428.368408203125,678.385498046875,2487.2841796875,11.25,12.300000190734863,5.92248010635376,36.789363861083984,19.853761672973633,78.3899917602539,61.96953582763672,100.23246002197266,48.142425537109375,13.107197761535645
2021-09-30,17618.150390625,1146.2889404296875,3342.5126953125,1490.626220703125,758.6180419921875,679.8381958007812,1634.29296875,191.0078887939453,421.8497314453125,672.7168579101562,2502.5673828125,11.899999618530273,12.550000190734863,5.92248010635376,37.20690155029297,20.02907371520996,81.23265838623047,63.795066833496094,99.5753402709961,47.49454879760742,13.401740074157715
2021-10-01,17532.05078125,1148.3138427734375,3302.36376953125,1481.68359375,752.79150390625,671.593017578125,1628.4869384765625,190.36080932617188,420.5925598144531,660.5975952148438,2504.65185546875,11.399999618530273,12.850000381469727,5.968389987945557,37.67082977294922,20.949443817138672,80.12450408935547,64.73250579833984,100.58292388916016,47.19552230834961,13.401740074157715
2021-10-04,17691.25,1163.0789794921875,3340.520263671875,1493.7847900390625,754.2421875,679.2077026367188,1646.096923828125,191.37184143066406,431.3017883300781,665.9730224609375,2488.117919921875,11.399999618530273,13.100000381469727,6.24385404586792,38.1347541809082,20.90561866760254,81.95536041259766,64.68316650390625,105.40177917480469,47.49454879760742,13.499921798706055
2021-10-05,17822.30078125,1187.2174072265625,3393.639404296875,1506.287109375,758.8558959960938,676.2005615234375,1647.4886474609375,189.83506774902344,432.7452087402344,683.4188842773438,2508.912109375,11.550000190734863,13.100000381469727,6.5193190574646,38.08836364746094,20.686485290527344,82.62989044189453,65.37391662597656,104.5694351196289,47.7935676574707,13.499921798706055
2021-10-06,17646.0,1164.7625732421875,3373.808349609375,1489.1580810546875,768.1069946289062,668.8284912109375,1626.711669921875,187.0445556640625,425.76092529296875,675.7467041015625,2487.978515625,11.449999809265137,13.050000190734863,6.289764881134033,37.021331787109375,20.730308532714844,81.32901763916016,62.3642463684082,101.4152603149414,46.8466682434082,13.25446891784668
2021-10-07,17790.349609375,1170.472900390625,3446.403076171875,1504.6851806640625,766.0142211914062,681.147705078125,1643.409912109375,188.4196014404297,426.4127502441406,676.8217163085938,2472.556640625,11.350000381469727,13.149999618530273,6.5193190574646,37.021331787109375,20.642656326293945,82.34080505371094,62.41358184814453,101.19622039794922,47.64405822753906,13.303560256958008
2021-10-08,17895.19921875,1215.450927734375,3484.250732421875,1533.9158935546875,762.2803955078125,682.311767578125,1657.2774658203125,187.4085235595703,426.5058898925781,679.7537841796875,2445.370849609375,11.350000381469727,13.199999809265137,6.702960968017578,37.39247512817383,20.686485290527344,82.4853515625,64.58448028564453,102.4228515625,47.843406677246094,14.530824661254883
2021-10-11,17945.94921875,1206.9876708984375,3262.87939453125,1504.6407470703125,777.0965576171875,691.9149169921875,1647.6805419921875,192.544677734375,436.9822998046875,675.2090454101562,2450.048828125,10.850000381469727,13.050000190734863,7.024335861206055,37.53165054321289,20.642656326293945,83.11170196533203,65.86729431152344,102.16000366210938,47.64405822753906,13.990828514099121
2021-10-12,17991.94921875,1213.881103515625,3233.885498046875,1499.4798583984375,775.098876953125,687.3557739257812,1648.9281005859375,195.17340087890625,449.78680419921875,670.8109130859375,2478.808837890625,10.649999618530273,13.199999809265137,6.748871803283691,38.273929595947266,20.55500030517578,85.37619018554688,69.66638946533203,101.54668426513672,48.939815521240234,14.03991985321045
2021-10-13,18161.75,1226.2347412109375,3235.96630859375,1520.880126953125,779.7601318359375,688.6654052734375,1681.41357421875,201.56326293945312,448.5762023925781,674.2805786132812,2451.5771484375,10.699999809265137,13.25,6.5193190574646,38.45950698852539,20.730308532714844,90.19425964355469,75.24166870117188,106.67221069335938,48.74047088623047,14.089010238647461
2021-10-14,18338.55078125,1228.7144775390625,3203.369140625,1526.708251953125,802.5907592773438,705.4952392578125,1717.16162109375,207.5082550048828,456.86419677734375,670.2734375,2454.17041015625,10.75,13.199999809265137,6.473408222198486,39.480140686035156,20.686485290527344,89.71244812011719,73.36679077148438,108.81880187988281,49.23883819580078,14.03991985321045
2021-10-18,18477.05078125,1231.9906005859375,3235.034912109375,1594.6905517578125,794.4573364257812,723.10107421875,1716.3458251953125,212.36129760742188,463.7087707519531,665.1911010742188,2458.29248046875,10.600000381469727,13.949999809265137,6.794783115386963,42.68123245239258,21.343891143798828,91.83241271972656,73.61348724365234,113.02435302734375,50.783782958984375,14.383552551269531
2021-10-19,18418.75,1243.0245361328125,3223.503662109375,1621.38525390625,803.2090454101562,725.0410766601562,1771.623779296875,198.93453979492188,454.6292419433594,665.6798095703125,2358.997314453125,10.0,13.600000381469727,6.5652289390563965,40.9647102355957,20.90561866760254,89.47154998779297,68.67961120605469,107.67979431152344,48.441444396972656,14.03991985321045
2021-10-20,18266.599609375,1228.7144775390625,3201.06298828125,1603.766845703125,796.1458740234375,723.489013671875,1733.860107421875,199.4602813720703,465.524658203125,692.41064453125,2295.87255859375,10.600000381469727,13.5,6.427496910095215,39.99045944213867,20.642656326293945,90.57970428466797,71.93597412109375,104.65704345703125,48.49128723144531,13.84355640411377
2021-10-21,18178.099609375,1193.26904296875,3133.340087890625,1560.4326171875,797.3111572265625,732.8497924804688,1732.9483642578125,197.92347717285156,468.3649597167969,680.2913818359375,2265.3984375,10.300000190734863,14.300000190734863,6.5193190574646,41.42863464355469,21.212411880493164,93.03692626953125,70.60382080078125,103.7808837890625,49.53786087036133,14.383552551269531
2021-10-22,18114.900390625,1195.49853515625,3103.4921875,1530.312255859375,799.4276733398438,736.5357666015625,1719.9927978515625,191.37184143066406,468.3649597167969,678.7764282226562,2273.133056640625,10.25,13.75,6.473408222198486,40.77914047241211,22.614879608154297,100.1194839477539,68.38359069824219,102.0723876953125,49.83687973022461,14.187191009521484
2021-10-25,18125.400390625,1183.85009765625,3098.259033203125,1519.4117431640625,788.13134765625,816.4654541015625,1712.2193603515625,188.7835693359375,471.6708068847656,675.4534301757812,2274.75390625,10.399999618530273,13.350000381469727,6.335676193237305,41.66059875488281,21.86981964111328,98.77042388916016,67.79151153564453,101.15242004394531,49.18899917602539,14.285371780395508
2021-10-26,18268.400390625,1210.8096923828125,3089.0791015625,1529.4212646484375,786.1099243164062,804.5341796875,1723.8314208984375,191.45274353027344,477.3047790527344,680.43798828125,2271.026123046875,10.399999618530273,13.449999809265137,6.473408222198486,42.54205322265625,21.82599449157715,98.28861999511719,70.70250701904297,105.05132293701172,52.677581787109375,14.481734275817871
2021-10-27,18210.94921875,1195.49853515625,3095.4208984375,1552.08837890625,781.3773193359375,809.9663696289062,1712.603271484375,192.86822509765625,483.45098876953125,686.4486694335938,2233.515380859375,10.25,13.050000190734863,6.381587028503418,42.9595947265625,21.782161712646484,96.69865417480469,69.9624252319336,102.51045989990234,52.1792106628418,14.383552551269531
2021-10-28,17857.25,1182.39404296875,3035.015625,1529.6009521484375,757.9758911132812,774.7545166015625,1741.105712890625,182.07020568847656,466.875,674.1339721679688,2227.037841796875,9.699999809265137,12.75,6.197944164276123,38.36671829223633,21.168581008911133,94.24144744873047,67.05142974853516,100.7581558227539,49.38834762573242,14.138099670410156
2021-10-29,17671.650390625,1154.0242919921875,3013.81640625,1497.1488037109375,752.86279296875,778.004150390625,1695.4248046875,180.5333709716797,467.6199645996094,669.8335571289062,2230.299560546875,9.550000190734863,12.800000190734863,6.197944164276123,39.06260681152344,21.212411880493164,93.90416717529297,67.34745788574219,100.84576416015625,49.3385124206543,14.138099670410156
2021-11-01,17929.650390625,1154.7296142578125,3083.578857421875,1526.144775390625,763.5408935546875,779.7987060546875,1722.9677734375,183.48565673828125,480.23822021484375,696.368896484375,2243.30078125,10.100000381469727,13.050000190734863,6.473408222198486,39.06260681152344,21.563026428222656,94.43416595458984,70.80117797851562,109.73876953125,50.38508605957031,14.089010238647461
2021-11-02,17888.94921875,1137.89404296875,3090.498046875,1524.2147216796875,764.2305908203125,776.9371337890625,1742.449462890625,182.474609375,485.82562255859375,697.7860717773438,2254.297607421875,10.050000190734863,13.050000190734863,6.427496910095215,39.06260681152344,21.519197463989258,98.24044036865234,71.39324188232422,107.19790649414062,52.02970504760742,14.089010238647461
2021-11-03,17829.19921875,1130.0679931640625,3097.63818359375,1528.3441162109375,752.1968994140625,762.3869018554688,1813.3218994140625,179.92674255371094,491.36651611328125,683.2722778320312,2247.261474609375,9.899999618530273,13.0,6.381587028503418,38.36671829223633,21.957475662231445,96.55410766601562,70.455810546875,106.89125061035156,50.38508605957031,13.990828514099121
2021-11-04,17916.80078125,1137.0067138671875,3112.18505859375,1533.909912109375,758.142333984375,758.6522827148438,1831.9876708984375,183.2429962158203,493.9739074707031,685.2269897460938,2257.978759765625,10.0,13.149999618530273,6.5193190574646,38.877037048339844,22.17660903930664,97.4213638305664,70.70250701904297,107.9864501953125,50.38508605957031,14.138099670410156
2021-11-08,18068.55078125,1138.4173583984375,3106.951416015625,1559.7635498046875,761.138916015625,756.7608032226562,1846.958984375,185.87173461914062,487.26904296875,692.9481811523438,2266.4130859375,9.800000190734863,13.100000381469727,6.61113977432251,39.340965270996094,22.264266967773438,97.8550033569336,72.0346450805664,109.21307373046875,51.18247604370117,14.285371780395508
2021-11-09,18044.25,1147.4039306640625,3109.568115234375,1564.2523193359375,747.821044921875,762.9688110351562,1865.2408447265625,185.0224609375,492.7633361816406,697.0530395507812,2265.7138671875,10.399999618530273,13.100000381469727,6.5193190574646,39.80488967895508,22.65871238708496,98.3367919921875,71.14655303955078,111.65711212158203,52.07954025268555,14.383552551269531
2021-11-10,18017.19921875,1160.2352294921875,3090.586669921875,1562.1427001953125,739.7351684570312,757.48828125,1871.5267333984375,186.7210235595703,488.3399963378906,718.7993774414062,2236.822998046875,10.300000190734863,13.0,6.427496910095215,39.201786041259766,22.405742645263672,96.69865417480469,65.37391662597656,106.7690200805664,51.730682373046875,14.187191009521484
2021-11-11,17873.599609375,1162.35107421875,3094.0458984375,1555.9935302734375,736.4296264648438,748.3215942382812,1853.8204345703125,186.0334930419922,474.55767822265625,712.1044311523438,2214.503173828125,9.850000381469727,13.25,6.5193190574646,38.83064651489258,22.17987823486328,96.55410766601562,63.94308090209961,105.90906524658203,50.733943939208984,13.990828514099121
2021-11-12,18102.75,1179.8916015625,3127.619140625,1598.095703125,738.6650390625,753.3170776367188,1880.931640625,188.37911987304688,476.18731689453125,726.6671142578125,2241.296875,10.300000190734863,13.149999618530273,6.5193190574646,38.737857818603516,22.044361114501953,96.45774841308594,64.28845977783203,106.36167907714844,51.48149871826172,13.84355640411377
2021-11-15,18109.44921875,1172.929931640625,3151.789794921875,1604.3348388671875,740.6865844726562,750.1161499023438,1868.5517578125,192.5851287841797,471.7173767089844,720.8517456054688,2259.749267578125,10.100000381469727,13.050000190734863,6.381587028503418,38.59868240356445,21.954010009765625,95.92776489257812,63.30168151855469,104.50598907470703,51.03296661376953,13.696284294128418
2021-11-16,17999.19921875,1145.6748046875,3154.539306640625,1608.9580078125,736.2869262695312,741.1434326171875,1876.4691162109375,190.4416961669922,461.05474853515625,713.7659301757812,2242.881103515625,10.0,13.050000190734863,6.427496910095215,38.1347541809082,21.90884017944336,93.85599517822266,62.85763168334961,103.69132232666016,50.086063385009766,13.35265064239502
2021-11-17,17898.650390625,1121.149658203125,3123.937255859375,1604.604248046875,728.1058349609375,738.475830078125,1874.1658935546875,193.7174835205078,463.8949890136719,703.7479858398438,2228.435546875,9.949999809265137,13.0,6.381587028503418,37.717220306396484,21.68297576904297,93.56690979003906,63.203006744384766,102.87663269042969,49.3385124206543,13.401740074157715
2021-11-18,17764.80078125,1125.3812255859375,3082.958251953125,1597.377685546875,732.1964111328125,740.0279541015625,1820.5196533203125,192.0998077392578,469.156494140625,698.177001953125,2236.12451171875,9.949999809265137,12.850000381469727,6.335676193237305,38.64507293701172,21.276424407958984,91.25423431396484,61.47614288330078,100.02522277832031,48.441444396972656,13.35265064239502
2021-11-22,17416.55078125,1075.5347900390625,3067.61328125,1579.423583984375,720.7572631835938,729.4547119140625,1789.3299560546875,186.76145935058594,452.9529724121094,725.2987670898438,2226.0126953125,10.600000381469727,12.550000190734863,6.289764881134033,37.021331787109375,21.457111358642578,88.12248992919922,59.255897521972656,97.17384338378906,47.046016693115234,13.107197761535645
2021-11-23,17503.349609375,1085.5904541015625,3072.80224609375,1559.2252197265625,720.8524169921875,729.3091430664062,1810.2989501953125,187.32765197753906,459.1457214355469,741.7183837890625,2231.278076171875,10.600000381469727,12.550000190734863,6.335676193237305,37.717220306396484,21.547460556030273,89.37519073486328,62.85763168334961,100.5230941772461,48.59095764160156,13.107197761535645
2021-11-24,17415.05078125,1069.915283203125,3054.218994140625,1522.509033203125,722.0415649414062,737.4088745117188,1787.410400390625,184.17312622070312,459.23883056640625,741.7183837890625,2213.15185546875,11.0,12.600000381469727,6.381587028503418,37.53165054321289,21.457111358642578,89.66427612304688,61.62416458129883,100.1157455444336,48.59095764160156,13.401740074157715
2021-11-25,17536.25,1134.3221435546875,3056.52490234375,1546.2083740234375,725.7990112304688,728.5331420898438,1775.3184814453125,187.08499145507812,456.8175964355469,747.826904296875,2189.200927734375,11.649999618530273,12.75,6.473408222198486,37.067726135253906,21.411941528320312,89.51972961425781,61.920196533203125,99.5273666381836,48.39160919189453,13.15628719329834
2021-11-26,17026.44921875,1097.761962890625,3057.368408203125,1518.60400390625,708.6522827148438,700.548095703125,1706.461181640625,181.18043518066406,438.1463623046875,722.0245971679688,2176.2001953125,10.850000381469727,12.449999809265137,6.289764881134033,35.72233963012695,21.09572982788086,85.47254943847656,58.66383361816406,93.82457733154297,46.198787689208984,12.861743927001953
2021-11-29,17053.94921875,1110.911865234375,3106.286376953125,1522.8231201171875,714.05078125,696.862060546875,1696.0006103515625,179.15834045410156,433.11767578125,722.6109619140625,2170.8876953125,11.199999809265137,12.149999618530273,6.060212135314941,34.887271881103516,20.915037155151367,83.88259887695312,57.03565216064453,92.91936492919922,45.00270462036133,12.665380477905273
2021-11-30,16983.19921875,1094.4859619140625,3130.368408203125,1537.455810546875,710.388427734375,692.9334106445312,1693.6014404296875,178.87525939941406,428.8805847167969,711.7622680664062,2159.844482421875,11.050000190734863,12.399999618530273,6.289764881134033,34.608909606933594,21.005382537841797,83.64168548583984,58.12110900878906,90.56584167480469,44.45449447631836,12.714471817016602
2021-12-01,17166.900390625,1122.5147705078125,3173.521728515625,1539.4754638671875,715.66796875,705.8832397460938,1713.9947509765625,179.4818878173828,442.61627197265625,705.898193359375,2185.28662109375,12.800000190734863,12.449999809265137,6.5652289390563965,35.583160400390625,20.915037155151367,85.32801818847656,59.255897521972656,92.82884216308594,46.148948669433594,12.763562202453613
2021-12-02,17401.650390625,1129.7266845703125,3231.264892578125,1569.4140625,725.7039184570312,700.7421264648438,1717.0655517578125,182.35328674316406,444.1993713378906,715.9649658203125,2221.120361328125,12.800000190734863,12.600000381469727,6.473408222198486,35.72233963012695,21.005382537841797,85.665283203125,59.74928665161133,94.6392593383789,46.79682922363281,12.861743927001953
2021-12-03,17196.69921875,1095.7825927734375,3229.091552734375,1558.013427734375,719.9011840820312,694.824951171875,1728.6298828125,179.2796630859375,440.6141357421875,702.0864868164062,2184.16845703125,14.449999809265137,12.550000190734863,6.427496910095215,35.72233963012695,21.14090347290039,85.95436096191406,59.650611877441406,94.14138793945312,47.09585189819336,12.763562202453613
2021-12-06,16912.25,1075.0113525390625,3136.798828125,1521.8804931640625,715.2637329101562,688.27734375,1710.77978515625,176.24652099609375,433.30389404296875,681.8062133789062,2149.546630859375,15.0,12.600000381469727,6.427496910095215,35.2584114074707,21.05055809020996,84.55712127685547,60.09465789794922,93.14568328857422,46.44797134399414,12.763562202453613
2021-12-07,17176.69921875,1083.770263671875,3179.464599609375,1536.5582275390625,725.6801147460938,712.6249389648438,1725.6068115234375,178.47084045410156,443.9200134277344,683.0279541015625,2163.61865234375,14.25,13.100000381469727,6.427496910095215,35.72233963012695,20.96021270751953,86.38798522949219,61.27878952026367,97.53591918945312,47.64405822753906,12.861743927001953
2021-12-08,17469.75,1100.2646484375,3217.0732421875,1573.992431640625,739.045654296875,730.812744140625,1751.4703369140625,181.94886779785156,457.74884033203125,698.958984375,2181.325927734375,14.300000190734863,13.25,6.5652289390563965,36.51101303100586,21.14090347290039,87.06251525878906,61.77217483520508,99.75366973876953,48.441444396972656,13.058107376098633
2021-12-09,17516.849609375,1117.7142333984375,3194.764892578125,1583.0592041015625,726.2271728515625,732.36474609375,1804.012939453125,190.40126037597656,455.0482482910156,697.7860717773438,2180.53369140625,16.399999618530273,14.0,6.886603832244873,36.65019226074219,21.321596145629883,87.49613952636719,63.30168151855469,101.20198822021484,49.3385124206543,13.15628719329834
2021-12-10,17511.30078125,1118.8519287109375,3225.854736328125,1579.288818359375,724.181884765625,735.2748413085938,1797.8709716796875,190.96742248535156,460.6822509765625,694.6096801757812,2174.056396484375,16.399999618530273,14.449999809265137,7.207979202270508,37.81000518798828,21.411941528320312,89.23065185546875,63.69639205932617,101.60932922363281,51.93002700805664,13.499921798706055
2021-12-13,17368.25,1096.419677734375,3201.772216796875,1566.1824951171875,718.7596435546875,731.3946533203125,1786.4508056640625,189.75418090820312,454.2567138671875,687.1817016601562,2147.542724609375,15.5,14.0,6.886603832244873,37.3460807800293,21.321596145629883,88.60430145263672,63.10432815551758,102.28824615478516,50.93328857421875,13.450831413269043
2021-12-14,17324.900390625,1082.9969482421875,3214.323486328125,1572.9151611328125,714.6215209960938,735.9053344726562,1790.4815673828125,184.90113830566406,454.95513916015625,675.9420776367188,2160.543212890625,15.25,13.949999809265137,6.702960968017578,37.2532958984375,21.18607521057129,87.68887329101562,63.94308090209961,103.73656463623047,50.63426971435547,13.35265064239502
2021-12-15,17221.400390625,1079.834716796875,3166.913330078125,1556.80126953125,713.456298828125,729.6972045898438,1804.97265625,181.22091674804688,451.4630126953125,669.9313354492188,2163.012939453125,14.949999809265137,13.75,6.702960968017578,36.88215255737305,21.05055809020996,86.05072784423828,63.64705276489258,103.148193359375,50.03622817993164,13.15628719329834
2021-12-16,17248.400390625,1093.8033447265625,3176.892578125,1590.37548828125,713.5037841796875,718.929931640625,1798.350830078125,180.29071044921875,448.06402587890625,665.9730224609375,2152.341796875,14.699999809265137,13.399999618530273,6.473408222198486,36.55740737915039,20.824691772460938,85.37619018554688,64.2391128540039,102.74085235595703,49.53786087036133,13.058107376098633
2021-12-17,16985.19921875,1064.9329833984375,3179.3310546875,1634.5875244140625,700.6378173828125,706.4651489257812,1772.63134765625,176.28697204589844,435.63201904296875,650.9705810546875,2078.48486328125,14.050000190734863,13.149999618530273,6.24385404586792,35.2584114074707,20.598825454711914,82.09990692138672,59.35457992553711,101.69985961914062,47.89324188232422,12.812653541564941
2021-12-20,16614.19921875,1036.2215576171875,3154.983154296875,1614.8828125,678.0926513671875,688.6654052734375,1726.806396484375,171.79786682128906,418.3110656738281,643.3471069335938,2114.691650390625,13.649999618530273,12.75,6.5193190574646,34.09859848022461,20.327789306640625,78.10091400146484,56.24623107910156,96.40440368652344,45.45123291015625,12.370838165283203
2021-12-21,16770.849609375,1051.646484375,3200.574951171875,1626.2838134765625,685.7741088867188,698.7534790039062,1753.8695068359375,171.87875366210938,415.3310852050781,651.8990478515625,2118.18603515625,13.949999809265137,13.0,6.840693950653076,34.28416442871094,20.327789306640625,77.61910247802734,56.542266845703125,100.1610107421875,45.600746154785156,12.518109321594238
2021-12-22,16955.44921875,1076.60400390625,3220.48876953125,1638.0435791015625,687.3912353515625,710.830322265625,1795.56787109375,171.47434997558594,424.5037536621094,669.2471923828125,2122.659423828125,13.899999618530273,13.649999618530273,7.162067890167236,34.74809265136719,20.41813850402832,78.34181213378906,57.62771987915039,102.01667785644531,47.89324188232422,12.665380477905273
2021-12-23,17072.599609375,1076.217041015625,3248.827880859375,1667.578125,686.8681030273438,709.3753051757812,1802.7174072265625,175.76121520996094,430.0445861816406,663.3829956054688,2144.094482421875,13.800000190734863,13.550000190734863,7.1161580085754395,35.2584114074707,20.689172744750977,79.16087341308594,58.07176971435547,100.83992004394531,47.54438400268555,12.763562202453613
2021-12-24,17003.75,1079.652587890625,3256.1015625,1672.8746337890625,684.394775390625,705.3012084960938,1784.435546875,176.32742309570312,425.5281066894531,661.721435546875,2140.645751953125,13.649999618530273,13.25,7.437532901763916,34.19137954711914,20.372961044311523,78.052734375,56.39425277709961,98.48638916015625,46.74699401855469,12.714471817016602
2021-12-27,17086.25,1078.4921875,3278.45361328125,1675.2535400390625,690.0548706054688,713.9343872070312,1790.96142578125,175.96340942382812,426.5524597167969,660.450927734375,2144.793212890625,13.449999809265137,13.199999809265137,7.804818153381348,34.562522888183594,20.41813850402832,78.29363250732422,56.83829879760742,98.16956329345703,46.248626708984375,12.616291046142578
2021-12-28,17233.25,1091.30078125,3287.72314453125,1694.868408203125,694.811279296875,713.7403564453125,1822.9188232421875,177.98553466796875,429.4858703613281,664.6536254882812,2151.9697265625,13.75,13.449999809265137,8.172103881835938,34.608909606933594,20.598825454711914,78.91999053955078,57.43036651611328,98.48638916015625,47.245365142822266,12.714471817016602
2021-12-29,17213.599609375,1093.1663818359375,3277.2119140625,1692.669189453125,691.5055541992188,713.6433715820312,1818.4561767578125,175.31634521484375,423.1534729003906,661.5260009765625,2149.87255859375,14.449999809265137,13.899999618530273,8.539388656616211,34.4697380065918,20.644001007080078,78.96815490722656,57.33168411254883,96.31388854980469,47.245365142822266,12.714471817016602
2021-12-30,17203.94921875,1073.4188232421875,3311.84912109375,1699.2222900390625,695.144287109375,713.6433715820312,1809.6751708984375,174.70970153808594,420.6391296386719,663.9693603515625,2167.346435546875,14.0,13.550000190734863,8.95258617401123,34.4697380065918,20.598825454711914,79.20906066894531,56.34490966796875,95.18238067626953,47.345035552978516,12.665380477905273
2021-12-31,17354.05078125,1077.5367431640625,3315.929931640625,1694.64404296875,703.6581420898438,717.9600219726562,1819.4639892578125,176.3678436279297,428.7874755859375,668.3186645507812,2199.545654296875,15.350000381469727,13.699999809265137,9.365781784057617,34.608909606933594,20.644001007080078,79.9799575805664,58.17044448852539,97.03805541992188,48.1922607421875,12.763562202453613
2022-01-03,17625.69921875,1093.7806396484375,3386.357666015625,1704.249267578125,722.8025512695312,741.77392578125,1845.327392578125,177.21713256835938,438.42572021484375,675.6488647460938,2200.617431640625,15.550000190734863,14.050000190734863,9.824889183044434,35.2584114074707,20.824691772460938,84.0271224975586,59.89730453491211,99.66314697265625,49.48802185058594,12.959924697875977
2022-01-04,17805.25,1118.465087890625,3445.78662109375,1704.8779296875,727.0357055664062,749.6795654296875,1859.4346923828125,178.1472930908203,450.25244140625,681.6596069335938,2237.848876953125,15.25,14.5,9.365781784057617,35.583160400390625,20.824691772460938,85.27982330322266,59.255897521972656,99.43684387207031,49.139163970947266,12.959924697875977
2022-01-05,17925.25,1123.6976318359375,3424.67626953125,1655.9530029296875,744.3013916015625,764.4239501953125,1870.0391845703125,178.3899688720703,458.5403747558594,684.1519165039062,2251.40869140625,15.100000381469727,14.5,8.906675338745117,35.95429992675781,20.644001007080078,86.77342987060547,59.00920486450195,102.28824615478516,49.63753128051758,13.058107376098633
2022-01-06,17745.900390625,1099.53662109375,3377.22119140625,1631.849609375,732.3628540039062,761.5137939453125,1846.910888671875,176.89361572265625,457.8885803222656,694.31640625,2228.669189453125,15.300000190734863,14.25,9.319870948791504,36.00069046020508,20.644001007080078,86.77342987060547,59.35457992553711,101.69985961914062,49.63753128051758,12.959924697875977
2022-01-07,17812.69921875,1108.409423828125,3418.068115234375,1628.70751953125,737.499755859375,769.468017578125,1828.10107421875,176.6509552001953,457.469482421875,688.7455444335938,2251.734375,15.100000381469727,13.949999809265137,9.77897834777832,36.093475341796875,20.734346389770508,88.02613067626953,58.713172912597656,101.3830337524414,49.03948974609375,13.009016036987305
2022-01-10,18003.30078125,1109.3193359375,3441.441162109375,1661.4290771484375,741.5902099609375,786.4432983398438,1874.3577880859375,180.61424255371094,469.01678466796875,688.9898071289062,2243.25390625,14.850000381469727,14.0,10.23808479309082,37.438865661621094,20.734346389770508,92.07331085205078,61.82151794433594,99.34632110595703,49.63753128051758,13.25446891784668
2022-01-11,18055.75,1117.304931640625,3473.4169921875,1665.7828369140625,744.80078125,786.3463134765625,1882.083251953125,179.52232360839844,471.1586608886719,687.5238037109375,2240.08544921875,11.800000190734863,13.899999618530273,10.74310302734375,37.067726135253906,20.734346389770508,92.94055938720703,61.08143997192383,94.50347900390625,49.139163970947266,13.058107376098633
2022-01-12,18212.349609375,1147.1307373046875,3423.744873046875,1685.3975830078125,740.4010620117188,799.0535888671875,1894.6070556640625,180.16940307617188,475.1629333496094,713.668212890625,2248.93896484375,12.800000190734863,13.75,11.24812126159668,37.11411666870117,20.824691772460938,94.91597747802734,61.52548599243164,95.00133514404297,49.3385124206543,12.959924697875977
2022-01-13,18257.80078125,1153.592041015625,3457.450927734375,1702.768310546875,726.7741088867188,799.97509765625,1937.025146484375,181.1400146484375,476.18731689453125,715.23193359375,2249.917236328125,12.800000190734863,14.0,10.697192192077637,37.29969024658203,20.77952003479004,96.9395523071289,61.87085723876953,97.80747985839844,49.63753128051758,13.009016036987305
2022-01-14,18255.75,1155.275390625,3519.762451171875,1731.9886474609375,734.9312744140625,795.416015625,1962.312744140625,180.04808044433594,473.39361572265625,704.2855224609375,2202.853759765625,12.75,14.050000190734863,11.202210426330566,37.2532958984375,21.411941528320312,95.87958526611328,62.85763168334961,97.94325256347656,49.03948974609375,12.959924697875977
2022-01-17,18308.099609375,1161.3043212890625,3565.000244140625,1741.1004638671875,723.6824951171875,794.7369995117188,1985.9688720703125,181.665771484375,478.6551208496094,712.1044311523438,2226.944580078125,12.5,14.100000381469727,11.753137588500977,36.974937438964844,21.728147506713867,96.36138916015625,63.00564956665039,97.2190933227539,48.84014129638672,13.058107376098633
2022-01-18,18113.05078125,1147.44921875,3539.676513671875,1724.268310546875,727.36865234375,798.4230346679688,1940.6717529296875,178.55172729492188,471.9501647949219,698.177001953125,2208.259033203125,12.050000190734863,13.800000190734863,11.202210426330566,36.279048919677734,21.411941528320312,94.7232437133789,59.847965240478516,95.31816101074219,47.59421920776367,12.959924697875977
2022-01-19,17938.400390625,1147.3583984375,3478.409912109375,1676.0616455078125,722.2318115234375,784.3577880859375,1939.4244384765625,178.22817993164062,480.331298828125,687.7681274414062,2152.714599609375,11.949999809265137,13.800000190734863,10.65128231048584,37.11411666870117,21.276424407958984,94.96415710449219,61.0320930480957,94.72978210449219,48.790306091308594,12.959924697875977
2022-01-20,17757.0,1127.2696533203125,3400.1279296875,1637.1458740234375,717.737060546875,785.958251953125,1922.725830078125,176.93405151367188,476.2339172363281,699.2033081054688,2107.887939453125,12.050000190734863,13.800000190734863,11.156298637390137,37.11411666870117,21.276424407958984,94.28961944580078,60.88408279418945,95.49920654296875,47.59421920776367,12.910833358764648
2022-01-21,17617.150390625,1127.4515380859375,3406.302734375,1603.033203125,723.72998046875,780.3807373046875,1877.1888427734375,175.55899047851562,468.13214111328125,679.509521484375,2167.159912109375,11.850000381469727,13.75,10.697192192077637,36.00069046020508,21.05055809020996,90.48334503173828,58.81184768676758,92.82884216308594,46.547645568847656,12.665380477905273
2022-01-24,17149.099609375,1081.9730224609375,3351.078857421875,1559.13525390625,707.1065063476562,774.5121459960938,1823.3026123046875,171.31260681152344,460.1700744628906,674.2805786132812,2129.136962890625,10.949999809265137,13.449999809265137,10.192174911499023,35.2584114074707,20.644001007080078,88.65247344970703,56.49292755126953,88.12178039550781,44.404659271240234,12.419927597045898
2022-01-25,17277.94921875,1079.8572998046875,3349.790283203125,1545.9840087890625,707.7724609375,777.6162109375,1847.6785888671875,173.33470153808594,479.26043701171875,695.7335815429688,2168.88427734375,11.300000190734863,13.600000381469727,10.100353240966797,36.55740737915039,20.77952003479004,92.36239624023438,56.83829879760742,88.25755310058594,45.05253982543945,12.714471817016602
2022-01-27,17110.150390625,1063.863525390625,3242.58544921875,1506.8887939453125,701.54150390625,770.8260498046875,1833.81103515625,173.57736206054688,492.57708740234375,691.23779296875,2139.155029296875,10.649999618530273,13.550000190734863,10.605371475219727,38.181148529052734,20.734346389770508,96.45774841308594,58.614498138427734,87.26183319091797,45.80009460449219,13.107197761535645
2022-01-28,17101.94921875,1062.83984375,3278.8388671875,1513.7113037109375,695.9765625,757.7308349609375,1821.04736328125,176.0038604736328,487.4552917480469,699.5941772460938,2128.15771484375,10.800000190734863,13.350000381469727,10.467638969421387,37.90279006958008,20.824691772460938,96.55410766601562,56.9863166809082,88.21229553222656,46.44797134399414,13.205378532409668
2022-01-31,17339.849609375,1085.9317626953125,3319.890625,1558.5966796875,706.6547241210938,765.1514282226562,1832.2276611328125,178.10687255859375,501.28411865234375,712.7885131835938,2119.02490234375,10.649999618530273,13.300000190734863,10.97265625,38.55229187011719,21.09572982788086,96.9395523071289,57.233009338378906,89.11749267578125,46.59748458862305,13.35265064239502
2022-02-01,17576.849609375,1082.337158203125,3377.113525390625,1590.779541015625,712.0293579101562,786.0068359375,1910.25,184.21359252929688,495.69671630859375,706.6800537109375,2148.754150390625,10.699999809265137,13.350000381469727,11.294031143188477,38.3203239440918,20.915037155151367,96.602294921875,59.00920486450195,93.50775146484375,47.29520034790039,13.303560256958008
2022-02-02,17780.0,1084.5439453125,3426.473388671875,1604.2900390625,728.296142578125,789.3533935546875,1902.7645263671875,187.7725067138672,502.680908203125,708.634765625,2169.489990234375,11.399999618530273,13.649999618530273,10.926746368408203,39.712100982666016,21.005382537841797,97.71044921875,59.55192947387695,94.27717590332031,49.139163970947266,13.549013137817383
2022-02-03,17560.19921875,1070.5294189453125,3398.395263671875,1560.7064208984375,720.7572631835938,784.697265625,1855.69189453125,189.63284301757812,502.9602966308594,705.3118286132812,2141.764404296875,11.350000381469727,13.449999809265137,10.83492374420166,39.52653503417969,20.96021270751953,97.32500457763672,59.30523681640625,94.54873657226562,48.24209976196289,13.401740074157715
2022-02-04,17516.30078125,1060.76953125,3389.775390625,1562.995361328125,724.87158203125,780.9142456054688,1869.4154052734375,189.51150512695312,493.8341979980469,703.8945922851562,2149.6396484375,11.300000190734863,13.699999809265137,10.65128231048584,38.505897521972656,20.824691772460938,95.30142211914062,57.97309112548828,95.13711547851562,47.74373245239258,13.205378532409668
2022-02-07,17213.599609375,1054.3084716796875,3357.87646484375,1539.5653076171875,698.3071899414062,762.8234252929688,1808.5235595703125,186.19528198242188,496.5814208984375,690.5047607421875,2103.973876953125,10.949999809265137,13.949999809265137,10.192174911499023,38.69146728515625,20.824691772460938,95.87958526611328,56.83829879760742,92.73832702636719,46.94633865356445,13.15628719329834
2022-02-08,17266.75,1072.031005859375,3326.287841796875,1541.630126953125,695.3107299804688,768.7405395507812,1799.9822998046875,187.0445556640625,494.8119812011719,692.8504638671875,2110.264404296875,10.850000381469727,14.149999618530273,9.687156677246094,38.969818115234375,20.77952003479004,95.39777374267578,55.01276397705078,92.24046325683594,46.59748458862305,13.058107376098633
2022-02-09,17463.80078125,1084.5211181640625,3341.48291015625,1559.5843505859375,712.3147583007812,778.731689453125,1812.650146484375,186.1548309326172,498.4438171386719,703.0637817382812,2122.659423828125,10.800000190734863,14.100000381469727,9.733068466186523,38.59868240356445,20.824691772460938,98.43316650390625,54.96342468261719,93.77930450439453,46.94633865356445,13.009016036987305
2022-02-10,17605.849609375,1083.4063720703125,3350.190673828125,1588.580078125,725.3946533203125,781.3507080078125,1824.3582763671875,187.85337829589844,503.3794250488281,707.6574096679688,2127.78515625,11.149999618530273,13.850000381469727,9.687156677246094,37.85639953613281,20.915037155151367,100.64946746826172,56.295570373535156,93.5982666015625,47.09585189819336,13.009016036987305
2022-02-11,17374.75,1081.2906494140625,3283.193115234375,1545.265869140625,722.4220581054688,767.0913696289062,1795.8077392578125,188.0151824951172,493.182373046875,698.958984375,2104.346435546875,10.800000190734863,13.899999618530273,9.503514289855957,36.88215255737305,20.734346389770508,99.20404052734375,55.55549240112305,92.10467529296875,46.2984619140625,12.763562202453613
2022-02-14,16842.80078125,1064.068359375,3317.669189453125,1510.1204833984375,700.947021484375,731.103759765625,1726.4705810546875,181.76353454589844,466.9215087890625,674.0851440429688,2076.90087890625,10.149999618530273,13.25,9.04440689086914,34.423343658447266,19.966407775878906,92.69965362548828,52.447147369384766,87.03553009033203,43.6571044921875,12.321747779846191
2022-02-15,17352.44921875,1100.1961669921875,3392.352783203125,1560.43701171875,721.9226684570312,752.7836303710938,1800.414306640625,184.70388793945312,488.7124328613281,695.4404296875,2134.262451171875,10.649999618530273,13.5,8.906675338745117,35.629554748535156,20.327789306640625,96.79501342773438,54.07532501220703,88.89120483398438,45.251888275146484,12.518109321594238
2022-02-16,17322.19921875,1097.9212646484375,3388.1767578125,1555.9935302734375,720.9475708007812,741.1434326171875,1785.68310546875,184.49681091308594,481.16943359375,705.4583740234375,2130.907470703125,10.600000381469727,13.550000190734863,9.319870948791504,35.76873016357422,20.372961044311523,95.97594451904297,54.37135696411133,89.29853820800781,45.202049255371094,12.567200660705566
2022-02-17,17304.599609375,1111.8218994140625,3362.496826171875,1548.3629150390625,716.5478515625,727.8541259765625,1793.3604736328125,184.4140167236328,477.6773376464844,700.76708984375,2150.52490234375,10.550000190734863,13.800000190734863,9.77897834777832,35.30480194091797,20.282621383666992,94.91597747802734,53.53260040283203,88.12178039550781,44.55417251586914,12.469018936157227
2022-02-18,17276.30078125,1103.1312255859375,3371.115966796875,1532.3388671875,719.3303833007812,726.4476928710938,1807.1798095703125,183.79281616210938,479.8656921386719,696.417724609375,2155.1845703125,10.649999618530273,13.899999618530273,9.319870948791504,35.02644729614258,20.101926803588867,94.33779907226562,52.69384002685547,87.66918182373047,44.255149841308594,12.370838165283203
2022-02-21,17206.650390625,1091.9833984375,3304.918212890625,1553.6595458984375,723.9677734375,731.8312377929688,1788.802001953125,180.5625762939453,476.6529541015625,693.8766479492188,2138.642578125,11.25,13.649999618530273,8.860763549804688,34.79448699951172,19.921234130859375,96.12049102783203,49.83218765258789,86.53767395019531,43.75678253173828,12.272656440734863
2022-02-22,17092.19921875,1087.023681640625,3186.739501953125,1556.9359130859375,718.5455322265625,728.7756958007812,1770.088134765625,177.95350646972656,464.1278381347656,683.4188842773438,2115.4833984375,10.899999618530273,13.600000381469727,8.4475679397583,34.51612854003906,19.65019989013672,95.8313980102539,48.79607391357422,84.41043853759766,43.15873718261719,11.97811222076416
2022-02-23,17063.25,1080.2213134765625,3166.657958984375,1564.56640625,713.8843994140625,722.2765502929688,1746.911865234375,178.86459350585938,464.4072265625,688.4523315429688,2106.583251953125,10.699999809265137,13.850000381469727,8.723031997680664,34.655303955078125,19.876060485839844,96.65047454833984,48.993431091308594,85.9040298461914,43.15873718261719,12.0762939453125
2022-02-24,16247.9501953125,1026.3934326171875,3022.5771484375,1506.4849853515625,675.1199340820312,686.19189453125,1686.4998779296875,172.6940155029297,440.1485290527344,655.7107543945312,2023.6397705078125,9.649999618530273,12.600000381469727,8.309836387634277,29.691293716430664,18.97260284423828,90.43516540527344,43.763519287109375,76.94249725341797,38.773094177246094,11.094481468200684
2022-02-25,16658.400390625,1039.224853515625,3128.405517578125,1521.252197265625,692.5757446289062,708.1627197265625,1705.405517578125,177.2080841064453,449.740234375,673.0588989257812,2022.987060546875,10.25,13.149999618530273,8.263924598693848,32.4284553527832,19.424331665039062,93.22965240478516,47.51326370239258,82.9168472290039,41.91281509399414,11.536296844482422
2022-02-28,16793.900390625,1073.6236572265625,3158.12744140625,1540.1038818359375,678.3779907226562,720.4334716796875,1743.5050048828125,178.7817840576172,449.9730529785156,670.95751953125,2024.2918701171875,10.300000190734863,13.25,8.631211280822754,32.3820686340332,19.514678955078125,93.47055053710938,49.1907844543457,87.2165756225586,41.962650299072266,11.58538818359375
2022-03-02,16605.94921875,1091.369140625,3150.974609375,1528.61328125,653.6448974609375,693.41845703125,1712.55517578125,178.32623291015625,441.63848876953125,658.98486328125,2002.85693359375,10.449999809265137,12.899999618530273,8.95258617401123,32.799598693847656,19.605024337768555,92.55511474609375,49.733516693115234,89.93218231201172,41.81314468383789,11.634478569030762
2022-03-03,16498.05078125,1082.155029296875,3149.419677734375,1544.8167724609375,652.0989990234375,677.3646240234375,1681.6534423828125,181.72213745117188,435.2594909667969,656.8346557617188,1948.710693359375,11.100000381469727,12.949999809265137,9.090317726135254,32.56763458251953,19.65019989013672,92.26602172851562,49.7828483581543,91.56155395507812,41.46428298950195,11.683568000793457
2022-03-04,16245.349609375,1058.1531982421875,3131.604248046875,1547.0164794921875,649.9586791992188,667.421875,1642.73828125,186.7745819091797,430.1842956542969,638.900146484375,1882.0760498046875,10.350000381469727,12.800000190734863,9.319870948791504,32.10371017456055,19.46950340270996,89.85699462890625,48.549381256103516,88.30281829833984,40.61705780029297,11.58538818359375
2022-03-07,15863.150390625,1019.022216796875,3096.550048828125,1561.8734130859375,630.1246337890625,634.1502685546875,1568.5546875,186.3190155029297,410.0230407714844,660.10888671875,1811.667236328125,9.550000190734863,12.649999618530273,8.860763549804688,31.732566833496094,19.15329360961914,84.2198486328125,48.10533142089844,88.71015167236328,39.96917724609375,11.290843963623047
2022-03-08,16013.4501953125,1017.179443359375,3198.779296875,1596.30029296875,631.551513671875,645.0629272460938,1591.6351318359375,187.9341583251953,410.0230407714844,667.536865234375,1816.37353515625,9.899999618530273,12.75,8.906675338745117,32.3820686340332,19.46950340270996,86.38798522949219,49.437477111816406,86.99026489257812,40.46754455566406,11.438115119934082
2022-03-09,16345.349609375,1071.143798828125,3227.790771484375,1627.8548583984375,652.1702880859375,647.4395751953125,1622.776611328125,189.88055419921875,420.6391296386719,675.8444213867188,1861.946044921875,10.300000190734863,12.75,9.136228561401367,33.03156661987305,19.559852600097656,89.08610534667969,49.98020553588867,86.99026489257812,41.91281509399414,11.536296844482422
2022-03-10,16594.900390625,1088.50244140625,3217.439208984375,1639.1209716796875,662.4202880859375,656.315185546875,1658.52490234375,192.1583251953125,436.4701232910156,681.9528198242188,1958.915283203125,10.25,12.850000381469727,9.228050231933594,33.3563117980957,19.695369720458984,91.25423431396484,50.374916076660156,89.70587921142578,42.1619987487793,11.683568000793457
2022-03-11,16630.44921875,1091.64208984375,3198.068115234375,1635.619873046875,664.3704833984375,657.5762939453125,1658.956787109375,195.76129150390625,438.0066833496094,679.1184692382812,1951.8792724609375,10.399999618530273,12.75,9.136228561401367,33.63467025756836,19.559852600097656,91.83241271972656,51.21367645263672,90.20374298095703,42.26167678833008,11.683568000793457
2022-03-14,16871.30078125,1100.605712890625,3237.03271484375,1697.2923583984375,686.130859375,675.279052734375,1676.3271484375,197.95619201660156,451.7889404296875,684.5429077148438,1919.1678466796875,10.199999809265137,12.699999809265137,8.95258617401123,34.14498519897461,19.966407775878906,91.44696044921875,50.374916076660156,89.88692474365234,41.7633056640625,11.781749725341797
2022-03-15,16663.0,1075.3980712890625,3193.4033203125,1651.1502685546875,677.3078002929688,676.443115234375,1673.16015625,197.0037078857422,452.4408264160156,687.1817016601562,1899.5035400390625,10.0,12.699999809265137,8.998496055603027,33.402706146240234,20.01157569885254,90.04972076416016,49.53615188598633,85.9040298461914,40.567222595214844,11.634478569030762
2022-03-16,16975.349609375,1093.5531005859375,3248.49462890625,1696.1253662109375,688.79443359375,686.7738037109375,1685.396240234375,200.93795776367188,458.8663330078125,695.8802490234375,1931.1434326171875,10.300000190734863,12.800000190734863,9.18213939666748,33.30992126464844,20.101926803588867,94.77142333984375,50.52293395996094,87.9859848022461,41.862979888916016,11.683568000793457
2022-03-17,17287.05078125,1129.203369140625,3263.467041015625,1664.8851318359375,703.9673461914062,698.510986328125,1715.8182373046875,202.8429718017578,467.3871765136719,706.5335083007812,1959.0087890625,10.25,12.949999809265137,8.95258617401123,33.402706146240234,20.644001007080078,94.48234558105469,50.72028732299805,88.8006820678711,42.56069564819336,11.634478569030762
2022-03-21,17117.599609375,1122.6966552734375,3222.54833984375,1663.49365234375,707.0350952148438,689.4414672851562,1685.4921875,202.51165771484375,456.86419677734375,692.1663208007812,1911.6190185546875,10.050000190734863,12.949999809265137,8.81485366821289,33.12434768676758,20.463306427001953,93.80781555175781,50.029544830322266,89.97744750976562,41.71346664428711,11.683568000793457
2022-03-22,17315.5,1151.703857421875,3288.523681640625,1694.3299560546875,710.6737670898438,696.6680297851562,1702.526611328125,206.86009216308594,459.75103759765625,702.966064453125,1857.8455810546875,10.050000190734863,12.800000190734863,8.723031997680664,33.03156661987305,20.192272186279297,95.25323486328125,50.32557678222656,90.0679702758789,40.46754455566406,11.634478569030762
2022-03-23,17245.650390625,1155.366455078125,3298.697998046875,1680.8642578125,703.5868530273438,696.7650146484375,1696.0006103515625,208.7237091064453,456.9107666015625,688.9898071289062,1843.9127197265625,10.0,12.850000381469727,8.677122116088867,33.12434768676758,20.192272186279297,94.96415710449219,50.57227325439453,93.32669830322266,40.61705780029297,11.58538818359375
2022-03-24,17222.75,1173.316650390625,3331.974853515625,1693.7015380859375,686.178466796875,683.0878295898438,1700.12744140625,211.08425903320312,453.6048583984375,690.3580932617188,1832.1236572265625,10.149999618530273,12.75,8.539388656616211,32.985172271728516,20.147098541259766,94.43416595458984,50.67094802856445,94.14138793945312,39.91933822631836,11.48720645904541
2022-03-25,17153.0,1181.1429443359375,3294.2998046875,1684.5897216796875,680.5897216796875,678.2861938476562,1680.501708984375,209.84185791015625,456.95733642578125,693.2901611328125,1820.101318359375,10.100000381469727,12.699999809265137,8.58530044555664,32.84599685668945,19.966407775878906,93.95235443115234,50.96697998046875,93.32669830322266,39.6701545715332,11.48720645904541
2022-03-28,17222.0,1193.018798828125,3294.522216796875,1682.2108154296875,681.493408203125,689.0533447265625,1671.384765625,212.9064483642578,463.28973388671875,716.45361328125,1840.697509765625,9.949999809265137,12.550000190734863,8.35574722290039,33.07796096801758,19.695369720458984,95.06050872802734,49.1907844543457,92.63093566894531,38.324562072753906,11.290843963623047
2022-03-29,17325.30078125,1193.291748046875,3292.43408203125,1693.0731201171875,690.530517578125,693.85498046875,1676.231201171875,210.87718200683594,460.96160888671875,737.8578491210938,1851.8343505859375,9.850000381469727,12.550000190734863,8.493478775024414,32.4284553527832,19.46950340270996,94.00053405761719,48.45069885253906,91.65684509277344,37.7763557434082,11.045390129089355
2022-03-30,17498.25,1216.2244873046875,3315.71435546875,1709.186767578125,702.4928588867188,708.9873046875,1702.094482421875,206.40452575683594,460.30975341796875,732.53125,1878.7210693359375,9.850000381469727,12.25,8.58530044555664,32.521240234375,19.424331665039062,93.51873016357422,49.53615188598633,90.6827621459961,38.7232551574707,11.438115119934082
2022-03-31,17464.75,1198.8428955078125,3323.17822265625,1711.7900390625,699.3536376953125,708.4052734375,1696.384521484375,207.60552978515625,459.611328125,737.8578491210938,1909.242431640625,9.649999618530273,12.300000190734863,8.401657104492188,32.521240234375,19.379161834716797,93.85599517822266,48.697391510009766,91.42491912841797,39.57048416137695,11.634478569030762
2022-04-01,17670.44921875,1208.443603515625,3339.883544921875,1708.8277587890625,716.31005859375,714.1769409179688,1717.9293212890625,209.80044555664062,473.2539367675781,741.3274536132812,1936.7349853515625,10.100000381469727,12.649999618530273,8.677122116088867,33.727455139160156,19.424331665039062,97.90316772460938,53.13788604736328,94.7646484375,41.56395721435547,11.929020881652832
2022-04-04,18053.400390625,1212.015625,3350.190673828125,1690.3349609375,788.0361938476562,724.216552734375,1752.7178955078125,211.5812225341797,477.1651611328125,750.4169311523438,1983.6124267578125,10.25,13.100000381469727,9.090317726135254,34.237770080566406,19.559852600097656,98.77042388916016,53.68061447143555,98.7073745727539,43.507598876953125,12.125385284423828
2022-04-05,17957.400390625,1194.88427734375,3389.686767578125,1670.72021484375,764.9440307617188,719.5604248046875,1762.0269775390625,214.89427185058594,474.37139892578125,749.2440795898438,1994.1900634765625,10.350000381469727,13.0,9.503514289855957,34.28416442871094,20.01157569885254,94.6750717163086,55.30879592895508,98.10436248779297,43.25841522216797,12.223566055297852
2022-04-06,17807.650390625,1191.6993408203125,3336.8623046875,1641.76904296875,737.6424560546875,719.366455078125,1778.1016845703125,215.01853942871094,478.6085510253906,758.0892333984375,1996.2869873046875,10.800000190734863,14.699999809265137,9.962620735168457,34.887271881103516,19.966407775878906,95.68685913085938,55.99953842163086,102.51094055175781,43.308250427246094,12.469018936157227
2022-04-07,17639.55078125,1170.6778564453125,3273.595458984375,1625.7449951171875,721.4231567382812,726.1080932617188,1752.670166015625,212.57516479492188,479.539794921875,745.13916015625,2017.4886474609375,10.899999618530273,15.550000190734863,10.789013862609863,34.74809265136719,20.147098541259766,94.86778259277344,55.80218505859375,101.21216583251953,42.3115119934082,12.469018936157227
2022-04-08,17784.349609375,1190.152099609375,3274.9287109375,1628.976806640625,720.4243774414062,731.6856689453125,1756.940673828125,221.8103485107422,480.6106872558594,744.8460083007812,2034.496826171875,11.199999809265137,15.649999618530273,10.97265625,35.02644729614258,20.327789306640625,96.55410766601562,55.80218505859375,102.88202667236328,41.7633056640625,12.469018936157227
2022-04-11,17674.94921875,1187.6724853515625,3284.481201171875,1585.8421630859375,711.6250610351562,736.8268432617188,1709.6761474609375,221.56185913085938,479.49322509765625,740.8876342773438,2015.857666015625,10.850000381469727,15.100000381469727,10.192174911499023,34.74809265136719,20.327789306640625,96.4095687866211,55.85152053833008,102.0007095336914,42.26167678833008,12.370838165283203
2022-04-12,17530.30078125,1165.30859375,3279.77197265625,1564.207275390625,710.3646240234375,740.949462890625,1677.23876953125,219.32553100585938,477.5841369628906,724.8590087890625,1987.15380859375,10.600000381469727,14.649999618530273,10.421728134155273,34.09859848022461,20.101926803588867,94.86778259277344,54.51937484741211,100.23808288574219,41.46428298950195,12.027202606201172
2022-04-13,17475.650390625,1161.0313720703125,3253.8701171875,1569.68359375,696.78515625,739.3973999023438,1689.8106689453125,223.2598114013672,482.1007080078125,723.881591796875,2005.699462890625,10.399999618530273,14.550000190734863,10.283995628356934,34.00580978393555,20.101926803588867,95.3495864868164,53.97665023803711,98.80014038085938,41.2150993347168,12.0762939453125
2022-04-18,17173.650390625,1157.4822998046875,3134.89208984375,1455.5401611328125,663.7283325195312,735.080810546875,1668.265869140625,223.7153778076172,474.4645690917969,712.9840087890625,2029.4642333984375,10.100000381469727,14.100000381469727,10.100353240966797,33.58827590942383,19.876060485839844,93.42236328125,53.68061447143555,97.64051818847656,40.666893005371094,11.879931449890137
2022-04-19,16958.650390625,1201.5958251953125,3084.9990234375,1402.21630859375,638.400634765625,743.325927734375,1636.9801025390625,216.63365173339844,476.60638427734375,707.1199340820312,1969.2603759765625,9.899999618530273,13.75,9.77897834777832,33.12434768676758,19.876060485839844,92.7960205078125,52.84185028076172,96.57365417480469,39.91933822631836,11.879931449890137
2022-04-20,17136.55078125,1236.927490234375,3160.4375,1425.2872314453125,644.1558837890625,732.898193359375,1623.400634765625,214.9770965576172,474.2782897949219,722.6109619140625,2017.62841796875,10.0,13.899999618530273,9.870800018310547,33.12434768676758,19.876060485839844,92.60330200195312,53.13788604736328,94.53272247314453,39.96917724609375,11.830841064453125
2022-04-21,17392.599609375,1265.8890380859375,3224.281005859375,1453.2060546875,653.6924438476562,739.494384765625,1645.3773193359375,215.68115234375,480.7969055175781,719.092529296875,2048.3828125,10.0,14.149999618530273,10.192174911499023,33.3563117980957,19.921234130859375,93.08509826660156,53.97665023803711,95.64595031738281,40.71672821044922,11.97811222076416
2022-04-22,17171.94921875,1255.2872314453125,3209.975341796875,1423.2674560546875,644.774169921875,725.235107421875,1626.0396728515625,216.2609405517578,466.1765441894531,722.0245971679688,1982.2142333984375,9.949999809265137,13.949999809265137,10.100353240966797,32.84599685668945,20.237443923950195,92.26602172851562,53.236568450927734,94.06887817382812,39.91933822631836,11.830841064453125
2022-04-25,16953.94921875,1226.2574462890625,3152.796142578125,1401.408447265625,649.6019897460938,729.648681640625,1590.531494140625,211.4155731201172,460.7288513183594,722.6109619140625,1957.7969970703125,9.800000190734863,13.75,9.77897834777832,32.3820686340332,20.147098541259766,91.92876434326172,51.016319274902344,89.75505828857422,39.17178726196289,11.683568000793457
2022-04-26,17200.80078125,1262.9541015625,3151.108154296875,1419.2725830078125,652.5985107421875,731.1521606445312,1631.4139404296875,214.4801788330078,470.7396240234375,739.1773071289062,2002.1583251953125,10.0,13.75,9.824889183044434,33.03156661987305,20.147098541259766,93.95235443115234,52.249794006347656,91.05384063720703,40.01901626586914,11.732659339904785
2022-04-27,17038.400390625,1264.1826171875,3164.347900390625,1393.9573974609375,652.8363037109375,714.6133422851562,1609.4371337890625,213.27915954589844,463.056884765625,735.4633178710938,1999.129150390625,9.600000381469727,13.550000190734863,9.457603454589844,32.84599685668945,20.192272186279297,93.51873016357422,51.904415130615234,90.17251586914062,39.57048416137695,11.634478569030762
2022-04-28,17245.05078125,1283.0657958984375,3184.87353515625,1420.709228515625,652.2655029296875,724.7501220703125,1649.935791015625,216.2609405517578,472.60205078125,730.4298095703125,2089.295654296875,9.550000190734863,13.649999618530273,9.228050231933594,32.799598693847656,20.237443923950195,94.0969009399414,53.08855056762695,90.72914123535156,39.57048416137695,11.634478569030762
2022-04-29,17102.55078125,1269.5975341796875,3151.463623046875,1407.19873046875,658.5676879882812,721.0155639648438,1626.0396728515625,214.9770965576172,462.1722412109375,722.2689819335938,2082.772216796875,9.5,13.649999618530273,9.18213939666748,32.56763458251953,20.147098541259766,92.5069351196289,51.95376205444336,89.75505828857422,39.37113571166992,11.634478569030762
2022-05-02,17069.099609375,1265.1383056640625,3147.642333984375,1383.3646240234375,667.65234375,718.7844848632812,1611.7403564453125,217.95887756347656,457.2366943359375,724.5657348632812,2078.7177734375,9.300000190734863,13.800000190734863,9.18213939666748,32.521240234375,20.101926803588867,91.10969543457031,51.70706558227539,89.84783935546875,38.7232551574707,11.634478569030762
2022-05-04,16677.599609375,1225.6431884765625,3091.97412109375,1378.4720458984375,644.9644775390625,702.5366821289062,1568.07470703125,215.1427764892578,446.66717529296875,706.0447998046875,2023.7794189453125,9.100000381469727,13.550000190734863,8.998496055603027,31.871746063232422,19.876060485839844,91.0133285522461,51.65772247314453,87.992431640625,38.27472686767578,11.438115119934082
2022-05-05,16682.650390625,1201.64111328125,3121.87451171875,1422.998291015625,643.5137329101562,706.9501953125,1571.6256103515625,217.04779052734375,446.9930725097656,702.6728515625,2019.166259765625,9.050000190734863,13.5,8.95258617401123,31.778961181640625,19.921234130859375,90.7242431640625,53.13788604736328,87.29664611816406,39.072113037109375,11.438115119934082
2022-05-06,16411.25,1192.42724609375,3050.07861328125,1385.0252685546875,626.699951171875,697.6865844726562,1557.0384521484375,220.85781860351562,450.6714782714844,694.1698608398438,2002.9500732421875,9.050000190734863,13.199999809265137,8.95258617401123,31.407821655273438,19.605024337768555,87.78521728515625,50.374916076660156,83.40029907226562,38.52391052246094,11.290843963623047
2022-05-09,16301.849609375,1145.856689453125,3061.185546875,1409.7122802734375,627.7701416015625,689.0533447265625,1550.9925537109375,217.79322814941406,443.1750183105469,695.3915405273438,1972.615234375,8.949999809265137,12.949999809265137,8.906675338745117,31.083072662353516,19.605024337768555,90.3869857788086,48.746734619140625,81.54490661621094,37.82619094848633,11.241753578186035
2022-05-10,16240.0498046875,1125.995361328125,3055.543701171875,1394.1370849609375,637.8536376953125,689.974853515625,1543.123046875,215.1427764892578,442.5231628417969,703.3570556640625,2032.0272216796875,8.699999809265137,13.0,8.723031997680664,30.897499084472656,19.379161834716797,89.03792572021484,47.71062088012695,78.01963806152344,37.37765884399414,11.19266128540039
2022-05-11,16167.099609375,1114.4610595703125,3031.7744140625,1370.572265625,641.4447021484375,692.7880249023438,1507.470703125,211.74685668945312,443.7803039550781,706.484619140625,2016.2772216796875,8.649999618530273,12.850000381469727,8.4475679397583,30.711929321289062,19.3339900970459,87.3997802734375,46.23045349121094,77.78771209716797,36.63010787963867,11.045390129089355
2022-05-12,15808.0,1091.755859375,3028.797607421875,1354.4583740234375,626.9856567382812,674.9395751953125,1464.6209716796875,209.4691619873047,430.83612060546875,689.4296875,1993.2584228515625,8.149999618530273,12.550000190734863,7.896639823913574,26.53659439086914,19.108123779296875,82.34080505371094,44.79963302612305,74.8654556274414,34.686466217041016,10.849028587341309
2022-05-13,15782.150390625,1104.1322021484375,3034.3505859375,1350.508544921875,621.3560180664062,657.0426635742188,1472.63427734375,214.19027709960938,414.07391357421875,674.2805786132812,2044.7947998046875,8.350000381469727,12.449999809265137,8.080282211303711,27.18609046936035,19.243640899658203,80.46176147460938,45.6877326965332,73.8913803100586,34.43728256225586,11.339935302734375
2022-05-16,15842.2998046875,1104.4052734375,3000.496826171875,1336.7735595703125,627.9719848632812,662.5233154296875,1480.6956787109375,210.46302795410156,423.71221923828125,677.5057983398438,2066.36962890625,9.399999618530273,12.699999809265137,8.21801471710205,27.41805076599121,19.288814544677734,82.19627380371094,48.006656646728516,75.65401458740234,35.683204650878906,11.536296844482422
2022-05-17,16259.2998046875,1150.79345703125,3066.96142578125,1363.121337890625,632.25439453125,688.7138671875,1539.42822265625,219.24270629882812,435.1664123535156,691.0422973632812,2092.2314453125,9.350000381469727,13.300000190734863,8.723031997680664,27.789194107055664,19.424331665039062,83.54533386230469,49.28946304321289,79.50395965576172,36.63010787963867,11.438115119934082
2022-05-18,16240.2998046875,1154.979736328125,3064.4736328125,1354.8177490234375,632.2063598632812,686.143310546875,1509.1021728515625,220.98208618164062,426.5058898925781,680.3890380859375,2135.4736328125,9.199999809265137,13.899999618530273,8.58530044555664,27.557231903076172,19.46950340270996,82.96715545654297,49.14144515991211,78.48348999023438,36.331085205078125,11.48720645904541
2022-05-19,15809.400390625,1128.361572265625,2898.4453125,1281.1607666015625,619.2869262695312,669.6044921875,1485.5419921875,228.31222534179688,416.7279357910156,658.98486328125,2110.45068359375,8.899999618530273,13.449999809265137,8.172103881835938,27.093305587768555,19.3339900970459,80.41358184814453,48.697391510009766,74.40160369873047,34.88581466674805,11.339935302734375
2022-05-20,16266.150390625,1194.1563720703125,2926.035400390625,1306.2965087890625,635.5985717773438,688.27734375,1545.1864013671875,231.9152069091797,430.6033630371094,672.3258666992188,2167.67236328125,9.100000381469727,13.949999809265137,8.401657104492188,27.789194107055664,19.424331665039062,82.19627380371094,52.39780807495117,76.9991683959961,35.88255310058594,11.290843963623047
2022-05-23,16214.7001953125,1186.1707763671875,2951.58154296875,1318.1912841796875,627.4428100585938,689.732421875,1577.863525390625,227.35972595214844,429.20648193359375,670.3222045898438,2217.8583984375,9.050000190734863,13.75,8.309836387634277,28.392301559448242,19.3339900970459,82.0035400390625,50.424251556396484,68.60347747802734,35.533695220947266,11.290843963623047
2022-05-24,16125.150390625,1190.243408203125,2921.59228515625,1293.593994140625,634.6361694335938,686.9193115234375,1560.7333984375,224.3365936279297,430.27740478515625,662.8455200195312,2152.48193359375,9.0,13.449999809265137,8.309836387634277,28.113943099975586,19.46950340270996,81.47355651855469,49.733516693115234,68.88179016113281,34.88581466674805,11.241753578186035
2022-05-25,16025.7998046875,1188.491455078125,2833.613525390625,1266.1690673828125,639.375732421875,691.9634399414062,1511.261474609375,225.8688507080078,429.4735107421875,672.6190795898438,2142.277099609375,8.75,13.050000190734863,7.988461017608643,27.65001678466797,19.243640899658203,80.46176147460938,48.6480598449707,66.00591278076172,33.789405822753906,11.045390129089355
2022-05-26,16170.150390625,1177.16162109375,2886.660400390625,1278.2879638671875,657.6119995117188,706.6591796875,1501.472900390625,226.28521728515625,443.47088623046875,677.9456787109375,2125.035888671875,8.600000381469727,13.25,7.207979202270508,28.06755256652832,19.198469161987305,81.95536041259766,49.53615188598633,68.32516479492188,34.1880989074707,11.045390129089355
2022-05-27,16352.4501953125,1171.701416015625,2917.388427734375,1311.8623046875,669.8095703125,717.6204223632812,1535.781494140625,228.40635681152344,443.5181884765625,668.9050903320312,2172.006103515625,8.899999618530273,13.399999618530273,7.070247173309326,28.253122329711914,19.15329360961914,83.73805236816406,50.473594665527344,68.83540344238281,35.483856201171875,11.19266128540039
2022-05-30,16661.400390625,1212.5159912109375,3019.32177734375,1370.6170654296875,674.3806762695312,726.0596313476562,1593.8902587890625,228.2790985107422,448.8617858886719,683.223388671875,2189.107666015625,9.300000190734863,13.449999809265137,7.299800872802734,29.366544723510742,19.198469161987305,86.86979675292969,50.91763687133789,69.34563446044922,36.331085205078125,11.536296844482422
2022-05-31,16584.55078125,1197.887451171875,3009.571044921875,1364.0850830078125,668.3179321289062,730.2791748046875,1587.79638671875,229.6366424560547,442.7142639160156,684.3474731445312,2193.115234375,9.600000381469727,13.149999618530273,7.850728988647461,29.08818817138672,19.15329360961914,85.61710357666016,50.52293395996094,70.4588851928711,36.181575775146484,11.389025688171387
2022-06-01,16522.75,1198.2742919921875,3001.385498046875,1341.359619140625,671.1568603515625,730.085205078125,1581.5582275390625,230.65478515625,442.9034118652344,678.9230346679688,2151.36328125,9.350000381469727,13.25,8.631211280822754,29.13458251953125,19.198469161987305,86.05072784423828,51.016319274902344,70.92272186279297,36.032066345214844,11.339935302734375
2022-06-02,16628.0,1239.58935546875,3062.036376953125,1368.0770263671875,666.4653930664062,727.2721557617188,1571.145751953125,232.05474853515625,444.369384765625,680.193603515625,2129.322998046875,9.550000190734863,13.350000381469727,8.998496055603027,29.691293716430664,19.379161834716797,88.65247344970703,51.509708404541016,70.87635040283203,36.181575775146484,11.389025688171387
2022-06-03,16584.30078125,1264.705810546875,3077.377685546875,1380.5057373046875,664.1558837890625,721.9854736328125,1585.4451904296875,231.3759765625,439.30950927734375,670.95751953125,2135.986328125,9.199999809265137,13.25,8.35574722290039,29.273757934570312,19.3339900970459,86.86979675292969,49.93086624145508,70.18057250976562,35.23467254638672,11.339935302734375
2022-06-06,16569.55078125,1259.2686767578125,3069.14794921875,1388.0810546875,663.2656860351562,724.362060546875,1574.0728759765625,233.15774536132812,438.55291748046875,667.4878540039062,2125.31591796875,9.25,13.149999618530273,7.575264930725098,29.18097496032715,19.198469161987305,87.49613952636719,50.32557678222656,70.22694396972656,34.98548889160156,11.339935302734375
2022-06-07,16416.349609375,1261.634521484375,3008.094970703125,1366.8975830078125,655.63916015625,713.2068481445312,1525.368896484375,232.39413452148438,438.2691650390625,669.7847900390625,2061.10400390625,9.199999809265137,13.050000190734863,7.437532901763916,28.995403289794922,19.198469161987305,87.83340454101562,49.83218765258789,69.57757568359375,34.586795806884766,11.290843963623047
2022-06-08,16356.25,1239.4755859375,3045.174072265625,1360.8193359375,657.9487915039062,707.6292724609375,1520.6666259765625,227.30335998535156,445.7406921386719,648.2828369140625,2047.544189453125,9.149999618530273,13.199999809265137,7.483442783355713,28.902618408203125,19.198469161987305,87.78521728515625,49.93086624145508,70.3197250366211,34.487117767333984,11.143571853637695
2022-06-09,16478.099609375,1273.4649658203125,3065.7041015625,1374.4273681640625,662.90478515625,710.7817993164062,1530.791015625,229.8063507080078,441.62664794921875,661.037353515625,2048.14990234375,9.199999809265137,13.199999809265137,8.172103881835938,28.856225967407227,19.15329360961914,88.02613067626953,50.029544830322266,69.62395477294922,34.23793411254883,11.143571853637695
2022-06-10,16201.7998046875,1235.0164794921875,3005.59033203125,1339.7720947265625,650.1057739257812,698.4140625,1521.1942138671875,229.21240234375,436.80322265625,658.1052856445312,2050.2001953125,9.100000381469727,12.949999809265137,7.896639823913574,28.670654296875,19.108123779296875,88.36339569091797,49.14144515991211,68.00048065185547,33.93891525268555,11.045390129089355
2022-06-13,15774.400390625,1211.6514892578125,2880.085693359375,1292.3245849609375,638.317138671875,667.3734741210938,1470.2830810546875,224.5458526611328,421.6709289550781,656.1016845703125,2047.4044189453125,8.699999809265137,12.800000190734863,7.483442783355713,27.928373336791992,18.791913986206055,85.47254943847656,46.82252502441406,66.33061218261719,32.792667388916016,10.89811897277832
2022-06-14,15732.099609375,1195.817138671875,2871.98974609375,1306.885498046875,631.2921142578125,664.9484252929688,1482.375244140625,225.224609375,423.7989196777344,666.6083374023438,2023.266845703125,8.800000190734863,12.699999809265137,7.6211748123168945,27.742801666259766,18.746740341186523,86.6288833618164,46.92120361328125,66.09868621826172,32.842506408691406,10.849028587341309
2022-06-15,15692.150390625,1181.3477783203125,2868.18798828125,1290.238037109375,629.1027221679688,666.6459350585938,1497.4420166015625,223.48529052734375,426.8726806640625,666.6571044921875,2018.142822265625,8.800000190734863,12.75,7.437532901763916,27.789194107055664,18.746740341186523,85.90618133544922,46.87186050415039,65.63483428955078,32.593318939208984,10.750846862792969
2022-06-16,15360.599609375,1164.830810546875,2810.66845703125,1267.5577392578125,616.5202026367188,658.1582641601562,1465.8206787109375,221.1943817138672,417.65142822265625,639.3888549804688,2018.28369140625,8.5,12.5,7.1161580085754395,26.95412826538086,18.24983787536621,83.73805236816406,44.996986389160156,62.38788604736328,31.54674530029297,10.652666091918945
2022-06-17,15293.5,1178.4810791015625,2763.167724609375,1258.576416015625,620.5861206054688,666.2579345703125,1429.88037109375,223.40040588378906,417.0839538574219,629.0776977539062,1984.202392578125,8.199999809265137,12.449999809265137,7.070247173309326,26.95412826538086,17.888456344604492,84.12349700927734,44.25690460205078,63.50111389160156,31.54674530029297,10.456303596496582
2022-06-20,15350.150390625,1157.118408203125,2784.18994140625,1282.9351806640625,636.1759643554688,665.3849487304688,1412.4622802734375,224.07919311523438,411.1256408691406,626.3899536132812,2064.540771484375,7.949999809265137,12.350000381469727,6.5193190574646,26.397415161132812,17.61741828918457,81.7144546508789,41.543270111083984,60.207786560058594,29.75261688232422,10.40721321105957
2022-06-21,15638.7998046875,1175.7967529296875,2873.241943359375,1315.367919921875,643.1047973632812,675.2305908203125,1439.8131103515625,229.0002899169922,426.30517578125,639.4866333007812,2073.0966796875,8.449999809265137,12.600000381469727,6.840693950653076,27.60362434387207,18.023975372314453,84.60530853271484,44.15822982788086,63.82582092285156,30.300823211669922,10.554484367370605
2022-06-22,15413.2998046875,1140.078125,2883.08203125,1303.8914794921875,640.0734252929688,666.0154418945312,1419.1319580078125,225.0973358154297,423.373291015625,628.2957763671875,2071.0751953125,8.550000190734863,12.449999809265137,6.5652289390563965,27.78379249572754,17.978801727294922,83.64168548583984,43.072776794433594,61.692108154296875,29.054901123046875,10.947209358215332
2022-06-23,15556.650390625,1121.581787109375,2959.87890625,1317.6812744140625,642.4310913085938,678.1891479492188,1434.0550537109375,225.2670135498047,426.919921875,645.2530517578125,2117.84912109375,8.550000190734863,12.449999809265137,6.61113977432251,27.736379623413086,17.93362808227539,83.78621673583984,43.714176177978516,62.38788604736328,29.652942657470703,10.750846862792969
2022-06-24,15699.25,1137.5528564453125,2945.83447265625,1307.384521484375,651.4049682617188,692.0604248046875,1434.582763671875,225.56399536132812,429.6153564453125,656.0039672851562,2166.079833984375,8.75,12.75,6.61113977432251,28.020854949951172,17.84328269958496,86.09889221191406,44.94765090942383,63.08366012573242,30.89886474609375,10.79993724822998
2022-06-27,15832.0498046875,1134.185791015625,2965.156982421875,1337.776123046875,652.5838012695312,695.8435668945312,1473.8819580078125,229.04270935058594,436.1884765625,668.46533203125,2181.827880859375,8.850000381469727,12.850000381469727,6.5652289390563965,28.020854949951172,17.84328269958496,87.73705291748047,45.34236145019531,64.8926773071289,31.995275497436523,10.89811897277832
2022-06-28,15850.2001953125,1150.1339111328125,2968.2431640625,1342.81103515625,647.6036987304688,689.0048828125,1488.948974609375,230.65478515625,439.07305908203125,665.728759765625,2179.0078125,8.850000381469727,12.850000381469727,6.473408222198486,28.210506439208984,17.752939224243164,88.45975494384766,45.6877326965332,65.95953369140625,31.89560317993164,10.79993724822998
2022-06-29,15799.099609375,1173.999267578125,2943.509033203125,1327.4793701171875,646.6654052734375,681.6812133789062,1485.494140625,232.52142333984375,434.2023620605469,672.2280883789062,2099.84423828125,8.649999618530273,12.699999809265137,6.381587028503418,28.210506439208984,17.752939224243164,88.26703643798828,45.53971862792969,64.98546600341797,31.54674530029297,10.79993724822998
2022-06-30,15780.25,1181.0518798828125,2922.576904296875,1326.254638671875,648.6141357421875,685.997802734375,1495.4267578125,232.05474853515625,440.6335754394531,669.442626953125,2097.1650390625,8.399999618530273,12.649999618530273,6.289764881134033,27.499317169189453,17.752939224243164,86.91796875,44.35558319091797,63.593902587890625,31.34739875793457,10.750846862792969
2022-07-01,15752.0498046875,1095.9874267578125,2965.5146484375,1342.1307373046875,651.380859375,682.7968139648438,1508.7664794921875,241.26055908203125,441.5320739746094,658.2030029296875,2145.81982421875,8.5,12.649999618530273,6.197944164276123,27.9260311126709,18.023975372314453,90.24243927001953,45.04633331298828,64.8462905883789,32.1447868347168,10.849028587341309
2022-07-04,15835.349609375,1098.2625732421875,2893.906005859375,1349.9327392578125,652.2951049804688,698.510986328125,1517.931396484375,247.66647338867188,447.7741394042969,666.4617309570312,2233.115234375,8.350000381469727,12.649999618530273,6.106122016906738,28.447568893432617,17.84328269958496,91.73604583740234,45.095664978027344,64.01136779785156,33.93891525268555,10.947209358215332
2022-07-05,15810.849609375,1107.157958984375,2877.13330078125,1339.0008544921875,650.8274536132812,697.8805541992188,1501.8087158203125,243.4241485595703,446.54461669921875,668.9540405273438,2257.842041015625,8.25,12.649999618530273,6.106122016906738,28.163095474243164,17.978801727294922,91.10969543457031,44.60227966308594,64.56797790527344,33.34087371826172,10.996299743652344
2022-07-06,15989.7998046875,1097.420654296875,2916.89599609375,1353.244140625,659.80126953125,704.1857299804688,1493.4114990234375,245.46047973632812,453.921630859375,678.2388916015625,2348.94482421875,8.5,12.649999618530273,6.060212135314941,28.400156021118164,18.023975372314453,92.07331085205078,45.34236145019531,64.56797790527344,33.93891525268555,10.947209358215332
2022-07-07,16132.900390625,1086.6141357421875,2941.138427734375,1359.6397705078125,671.6139526367188,719.7545166015625,1546.14599609375,247.7088623046875,460.3528747558594,671.250732421875,2325.017822265625,8.449999809265137,12.850000381469727,6.060212135314941,29.395822525024414,18.023975372314453,93.47055053710938,46.378475189208984,67.58301544189453,34.1880989074707,10.996299743652344
2022-07-08,16220.599609375,1088.11572265625,2921.100830078125,1373.928466796875,672.2393798828125,733.0438232421875,1619.4178466796875,248.64219665527344,462.05523681640625,679.4117431640625,2347.488037109375,8.399999618530273,12.800000190734863,6.106122016906738,29.063934326171875,18.023975372314453,93.95235443115234,46.427818298339844,66.42337799072266,33.639892578125,10.996299743652344
2022-07-11,16216.0,1102.903564453125,2785.44189453125,1336.4605712890625,676.5940551757812,746.4300537109375,1595.9534912109375,250.29669189453125,461.7242431640625,645.5950317382812,2341.612060546875,8.699999809265137,13.149999618530273,6.152032852172852,29.443235397338867,18.204668045043945,96.07229614257812,47.41458511352539,67.25830841064453,34.23793411254883,11.143571853637695
2022-07-12,16058.2998046875,1101.333740234375,2759.410888671875,1305.1163330078125,669.6893310546875,737.1178588867188,1587.0765380859375,248.34523010253906,458.6504821777344,647.9896240234375,2303.017578125,8.699999809265137,13.350000381469727,6.197944164276123,29.2061710357666,18.24983787536621,94.86778259277344,47.85863494873047,65.95953369140625,33.88908004760742,11.094481468200684
2022-07-13,15966.650390625,1081.8138427734375,2718.306640625,1310.423583984375,653.3536987304688,730.6187133789062,1580.838623046875,249.49069213867188,460.11639404296875,628.9310913085938,2348.333984375,8.75,13.25,5.92248010635376,29.2061710357666,18.159494400024414,94.43416595458984,47.71062088012695,65.91315460205078,33.789405822753906,11.094481468200684
2022-07-14,15938.650390625,1090.73193359375,2689.605712890625,1296.2711181640625,650.0817260742188,729.8426513671875,1579.7830810546875,246.77561950683594,453.35418701171875,627.1229858398438,2348.381103515625,8.649999618530273,13.300000190734863,5.830657958984375,28.826868057250977,18.069150924682617,93.66326904296875,48.598716735839844,65.03182220458984,33.68973159790039,10.947209358215332
2022-07-15,16049.2001953125,1092.8477783203125,2685.883544921875,1297.6318359375,655.3745727539062,728.6787109375,1616.922607421875,249.0664520263672,453.1177062988281,637.043212890625,2414.8515625,8.699999809265137,13.300000190734863,5.830657958984375,28.732046127319336,18.159494400024414,95.15686798095703,48.89474868774414,64.33605194091797,33.24119567871094,10.996299743652344
2022-07-18,16278.5,1102.15283203125,2747.679931640625,1351.656494140625,648.3975830078125,748.8551025390625,1657.9971923828125,250.55125427246094,463.7103271484375,648.0383911132812,2400.7490234375,8.850000381469727,13.350000381469727,5.830657958984375,29.727710723876953,18.295011520385742,99.25223541259766,49.7828483581543,66.60893249511719,34.686466217041016,11.045390129089355
2022-07-19,16340.5498046875,1108.9097900390625,2757.321533203125,1346.43994140625,648.6382446289062,757.2457885742188,1660.060546875,249.9573211669922,470.9454650878906,657.6654663085938,2414.334716796875,8.949999809265137,13.5,6.01430082321167,29.964773178100586,18.475704193115234,104.9896469116211,50.52293395996094,67.9076919555664,35.13500213623047,11.094481468200684
2022-07-20,16520.849609375,1138.89501953125,2838.537109375,1374.69970703125,656.8180541992188,759.6222534179688,1669.80126953125,253.01177978515625,481.0179138183594,655.4664306640625,2448.6982421875,8.800000190734863,13.600000381469727,6.060212135314941,29.775121688842773,18.65639305114746,103.12620544433594,50.078880310058594,69.53117370605469,34.7861442565918,11.094481468200684
2022-07-21,16605.25,1131.2962646484375,2849.74853515625,1390.666748046875,654.7490234375,762.4353637695312,1715.678466796875,254.1572265625,484.2807922363281,662.9920654296875,2451.471435546875,9.0,14.300000190734863,6.106122016906738,30.20183753967285,18.56604766845703,105.13674926757812,52.74317932128906,70.1341781616211,35.63336944580078,11.339935302734375
2022-07-22,16719.44921875,1138.9407958984375,2844.09814453125,1366.5347900390625,670.026123046875,776.0641479492188,1718.20556640625,255.0056915283203,485.84130859375,663.4807739257812,2482.638916015625,8.949999809265137,14.699999809265137,6.106122016906738,30.154422760009766,18.746740341186523,105.13674926757812,52.34846496582031,69.85587310791016,35.63336944580078,11.241753578186035
2022-07-25,16631.0,1101.3111572265625,2840.285888671875,1364.0850830078125,671.9989013671875,776.888671875,1732.4935302734375,255.4723358154297,489.7189636230469,663.0409545898438,2466.656005859375,8.899999618530273,14.25,5.876568794250488,29.964773178100586,18.56604766845703,105.28386688232422,53.13788604736328,70.50526428222656,35.83271789550781,11.094481468200684
2022-07-26,16483.849609375,1101.8115234375,2794.67822265625,1316.501708984375,670.6275024414062,772.426513671875,1702.1680908203125,256.6177978515625,486.314208984375,668.6118774414062,2394.73193359375,8.850000381469727,13.699999809265137,5.738836765289307,29.964773178100586,18.43052864074707,103.66561126708984,51.312355041503906,69.53117370605469,35.533695220947266,10.996299743652344
2022-07-27,16641.80078125,1100.76513671875,2860.108154296875,1334.555419921875,675.751953125,776.5006103515625,1746.295654296875,258.0601501464844,499.5549621582031,659.6202392578125,2427.4970703125,8.75,14.699999809265137,5.692925930023193,30.3914852142334,18.34018325805664,105.3819351196289,52.00309371948242,70.3197250366211,35.63336944580078,11.045390129089355
2022-07-28,16929.599609375,1118.0101318359375,2924.371337890625,1376.6046142578125,681.7424926757812,790.1779174804688,1750.7667236328125,257.46624755859375,503.57452392578125,651.7525024414062,2463.365234375,8.649999618530273,14.550000190734863,5.601105213165283,30.96044158935547,18.43052864074707,105.23483276367188,52.54582214355469,70.5587387084961,36.480594635009766,11.094481468200684
2022-07-29,17158.25,1141.8299560546875,2961.503173828125,1405.90771484375,690.0907592773438,794.0579223632812,1757.3760986328125,257.1268615722656,499.6968078613281,662.6011352539062,2479.630126953125,8.75,14.949999809265137,6.060212135314941,29.727710723876953,18.611221313476562,104.59733581542969,53.13788604736328,73.7616195678711,37.42749786376953,11.094481468200684
2022-08-01,17340.05078125,1171.587646484375,2958.72314453125,1407.1324462890625,695.8407592773438,798.7140502929688,1763.839599609375,260.90252685546875,504.8039855957031,681.744384765625,2437.88623046875,9.100000381469727,15.25,6.335676193237305,31.671627044677734,18.927433013916016,104.84252166748047,53.97665023803711,74.28746032714844,41.81314468383789,11.339935302734375
2022-08-02,17345.44921875,1176.046875,2952.444580078125,1400.3736572265625,688.190185546875,793.2334594726562,1742.7965087890625,262.981201171875,512.701171875,674.2343139648438,2477.608642578125,9.399999618530273,17.149999618530273,6.657051086425781,32.43022918701172,19.198469161987305,108.71649169921875,53.82863235473633,74.09624481201172,43.25841522216797,11.732659339904785
2022-08-03,17388.150390625,1185.9205322265625,2995.22705078125,1420.7861328125,689.8020629882812,800.0721435546875,1739.6376953125,261.4539794921875,511.5188903808594,680.4682006835938,2469.241455078125,9.100000381469727,16.450000762939453,6.5193190574646,32.240577697753906,19.243640899658203,106.90210723876953,52.49648666381836,72.99674987792969,43.00922775268555,11.830841064453125
2022-08-04,17382.0,1170.245361328125,3009.084228515625,1451.4498291015625,688.984130859375,795.6585083007812,1730.20947265625,262.59942626953125,504.3311462402344,681.5971069335938,2470.745361328125,8.75,16.649999618530273,6.5193190574646,31.671627044677734,19.243640899658203,105.872314453125,51.95376205444336,73.57038879394531,42.90955352783203,11.929020881652832
2022-08-05,17397.5,1153.0003662109375,3018.143798828125,1466.6455078125,686.650390625,813.0703735351562,1737.3533935546875,263.74481201171875,502.25042724609375,690.7760620117188,2487.1513671875,8.75,16.649999618530273,6.840693950653076,31.81386375427246,19.198469161987305,106.85306549072266,50.96697998046875,74.19185638427734,43.25841522216797,11.634478569030762
2022-08-08,17525.099609375,1168.083984375,3026.57421875,1469.1405029296875,703.4913330078125,816.7297973632812,1778.37060546875,265.6963195800781,492.177978515625,691.4631958007812,2491.805419921875,8.649999618530273,16.0,7.070247173309326,31.62421226501465,19.288814544677734,107.44152069091797,51.164337158203125,74.71769714355469,44.50433349609375,11.48720645904541
2022-08-10,17534.75,1175.068603515625,3008.456787109375,1453.76318359375,705.5363159179688,828.2447509765625,1803.156005859375,264.0418395996094,486.7870788574219,702.163818359375,2484.707275390625,8.600000381469727,15.399999618530273,6.794783115386963,31.292325973510742,19.288814544677734,107.6376724243164,51.95376205444336,76.39083862304688,44.65384292602539,11.339935302734375
2022-08-11,17659.0,1178.981689453125,3069.670166015625,1469.6392822265625,714.8709106445312,838.93017578125,1814.819580078125,259.8419189453125,496.2920837402344,696.8134765625,2457.347900390625,8.649999618530273,15.399999618530273,7.070247173309326,31.671627044677734,19.15329360961914,109.01072692871094,52.2004508972168,75.38694763183594,45.10237503051758,11.339935302734375
2022-08-12,17698.150390625,1198.0465087890625,3050.88037109375,1446.18798828125,714.6063232421875,853.2750244140625,1794.69970703125,261.79339599609375,501.91937255859375,696.71533203125,2439.718994140625,8.699999809265137,15.300000190734863,6.9325151443481445,31.576799392700195,19.288814544677734,108.66746520996094,52.2004508972168,78.01617431640625,44.95286560058594,11.290843963623047
2022-08-16,17825.25,1206.3731689453125,3042.942626953125,1448.31982421875,722.7861328125,858.0078735351562,1797.081298828125,263.4903564453125,497.427001953125,691.2178344726562,2486.305419921875,8.850000381469727,15.899999618530273,7.070247173309326,31.81386375427246,19.288814544677734,108.22612762451172,53.18722915649414,79.02005004882812,44.95286560058594,11.389025688171387
2022-08-17,17944.25,1212.67529296875,3050.476806640625,1457.2105712890625,726.5151977539062,861.9111938476562,1803.6905517578125,265.187255859375,499.5077209472656,709.7229614257812,2524.053466796875,9.0,16.549999237060547,6.978425979614258,32.667293548583984,19.288814544677734,107.68671417236328,53.03921127319336,79.21127319335938,45.84992980957031,11.536296844482422
2022-08-18,17956.5,1214.8746337890625,3032.673095703125,1436.0726318359375,727.3812255859375,863.7164916992188,1841.45166015625,267.8174743652344,503.4798889160156,719.785400390625,2521.609375,8.899999618530273,16.649999618530273,7.070247173309326,32.382816314697266,19.3339900970459,108.86361694335938,55.45681381225586,79.49810028076172,45.3515625,11.438115119934082
2022-08-19,17758.44921875,1193.213623046875,3036.708984375,1448.909423828125,718.4075317382812,849.3717041015625,1881.7886962890625,264.72064208984375,492.1306457519531,718.9017944335938,2476.95068359375,8.800000190734863,16.549999237060547,7.070247173309326,31.62421226501465,19.198469161987305,105.48001098632812,53.38458251953125,78.15958404541016,44.50433349609375,11.290843963623047
2022-08-22,17490.69921875,1189.904052734375,3008.725830078125,1429.4498291015625,707.4849853515625,831.6600952148438,1827.94140625,266.75689697265625,483.57147216796875,714.2877807617188,2469.570068359375,8.649999618530273,16.350000381469727,7.896639823913574,30.72337532043457,18.927433013916016,104.59733581542969,51.60838317871094,74.71769714355469,43.507598876953125,11.19266128540039
2022-08-23,17577.5,1208.2552490234375,2945.987060546875,1399.28515625,705.2957153320312,843.0287475585938,1824.4422607421875,268.02960205078125,493.5966491699219,724.1048583984375,2437.651123046875,8.850000381469727,16.299999237060547,8.21801471710205,31.339736938476562,18.927433013916016,107.73574829101562,52.34846496582031,76.48644256591797,45.89976501464844,11.19266128540039
2022-08-24,17604.94921875,1205.0369873046875,2919.752197265625,1394.83984375,708.6879272460938,852.2015991210938,1840.2852783203125,266.5024108886719,491.13763427734375,725.2338256835938,2433.420166015625,9.199999809265137,16.600000381469727,8.034372329711914,31.81386375427246,19.01777458190918,111.80587005615234,52.54582214355469,75.9605941772461,48.441444396972656,11.19266128540039
2022-08-25,17522.44921875,1201.5220947265625,2886.431884765625,1377.2852783203125,704.8385620117188,851.2745361328125,1825.2684326171875,265.0175476074219,492.177978515625,727.4426879882812,2420.210693359375,9.100000381469727,16.5,7.758907794952393,33.42589569091797,19.06295394897461,111.70779418945312,56.690284729003906,76.24742126464844,48.790306091308594,11.683568000793457
2022-08-26,17558.900390625,1195.1080322265625,2890.020263671875,1380.3697509765625,704.9589233398438,849.8107299804688,1851.9976806640625,265.4842224121094,495.3935546875,717.4783325195312,2417.71923828125,9.149999618530273,16.450000762939453,7.529354095458984,33.85260772705078,19.198469161987305,111.70779418945312,57.08498764038086,78.11177825927734,48.29193878173828,11.97811222076416
2022-08-29,17312.900390625,1185.818359375,2809.612060546875,1326.1182861328125,692.5928955078125,835.1731567382812,1828.7674560546875,266.03570556640625,486.928955078125,707.4158935546875,2421.715087890625,8.850000381469727,16.200000762939453,7.391622066497803,33.42589569091797,19.288814544677734,110.92320251464844,58.41714096069336,76.43863677978516,48.49128723144531,11.781749725341797
2022-08-30,17759.30078125,1204.215087890625,2880.1083984375,1354.4234619140625,715.0633544921875,865.8633422851562,1868.618408203125,271.9325256347656,502.4395446777344,713.30615234375,2500.7373046875,9.050000190734863,16.450000762939453,7.529354095458984,33.994842529296875,19.3339900970459,114.74813842773438,58.022430419921875,77.72936248779297,48.989654541015625,11.781749725341797
2022-09-01,17542.80078125,1168.81396484375,2808.849365234375,1328.3408203125,708.35107421875,853.2261352539062,1859.3360595703125,269.4719543457031,504.37835693359375,721.6015625,2450.108642578125,9.100000381469727,16.350000381469727,8.080282211303711,33.94743347167969,19.605024337768555,116.46444702148438,59.35457992553711,77.39471435546875,48.989654541015625,11.781749725341797
2022-09-02,17539.44921875,1155.1646728515625,2807.68310546875,1318.1802978515625,714.7747192382812,851.3233642578125,1886.1138916015625,274.18096923828125,507.593994140625,721.552490234375,2447.8515625,8.949999809265137,16.200000762939453,8.080282211303711,33.42589569091797,19.830890655517578,117.24905395507812,58.51581573486328,75.7215805053711,48.39160919189453,11.732659339904785
2022-09-05,17665.80078125,1173.10498046875,2810.3740234375,1325.710205078125,719.369873046875,861.1305541992188,1913.183349609375,279.0172119140625,509.6747131347656,726.8536987304688,2445.031494140625,9.300000190734863,16.649999618530273,9.687156677246094,33.85260772705078,19.966407775878906,121.17207336425781,59.699951171875,76.96448516845703,50.63426971435547,12.027202606201172
2022-09-06,17655.599609375,1185.4532470703125,2804.6787109375,1320.0853271484375,716.6271362304688,862.301513671875,1907.302978515625,277.5748291015625,508.6343078613281,747.3221435546875,2419.176513671875,9.149999618530273,16.75,9.824889183044434,35.274986267089844,20.237443923950195,118.86729431152344,59.9959831237793,78.4464111328125,49.73720932006836,11.97811222076416
2022-09-07,17624.400390625,1178.5601806640625,2824.904296875,1322.3988037109375,713.2349853515625,855.0315551757812,1903.220703125,276.68389892578125,503.95281982421875,739.3212280273438,2411.18505859375,9.75,17.299999237060547,9.595335006713867,35.6542854309082,20.55365562438965,116.46444702148438,61.27878952026367,78.63761901855469,49.986392974853516,12.027202606201172
2022-09-08,17798.75,1180.2261962890625,2842.88671875,1338.9554443359375,720.5968017578125,877.0855102539062,1919.063720703125,279.9081115722656,515.1128540039062,755.7157592773438,2422.984130859375,9.699999809265137,17.75,9.319870948791504,36.365474700927734,20.55365562438965,115.7779312133789,62.21622848510742,78.01617431640625,50.93328857421875,12.125385284423828
2022-09-09,17833.349609375,1172.8768310546875,2885.93896484375,1371.38818359375,721.0780029296875,879.476318359375,1895.1046142578125,280.41717529296875,523.3410034179688,751.7398681640625,2433.84326171875,9.550000190734863,17.5,8.81485366821289,36.98183822631836,20.644001007080078,117.24905395507812,63.35102081298828,78.5420150756836,50.2854118347168,12.174474716186523
2022-09-12,17936.349609375,1186.0009765625,2908.63037109375,1393.66015625,718.6480712890625,885.2825927734375,1906.9141845703125,280.756591796875,524.8070068359375,755.07763671875,2426.039794921875,9.649999618530273,17.549999237060547,9.04440689086914,38.02491760253906,20.734346389770508,117.49424743652344,62.9563102722168,79.59370422363281,50.2854118347168,12.223566055297852
2022-09-13,18070.05078125,1195.906982421875,2896.4326171875,1401.598388671875,728.054931640625,888.0149536132812,1935.5386962890625,283.7261962890625,527.7388916015625,769.9013671875,2431.868896484375,9.899999618530273,17.450000762939453,8.768942832946777,37.503379821777344,20.86986541748047,116.85675811767578,62.46292495727539,79.92833709716797,50.086063385009766,12.174474716186523
2022-09-14,18003.75,1181.5728759765625,2798.71435546875,1338.501953125,735.537109375,895.9192504882812,1899.138427734375,284.5322265625,540.7431640625,769.0177612304688,2417.578369140625,9.75,17.25,8.401657104492188,38.02491760253906,20.644001007080078,118.42595672607422,62.26556396484375,80.35856628417969,50.733943939208984,12.174474716186523
2022-09-15,17877.400390625,1169.8638916015625,2784.319091796875,1299.8546142578125,731.7117919921875,895.4312744140625,1902.637451171875,283.47161865234375,541.1215209960938,770.73583984375,2407.236328125,9.649999618530273,17.149999618530273,8.401657104492188,38.356807708740234,20.718324661254883,119.70093536376953,61.272499084472656,78.63761901855469,52.57790756225586,12.272656440734863
2022-09-16,17530.849609375,1140.8763427734375,2698.529296875,1249.27734375,718.2631225585938,887.1366577148438,1866.1884765625,281.095947265625,531.332763671875,765.3856201171875,2376.915771484375,9.199999809265137,16.75,8.309836387634277,37.598201751708984,20.439603805541992,119.21056365966797,58.988433837890625,77.10789489746094,50.783782958984375,11.879931449890137
2022-09-19,17622.25,1142.3599853515625,2716.557373046875,1261.298095703125,723.002685546875,877.475830078125,1857.1490478515625,284.74432373046875,541.2161254882812,768.4288330078125,2424.958740234375,9.100000381469727,16.350000381469727,8.126193046569824,38.30939483642578,20.067975997924805,120.24034881591797,58.789817810058594,75.38694763183594,50.93328857421875,12.027202606201172
2022-09-20,17816.25,1142.54248046875,2726.87158203125,1259.71044921875,731.7117919921875,894.6018676757812,1878.532470703125,285.083740234375,542.91845703125,777.6568603515625,2429.00146484375,9.149999618530273,16.399999618530273,7.942550182342529,38.54645538330078,20.114429473876953,120.9268798828125,59.6835823059082,77.20349884033203,51.13263702392578,12.174474716186523
2022-09-21,17718.349609375,1145.6925048828125,2691.802734375,1249.458740234375,730.5811157226562,893.1380615234375,1842.5208740234375,289.2835998535156,538.8043823242188,765.9254760742188,2466.656005859375,9.199999809265137,16.899999618530273,7.850728988647461,38.07233428955078,19.975069046020508,120.38746643066406,58.69050979614258,76.58204650878906,50.584434509277344,12.174474716186523
2022-09-22,17629.80078125,1134.8961181640625,2697.36328125,1241.021728515625,715.0153198242188,881.574462890625,1835.2796630859375,292.7623291015625,536.5345458984375,769.7540893554688,2531.669189453125,9.100000381469727,16.75,8.81485366821289,38.40422058105469,19.928613662719727,120.53457641601562,58.988433837890625,76.86888122558594,50.48476028442383,12.027202606201172
2022-09-23,17327.349609375,1113.6234130859375,2674.626708984375,1238.7537841796875,695.8407592773438,860.9353637695312,1804.808349609375,293.9076843261719,520.7401733398438,757.2373657226562,2521.609375,8.949999809265137,16.200000762939453,8.35574722290039,36.17582702636719,19.78925323486328,114.50294494628906,57.59812927246094,74.71769714355469,48.54112243652344,11.830841064453125
2022-09-26,17016.30078125,1085.2523193359375,2685.70361328125,1252.1805419921875,686.4579467773438,840.2474975585938,1799.5596923828125,282.1989440917969,513.8360595703125,741.235595703125,2501.3955078125,9.0,15.5,7.850728988647461,34.137081146240234,19.417625427246094,108.86361694335938,54.96649169921875,71.41921997070312,47.09585189819336,11.389025688171387
2022-09-27,17007.400390625,1093.8800048828125,2706.377685546875,1264.2464599609375,680.2990112304688,831.952880859375,1789.5970458984375,284.10797119140625,507.40484619140625,746.6840209960938,2518.976806640625,9.149999618530273,15.75,7.667086124420166,34.80086135864258,19.649892807006836,112.19817352294922,55.56233596801758,71.61044311523438,47.29520034790039,11.389025688171387
2022-09-28,16858.599609375,1064.7554931640625,2722.701416015625,1265.2896728515625,668.606689453125,828.9765625,1784.008056640625,275.70819091796875,496.3865966796875,747.5184936523438,2540.4599609375,9.0,15.449999809265137,7.437532901763916,33.046592712402344,19.742799758911133,109.69725036621094,56.65471267700195,70.41532897949219,46.547645568847656,11.438115119934082
2022-09-29,16818.099609375,1061.4915771484375,2688.3046875,1268.8731689453125,665.1422119140625,823.5118408203125,1764.6171875,282.5807189941406,493.45477294921875,750.6599731445312,2539.00244140625,8.5,15.5,7.758907794952393,33.0940055847168,19.83570671081543,110.82511138916016,58.09466552734375,70.79776763916016,47.59421920776367,11.536296844482422
2022-09-30,17094.349609375,1085.4349365234375,2694.807373046875,1282.300048828125,683.9077758789062,841.174560546875,1795.914794921875,281.85955810546875,501.82476806640625,785.2650756835938,2535.147705078125,8.800000190734863,15.649999618530273,7.988461017608643,34.65862274169922,19.742799758911133,116.46444702148438,59.48496627807617,73.37918090820312,49.6873664855957,11.683568000793457
2022-10-03,16887.349609375,1081.6688232421875,2677.22802734375,1264.427978515625,679.9862670898438,827.8543701171875,1768.310791015625,275.24151611328125,491.5632019042969,788.6519775390625,2465.621337890625,8.850000381469727,15.399999618530273,7.900000095367432,33.61554718017578,19.742799758911133,114.06159973144531,60.130462646484375,72.66211700439453,49.18899917602539,11.58538818359375
2022-10-04,17274.30078125,1101.6175537109375,2772.479736328125,1296.7701416015625,699.1367797851562,846.6880493164062,1819.096435546875,282.41107177734375,503.8109436035156,793.904052734375,2508.352294921875,9.0,16.200000762939453,7.900000095367432,34.56379699707031,19.83570671081543,118.52403259277344,61.57041549682617,76.10401153564453,53.02643966674805,11.634478569030762
2022-10-06,17331.80078125,1105.6802978515625,2782.166259765625,1320.1307373046875,691.4381103515625,864.05810546875,1859.3360595703125,285.63519287109375,508.16143798828125,774.1717529296875,2457.630126953125,9.0,16.5,7.650000095367432,34.753448486328125,19.882160186767578,118.52403259277344,63.407596588134766,78.8288345336914,54.12285232543945,11.732659339904785
2022-10-07,17314.650390625,1110.3594970703125,2748.935791015625,1316.5472412109375,688.454833984375,861.2280883789062,1870.611083984375,283.47161865234375,501.4465026855469,778.5894165039062,2444.185546875,9.100000381469727,16.549999237060547,7.650000095367432,34.753448486328125,19.83570671081543,120.48553466796875,63.457252502441406,77.49032592773438,52.827091217041016,11.683568000793457
2022-10-10,17241.0,1098.2396240234375,2797.054931640625,1326.934814453125,680.8523559570312,860.4474487304688,1856.1285400390625,278.16876220703125,501.9666748046875,777.8531494140625,2449.732421875,8.850000381469727,16.450000762939453,7.650000095367432,34.65862274169922,19.882160186767578,119.01441192626953,62.76210403442383,78.3030014038086,53.57464599609375,11.58538818359375
2022-10-11,16983.55078125,1076.373291015625,2753.1064453125,1291.6898193359375,673.9476318359375,849.5667724609375,1826.2889404296875,276.8536071777344,498.7983703613281,766.023681640625,2398.06884765625,8.649999618530273,16.149999618530273,7.099999904632568,33.85260772705078,19.83570671081543,120.04419708251953,60.52769470214844,75.864990234375,52.92676544189453,11.438115119934082
2022-10-12,17123.599609375,1084.2935791015625,2781.090576171875,1296.134765625,678.3502807617188,847.3711547851562,1857.6837158203125,280.0777893066406,504.85125732421875,761.360595703125,2436.3349609375,8.649999618530273,16.0,6.949999809265137,34.42155838012695,19.83570671081543,123.18260955810547,61.173187255859375,76.0083999633789,54.92023849487305,11.48720645904541
2022-10-13,17014.349609375,1087.7401123046875,2783.376953125,1288.1514892578125,670.555419921875,832.9774780273438,1823.5673828125,278.8475036621094,493.1710510253906,754.832275390625,2412.87744140625,8.600000381469727,15.800000190734863,6.800000190734863,34.042259216308594,19.882160186767578,122.49608612060547,60.22977066040039,74.71769714355469,54.272361755371094,11.389025688171387
2022-10-14,17185.69921875,1082.216552734375,2779.6552734375,1337.45849609375,692.400390625,849.225341796875,1858.02392578125,281.7746887207031,498.6091613769531,751.9362182617188,2421.715087890625,8.5,15.800000190734863,6.699999809265137,33.994842529296875,19.882160186767578,127.84120178222656,61.12353515625,74.47868347167969,54.12285232543945,11.438115119934082
2022-10-17,17311.80078125,1099.586181640625,2798.17919921875,1351.701904296875,696.033203125,863.8140869140625,1830.419921875,281.9019775390625,514.1671142578125,751.9852905273438,2435.5830078125,8.399999618530273,15.75,7.449999809265137,34.99051284790039,19.78925323486328,128.9690399169922,62.51383590698242,74.81330108642578,55.56812286376953,11.389025688171387
2022-10-18,17486.94921875,1118.9874267578125,2827.80859375,1364.1759033203125,694.734130859375,875.2315063476562,1864.3416748046875,288.73211669921875,531.947509765625,768.8214721679688,2446.58251953125,8.449999809265137,15.850000381469727,7.75,36.839599609375,19.882160186767578,129.753662109375,67.72745513916016,75.43476104736328,56.21600341796875,11.683568000793457
2022-10-19,17512.25,1138.4569091796875,2807.26123046875,1347.6192626953125,701.8554077148438,870.54736328125,1851.5115966796875,293.8653259277344,523.3883666992188,769.0669555664062,2428.484375,8.5,15.899999618530273,9.25,37.31372833251953,19.928613662719727,128.7729034423828,67.08196258544922,74.95671844482422,56.91371536254883,11.929020881652832
2022-10-20,17563.94921875,1141.5155029296875,2839.13916015625,1361.6358642578125,697.1158447265625,867.1807861328125,1850.78271484375,296.7076721191406,525.2799072265625,778.3931274414062,2445.313232421875,8.550000190734863,15.949999809265137,8.899999618530273,38.40422058105469,19.78925323486328,127.79215240478516,65.98957824707031,76.10401153564453,56.61469650268555,11.929020881652832
2022-10-21,17576.30078125,1128.2769775390625,2821.24462890625,1361.27294921875,692.2078857421875,885.2338256835938,1824.150634765625,293.22894287109375,530.434326171875,782.8599243164062,2495.14306640625,8.699999809265137,16.049999237060547,8.649999618530273,38.64128112792969,19.83570671081543,130.04788208007812,64.8475570678711,74.43086242675781,57.11306381225586,12.125385284423828
2022-10-24,17730.75,1132.0430908203125,2843.095947265625,1377.0130615234375,703.0101928710938,903.9210815429688,1856.225830078125,295.0107116699219,539.5609741210938,787.4247436523438,2419.176513671875,8.699999809265137,15.75,8.800000190734863,38.973167419433594,20.067975997924805,132.15650939941406,65.79096984863281,75.05233001708984,57.11306381225586,12.272656440734863
2022-10-25,17656.349609375,1114.559326171875,2843.45556640625,1384.6790771484375,698.1263427734375,902.7013549804688,1894.472900390625,293.8228759765625,547.1744384765625,787.62109375,2355.526123046875,8.600000381469727,15.600000381469727,8.399999618530273,41.059326171875,20.39315414428711,131.61709594726562,70.60736083984375,75.864990234375,56.315673828125,12.763562202453613
2022-10-27,17736.94921875,1118.941650390625,2839.228759765625,1397.65625,699.8103637695312,902.0670776367188,1909.00390625,293.39862060546875,548.2147216796875,802.1503295898438,2368.313232421875,8.600000381469727,15.75,8.149999618530273,40.77484893798828,20.718324661254883,132.00938415527344,72.3948974609375,78.92444610595703,56.61469650268555,13.009016036987305
2022-10-28,17786.80078125,1153.178955078125,2844.48974609375,1387.843017578125,701.87939453125,885.9168090820312,1919.6956787109375,293.39862060546875,539.79736328125,801.9049072265625,2373.248779296875,8.550000190734863,15.649999618530273,8.100000381469727,40.86967468261719,20.764781951904297,128.62579345703125,72.94107055664062,75.48255157470703,55.617958068847656,12.763562202453613
2022-10-31,18012.19921875,1163.8837890625,2871.37646484375,1410.220947265625,720.1637573242188,886.746337890625,1966.39892578125,295.85919189453125,542.6820068359375,816.7777709960938,2398.116455078125,8.550000190734863,15.550000190734863,7.949999809265137,40.442962646484375,21.043502807617188,128.9690399169922,73.53692626953125,75.24353790283203,55.91697692871094,12.959924697875977
2022-11-01,18145.400390625,1154.867919921875,2931.22021484375,1442.641357421875,728.1271362304688,886.6487426757812,1967.7110595703125,296.5379638671875,545.6138916015625,820.2628173828125,2415.247802734375,8.649999618530273,15.5,8.199999809265137,38.02491760253906,20.95059585571289,129.36135864257812,75.52306365966797,76.48644256591797,55.51828384399414,12.959924697875977
2022-11-02,18082.849609375,1162.08056640625,2915.0341796875,1424.573974609375,728.5841674804688,882.843017578125,1956.8736572265625,300.9075622558594,542.7293090820312,795.032958984375,2383.54052734375,8.550000190734863,15.5,8.0,37.218902587890625,21.043502807617188,130.63633728027344,74.13276672363281,76.91667175292969,55.16942596435547,13.450831413269043
2022-11-03,18052.69921875,1166.4173583984375,2883.605712890625,1403.8927001953125,725.3843994140625,886.6975708007812,1952.40234375,300.1015319824219,553.1801147460938,803.6719970703125,2410.08935546875,8.550000190734863,16.100000381469727,8.050000190734863,39.162818908691406,21.182865142822266,134.60838317871094,74.82791900634766,77.72936248779297,57.013389587402344,14.187191009521484
2022-11-04,18117.150390625,1183.5816650390625,2893.1826171875,1388.5308837890625,720.3803100585938,883.4284057617188,1958.623046875,300.0166320800781,561.7392578125,801.4631958007812,2385.48095703125,8.399999618530273,16.450000762939453,8.149999618530273,39.63694763183594,22.019031524658203,133.7257080078125,75.52306365966797,80.4063720703125,56.96355438232422,14.678096771240234
2022-11-07,18202.80078125,1189.904052734375,2907.8408203125,1382.5235595703125,725.9859619140625,895.333740234375,1961.1015625,299.93182373046875,580.8438110351562,807.6478881835938,2397.264892578125,8.350000381469727,16.549999237060547,8.149999618530273,39.68436050415039,22.948101043701172,134.36318969726562,75.32444763183594,83.27461242675781,57.11306381225586,14.874459266662598
2022-11-09,18157.0,1188.7171630859375,2891.968994140625,1385.962890625,725.7693481445312,888.5028686523438,1947.34814453125,306.0408020019531,582.1677856445312,804.064697265625,2374.549072265625,8.5,16.549999237060547,8.25,42.62394332885742,23.319732666015625,135.4420166015625,74.28173065185547,82.27073669433594,57.212738037109375,15.463546752929688
2022-11-10,18028.19921875,1174.337646484375,2882.616943359375,1377.4794921875,733.6605834960938,888.697998046875,1922.2227783203125,302.052978515625,572.8993530273438,810.64208984375,2379.092041015625,8.649999618530273,16.5,8.300000190734863,41.77051544189453,22.71583366394043,135.3439483642578,75.02653503417969,80.5019760131836,57.41208267211914,14.727187156677246
2022-11-11,18349.69921875,1201.4078369140625,2981.802001953125,1439.9818115234375,775.2333984375,884.6482543945312,1954.735107421875,302.3499755859375,568.6906127929688,811.7711181640625,2369.106689453125,8.5,16.850000381469727,8.199999809265137,42.43429183959961,22.76228904724121,132.4507293701172,73.98381042480469,81.74488830566406,57.362247467041016,14.874459266662598
2022-11-14,18329.150390625,1195.5875244140625,2999.382080078125,1453.922119140625,777.1100463867188,873.3285522460938,1943.7520751953125,294.58648681640625,560.4152221679688,806.862548828125,2326.278076171875,8.5,17.100000381469727,8.25,41.675689697265625,23.04100799560547,133.4314727783203,70.90528869628906,82.65316009521484,57.262577056884766,14.530824661254883
2022-11-15,18403.400390625,1190.2236328125,2996.77392578125,1461.901123046875,779.0105590820312,889.673828125,1940.5931396484375,292.9320068359375,568.2650146484375,819.96826171875,2325.994140625,8.449999809265137,17.049999237060547,8.199999809265137,41.675689697265625,23.412639617919922,133.48052978515625,69.86255645751953,82.41413879394531,56.96355438232422,14.285371780395508
2022-11-16,18409.650390625,1183.3990478515625,3017.231689453125,1469.971923828125,785.6987915039062,891.5279541015625,1947.4454345703125,291.956298828125,567.2246704101562,825.8093872070312,2345.255126953125,8.399999618530273,17.049999237060547,8.100000381469727,41.8653450012207,25.03851890563965,130.58729553222656,70.11083221435547,78.97225189208984,56.91371536254883,14.629005432128906
2022-11-17,18343.900390625,1186.45751953125,3011.521484375,1455.8480224609375,778.6016235351562,897.5781860351562,1972.668212890625,291.61688232421875,566.5626831054688,830.6689453125,2328.3603515625,8.350000381469727,16.950000762939453,8.0,42.00757598876953,26.71413230895996,132.35264587402344,69.86255645751953,78.15958404541016,56.11632537841797,14.776277542114258
2022-11-18,18307.650390625,1185.818359375,3006.530517578125,1461.3507080078125,776.556640625,898.1148681640625,1967.7110595703125,289.36846923828125,570.0147094726562,821.980712890625,2350.79248046875,8.350000381469727,16.850000381469727,8.100000381469727,43.47736740112305,26.331134796142578,130.14596557617188,70.2597885131836,77.10789489746094,55.66779327392578,15.463546752929688
2022-11-21,18159.94921875,1164.477294921875,2952.621826171875,1438.2388916015625,768.59326171875,899.1395263671875,1955.0753173828125,286.1018981933594,565.6641845703125,835.62646484375,2367.545166015625,8.399999618530273,16.649999618530273,8.050000190734863,45.13680648803711,26.9056339263916,129.8517303466797,71.55078125,78.11177825927734,56.166160583496094,18.31080436706543
2022-11-22,18244.19921875,1170.9365234375,2980.90283203125,1453.69287109375,767.4625244140625,901.3839721679688,1972.9112548828125,288.689697265625,566.6099853515625,832.09228515625,2381.07958984375,8.350000381469727,17.049999237060547,8.0,45.70576095581055,27.71950340270996,128.92001342773438,73.53692626953125,78.63761901855469,56.61469650268555,20.568973541259766
2022-11-23,18267.25,1167.28466796875,2974.923095703125,1451.9503173828125,769.4594116210938,905.0433959960938,1968.24560546875,288.3078918457031,574.6962890625,827.8219604492188,2373.17626953125,8.25,16.850000381469727,7.900000095367432,47.744503021240234,28.006752014160156,131.7642059326172,74.43067932128906,79.49810028076172,56.81404495239258,19.685338973999023
2022-11-24,18484.099609375,1177.3504638671875,3039.5322265625,1494.7342529296875,781.9697875976562,916.16796875,1994.683349609375,289.1138916015625,576.3040771484375,832.8285522460938,2412.739501953125,8.050000190734863,16.950000762939453,7.900000095367432,48.2186279296875,29.58662223815918,130.78346252441406,74.28173065185547,78.97225189208984,56.61469650268555,20.078067779541016
2022-11-25,18512.75,1194.9254150390625,3048.07470703125,1500.099365234375,778.3610229492188,907.824462890625,2004.9375,288.73211669921875,574.4598388671875,831.3560791015625,2401.66552734375,8.050000190734863,16.950000762939453,8.449999809265137,50.826324462890625,30.448366165161133,129.9988555908203,81.38218688964844,79.6893081665039,57.860618591308594,20.372610092163086
2022-11-28,18562.75,1235.9874267578125,3053.110595703125,1488.8646240234375,769.9887084960938,914.7529907226562,2006.5899658203125,288.5199890136719,575.5947265625,822.0789184570312,2390.0712890625,8.050000190734863,17.149999618530273,8.800000190734863,50.63667678833008,32.12398147583008,131.22479248046875,80.83600616455078,78.49421691894531,58.60816955566406,20.323518753051758
2022-11-29,18618.05078125,1238.110107421875,3054.99951171875,1494.0465087890625,768.8338623046875,923.8770751953125,1993.07958984375,290.42901611328125,575.5474853515625,820.5573120117188,2493.238525390625,8.050000190734863,17.049999237060547,8.75,49.78324508666992,33.799598693847656,129.90077209472656,80.4884262084961,79.11566925048828,57.8107795715332,19.881704330444336
2022-11-30,18758.349609375,1246.85205078125,3049.109375,1499.4573974609375,773.9342041015625,929.8785400390625,2016.6986083984375,288.47760009765625,569.7783203125,833.2212524414062,2540.705078125,8.25,17.149999618530273,9.25,48.64533996582031,31.405858993530273,128.92001342773438,83.12006378173828,81.12342834472656,58.40882110595703,19.43988800048828
2022-12-01,18812.5,1243.1773681640625,3125.409423828125,1519.7718505859375,779.251220703125,917.4853515625,2045.2744140625,288.09576416015625,575.121826171875,833.0740356445312,2520.35546875,8.149999618530273,17.049999237060547,9.050000190734863,50.49443435668945,32.746360778808594,130.14596557617188,84.0634765625,82.07950592041016,58.55833435058594,19.93079376220703
2022-12-02,18696.099609375,1242.6522216796875,3092.587158203125,1502.1630859375,773.28466796875,908.1171875,2027.050048828125,286.0594482421875,574.6016845703125,833.1231079101562,2475.160888671875,8.300000190734863,17.399999618530273,9.449999809265137,51.205623626708984,33.03360366821289,130.6853790283203,89.92259979248047,82.93998718261719,58.807518005371094,19.93079376220703
2022-12-05,18701.05078125,1224.529296875,3080.672119140625,1503.8597412109375,776.0994873046875,911.0447387695312,2027.1473388671875,285.7200622558594,583.8229370117188,828.6563110351562,2479.65625,8.149999618530273,17.450000762939453,10.0,52.29611587524414,32.21973419189453,134.65744018554688,87.0427017211914,84.23069763183594,60.20295333862305,20.028974533081055
2022-12-06,18642.75,1228.0672607421875,3044.20849609375,1479.23486328125,775.2333984375,900.359375,2034.8258056640625,286.1867370605469,575.9258422851562,818.10302734375,2512.499755859375,8.050000190734863,17.5,10.199999809265137,52.58059310913086,31.597360610961914,132.20553588867188,87.39027404785156,82.17510986328125,60.153114318847656,20.76533317565918
2022-12-07,18560.5,1209.9443359375,3039.9375,1472.4481201171875,774.8966064453125,899.8714599609375,2064.47119140625,288.5624084472656,574.1287841796875,818.7411499023438,2562.474365234375,8.0,17.450000762939453,9.850000381469727,52.58059310913086,31.645235061645508,129.55751037597656,86.54615783691406,81.55368041992188,59.10654067993164,21.84532928466797
2022-12-08,18609.349609375,1209.373779296875,3012.915771484375,1485.884033203125,779.251220703125,909.3858642578125,2106.9462890625,287.12005615234375,578.4793701171875,817.3667602539062,2560.67578125,8.0,17.75,9.800000190734863,54.71416091918945,30.83136558532715,133.13726806640625,86.84407043457031,81.93610382080078,59.50523376464844,23.072593688964844
2022-12-09,18496.599609375,1191.0452880859375,2960.940185546875,1439.248046875,784.8087158203125,907.4341430664062,2093.6787109375,289.6654357910156,583.0663452148438,819.624755859375,2576.576904296875,7.949999809265137,19.700000762939453,9.300000190734863,53.33919143676758,29.730241775512695,131.27383422851562,84.90760040283203,80.83661651611328,58.40882110595703,23.1707763671875
2022-12-12,18497.150390625,1192.871337890625,2955.27490234375,1418.9793701171875,790.9195556640625,907.824462890625,2103.05810546875,291.192626953125,579.8034057617188,813.24365234375,2571.84423828125,7.949999809265137,21.100000381469727,10.25,55.09346008300781,31.98036003112793,131.42092895507812,86.14893341064453,81.21903228759766,58.90719223022461,23.8089542388916
2022-12-13,18608.0,1198.3037109375,2996.32421875,1441.86181640625,793.1088256835938,910.4105224609375,2112.000244140625,293.22894287109375,583.3027954101562,822.717041015625,2565.266357421875,7.900000095367432,23.950000762939453,10.100000381469727,56.80031204223633,32.36335372924805,133.6276397705078,85.05655670166016,80.45417022705078,59.95376968383789,28.521652221679688
2022-12-14,18660.30078125,1193.9669189453125,3026.223876953125,1448.5111083984375,799.821044921875,899.4810791015625,2133.91845703125,293.05926513671875,591.5782470703125,814.0289916992188,2540.98876953125,8.649999618530273,22.100000381469727,10.899999618530273,56.1839485168457,32.50698471069336,134.11801147460938,85.00689697265625,81.4102554321289,62.49544906616211,32.645263671875
2022-12-15,18414.900390625,1177.008056640625,2972.045654296875,1412.8345947265625,785.1695556640625,886.8439331054688,2116.520263671875,287.5018615722656,582.5462036132812,811.2310180664062,2520.734130859375,8.399999618530273,22.450000762939453,10.949999809265137,56.231361389160156,31.501617431640625,135.19683837890625,83.36833190917969,79.88053131103516,62.39577102661133,34.9525260925293
2022-12-16,18269.0,1171.1876220703125,2913.730224609375,1396.0511474609375,788.9467163085938,880.208251953125,2114.04150390625,284.32012939453125,570.6294555664062,807.6969604492188,2528.35302734375,8.300000190734863,21.200000762939453,10.75,53.81332015991211,30.735614776611328,133.4314727783203,80.24015808105469,78.97225189208984,61.747894287109375,35.73797607421875
2022-12-19,18420.44921875,1186.5716552734375,2879.379638671875,1382.43212890625,791.400634765625,884.5507202148438,2122.789306640625,288.9018249511719,571.6697998046875,825.0240478515625,2572.649169921875,8.350000381469727,21.399999618530273,11.649999618530273,53.149539947509766,31.453733444213867,134.21609497070312,83.21937561035156,79.30687713623047,62.29610061645508,32.98889923095703
2022-12-20,18385.30078125,1196.843017578125,2917.0576171875,1382.38623046875,785.9393920898438,887.7222290039062,2102.620849609375,288.6048583984375,571.6697998046875,813.7835083007812,2531.42919921875,8.25,21.299999237060547,11.5,52.6754150390625,34.134727478027344,132.35264587402344,83.41798400878906,78.25518798828125,61.24952697753906,30.632551193237305
2022-12-21,18199.099609375,1179.8155517578125,2939.1787109375,1384.44970703125,778.3369140625,870.6937866210938,2086.146240234375,284.36248779296875,561.2190551757812,799.1071166992188,2523.526123046875,8.0,19.850000381469727,10.199999809265137,50.39961242675781,30.927112579345703,128.38059997558594,80.58773040771484,77.82496643066406,58.75768280029297,31.270729064941406
2022-12-22,18127.349609375,1176.7569580078125,2931.22021484375,1395.913818359375,775.66650390625,869.1324462890625,2050.814697265625,282.0716857910156,561.2190551757812,801.6594848632812,2503.791748046875,8.0,18.950000762939453,9.949999809265137,50.968563079833984,29.92174530029297,125.48738098144531,78.35332489013672,75.24353790283203,56.76420593261719,32.154361724853516
2022-12-23,17806.80078125,1142.245849609375,2903.029296875,1373.0313720703125,768.7376708984375,857.6663208007812,2004.9375,277.1930236816406,542.8711547851562,793.85498046875,2480.83935546875,7.650000095367432,17.450000762939453,9.0,47.12813949584961,26.666259765625,120.0932388305664,73.43761444091797,71.41921997070312,52.827091217041016,28.963468551635742
2022-12-26,18014.599609375,1152.2203369140625,2925.105224609375,1377.8922119140625,784.0386962890625,871.620849609375,2032.444580078125,283.8958740234375,564.7184448242188,796.1619873046875,2477.384765625,7.849999904632568,19.600000381469727,9.800000190734863,50.73149871826172,29.05999755859375,128.23348999023438,76.3175277709961,73.28357696533203,55.468448638916016,31.36890983581543
2022-12-27,18132.30078125,1161.64697265625,2931.0400390625,1389.3104248046875,784.8327026367188,878.8908081054688,2064.568359375,282.6656188964844,569.2581176757812,799.8923950195312,2454.479736328125,7.900000095367432,20.149999618530273,10.199999809265137,51.3952751159668,30.735614776611328,130.39114379882812,77.16163635253906,77.25130462646484,55.76747131347656,31.859817504882812
2022-12-28,18122.5,1161.532958984375,2928.882080078125,1385.0,784.2072143554688,877.2318725585938,2061.65234375,283.7261962890625,568.4542236328125,789.0936279296875,2445.34619140625,7.949999809265137,20.149999618530273,10.050000190734863,52.05905532836914,31.11861228942871,131.07766723632812,76.66510009765625,77.15570068359375,55.66779327392578,30.82891273498535
2022-12-29,18191.0,1161.0078125,2939.358154296875,1391.78662109375,789.7406005859375,886.112060546875,2051.738037109375,284.5322265625,578.6212158203125,805.7335815429688,2430.628662109375,7.900000095367432,20.149999618530273,10.149999618530273,52.533180236816406,31.31011390686035,135.0006866455078,78.30366516113281,77.49032592773438,56.564857482910156,30.239824295043945
2022-12-30,18105.30078125,1162.7882080078125,2928.5224609375,1383.2115478515625,783.4132690429688,869.3275146484375,2027.3416748046875,281.3080139160156,580.418212890625,791.3516235351562,2424.002685546875,7.900000095367432,20.600000381469727,10.600000381469727,53.528846740722656,31.166488647460938,136.37374877929688,78.6512451171875,79.02005004882812,58.60816955566406,30.927093505859375
2023-01-02,18197.44921875,1175.8896484375,2932.794189453125,1397.7022705078125,783.6779174804688,880.6473999023438,2030.88916015625,282.41107177734375,578.9995727539062,798.6162719726562,2421.494384765625,8.0,21.649999618530273,10.699999809265137,54.19261932373047,31.501617431640625,135.0497283935547,79.59465789794922,85.0433578491211,60.950504302978516,30.779823303222656
2023-01-03,18232.55078125,1167.28466796875,2977.66552734375,1396.372314453125,788.8023681640625,879.5739135742188,2030.4033203125,280.9262390136719,579.1886596679688,802.6411743164062,2406.01953125,7.949999809265137,22.049999237060547,10.75,54.808982849121094,32.411231994628906,135.09877014160156,79.79326629638672,84.4697036743164,61.14984893798828,32.20344924926758
2023-01-04,18042.94921875,1149.7095947265625,2980.633056640625,1370.9222412109375,774.7041625976562,877.3782958984375,2012.5191650390625,277.4475402832031,572.3792114257812,796.9473266601562,2400.38818359375,7.800000190734863,21.350000381469727,10.399999618530273,53.33919143676758,31.836734771728516,133.7747344970703,78.6512451171875,81.50586700439453,60.003604888916016,31.712543487548828
2023-01-05,17992.150390625,1147.6553955078125,2977.440673828125,1352.9462890625,769.7240600585938,857.9102783203125,2028.848388671875,282.92010498046875,572.2845458984375,792.3333129882812,2445.440673828125,7.900000095367432,21.450000762939453,10.25,53.81332015991211,31.357988357543945,134.0689697265625,81.38218688964844,83.56143188476562,60.153114318847656,31.614364624023438
2023-01-06,17859.44921875,1158.0863037109375,2887.92236328125,1328.4591064453125,767.1738891601562,849.078857421875,2028.0706787109375,284.27764892578125,568.075927734375,781.4364013671875,2438.578857421875,7.800000190734863,21.100000381469727,10.199999809265137,53.4814338684082,31.31011390686035,132.00938415527344,81.1835708618164,82.1273193359375,59.305885314941406,30.48527717590332
2023-01-09,18101.19921875,1185.4302978515625,2985.398681640625,1361.4295654296875,768.6654663085938,852.2503662109375,2062.235595703125,286.822998046875,574.7435913085938,804.4082641601562,2483.6318359375,7.449999809265137,21.25,10.199999809265137,54.145206451416016,31.31011390686035,133.0391845703125,80.8856430053711,83.89606475830078,59.50523376464844,30.387096405029297
2023-01-10,17914.150390625,1167.9010009765625,2955.2294921875,1347.947998046875,754.6154174804688,840.540283203125,2047.607177734375,282.87774658203125,562.874267578125,778.343994140625,2502.372314453125,7.25,20.649999618530273,10.050000190734863,52.24870300292969,30.78349494934082,132.64688110351562,79.29673767089844,83.75265502929688,58.60816955566406,29.159832000732422
2023-01-11,17895.69921875,1153.178955078125,2993.26708984375,1349.32373046875,765.48974609375,845.3706665039062,2065.783203125,281.52020263671875,564.3401489257812,751.54345703125,2454.479736328125,7.449999809265137,20.049999237060547,10.100000381469727,53.4814338684082,30.78349494934082,132.0584259033203,80.43876647949219,85.0433578491211,59.60490798950195,29.601646423339844
2023-01-12,17858.19921875,1128.2769775390625,2998.34814453125,1357.8988037109375,769.5796508789062,839.8572387695312,2099.21923828125,279.86566162109375,562.6377563476562,743.0518188476562,2451.451416015625,7.349999904632568,19.899999618530273,10.0,52.95989227294922,31.357988357543945,132.4507293701172,79.4457015991211,84.13508605957031,59.40555953979492,29.35619354248047
2023-01-13,17956.599609375,1126.451171875,3034.496826171875,1379.03857421875,770.1812133789062,852.3479614257812,2093.047119140625,278.932373046875,567.5557250976562,750.31640625,2483.584228515625,7.300000190734863,20.149999618530273,10.050000190734863,53.86073303222656,32.50698471069336,135.7852783203125,80.14085388183594,84.94775390625,60.003604888916016,29.50346565246582
2023-01-16,17894.849609375,1115.723388671875,3066.22509765625,1399.077880859375,762.7952270507812,844.3461303710938,2077.301025390625,280.1626281738281,570.2984619140625,745.2606201171875,2458.123779296875,7.199999809265137,20.149999618530273,10.0,55.8520622253418,31.740989685058594,137.5996856689453,79.19742584228516,84.03948974609375,60.35246276855469,31.95799446105957
2023-01-17,18053.30078125,1131.563720703125,3107.012939453125,1411.91748046875,774.1508178710938,844.24853515625,2151.07373046875,281.9019775390625,560.7935180664062,751.6907958984375,2524.8037109375,7.25,20.100000381469727,10.0,54.761573791503906,31.31011390686035,135.3439483642578,79.2470932006836,83.32241821289062,59.006866455078125,31.123456954956055
2023-01-18,18165.349609375,1129.6922607421875,3117.681396484375,1417.3287353515625,787.8159790039062,848.493408203125,2202.97705078125,283.9382629394531,559.3748168945312,762.34228515625,2542.4560546875,7.300000190734863,20.350000381469727,9.800000190734863,53.81332015991211,31.645235061645508,134.0689697265625,80.33946990966797,86.71649932861328,59.10654067993164,30.48527717590332
2023-01-19,18107.849609375,1128.4825439453125,3102.138427734375,1411.3673095703125,791.087890625,845.224365234375,2209.392333984375,281.817138671875,557.861572265625,757.87548828125,2507.956298828125,7.400000095367432,20.149999618530273,9.649999618530273,54.24003219604492,31.740989685058594,133.38246154785156,79.4457015991211,88.05502319335938,59.206214904785156,30.87800407409668
2023-01-20,18027.650390625,1115.0615234375,3092.942138671875,1399.123779296875,799.195556640625,849.3228149414062,2186.89111328125,283.8958740234375,560.0841674804688,750.463623046875,2412.361083984375,7.25,19.75,10.0,54.002967834472656,31.69310760498047,131.66610717773438,80.24015808105469,87.48136901855469,59.156375885009766,30.288915634155273
2023-01-23,18118.55078125,1109.4237060546875,3140.5810546875,1419.71337890625,805.041748046875,850.6402587890625,2170.902099609375,286.5685119628906,567.8867797851562,758.5626831054688,2457.461181640625,7.050000190734863,18.149999618530273,9.75,53.86073303222656,31.453733444213867,133.38246154785156,79.6443099975586,89.01109313964844,59.10654067993164,29.945281982421875
2023-01-24,18118.30078125,1102.873046875,3160.261962890625,1423.2899169921875,815.8198852539062,849.7131958007812,2145.630859375,287.586669921875,562.1175537109375,761.458740234375,2461.341796875,7.050000190734863,18.200000762939453,9.649999618530273,52.62800216674805,31.2143611907959,132.40170288085938,78.00575256347656,87.00332641601562,58.60816955566406,28.914379119873047
2023-01-25,17891.94921875,1087.6259765625,3154.23828125,1415.127685546875,793.2772216796875,834.6364135742188,2113.75,287.84124755859375,537.8585815429688,762.2931518554688,2482.0224609375,6.75,17.899999618530273,9.5,50.92115020751953,30.59199333190918,129.70462036132812,76.16856384277344,85.9516372680664,56.71437072753906,29.6998291015625
2023-01-27,17604.349609375,1066.9923095703125,3137.0400390625,1393.2540283203125,777.4708862304688,797.4569091796875,2099.31640625,293.5683288574219,510.6677551269531,760.3297119140625,2472.368408203125,6.400000095367432,17.5,9.100000381469727,48.17121887207031,29.96961784362793,129.4594268798828,72.74246215820312,84.27849578857422,55.51828384399414,27.88347625732422
2023-01-30,17648.94921875,1077.218017578125,3157.824462890625,1411.275634765625,776.6769409179688,803.604736328125,2053.68212890625,292.5502014160156,509.01263427734375,756.1084594726562,2430.72314453125,6.800000190734863,17.100000381469727,8.949999809265137,48.076393127441406,29.873870849609375,130.4892120361328,73.53692626953125,83.03559112548828,56.21600341796875,27.83438491821289
2023-01-31,17662.150390625,1074.5245361328125,3088.8955078125,1406.644287109375,771.552490234375,811.8017578125,2064.859619140625,298.9560852050781,523.48291015625,756.2066650390625,2438.86279296875,7.050000190734863,17.25,9.800000190734863,50.77891159057617,31.645235061645508,131.86228942871094,77.8567886352539,86.62089538574219,58.010128021240234,29.110740661621094
2023-02-01,17616.30078125,1068.156494140625,3134.556640625,1422.556396484375,783.1245727539062,827.4640502929688,2085.4169921875,306.6346740722656,498.7510070800781,755.028564453125,2436.49658203125,6.699999809265137,16.899999618530273,9.199999809265137,47.69709014892578,30.16111946105957,128.82196044921875,75.07617950439453,85.09117126464844,56.315673828125,28.12892723083496
2023-02-02,17610.400390625,1062.2447509765625,3182.425537109375,1452.5003662109375,771.4802856445312,837.1736450195312,2084.785400390625,321.2282409667969,499.4603271484375,763.5203247070312,2493.853515625,6.800000190734863,16.850000381469727,9.199999809265137,48.17121887207031,30.208993911743164,130.73440551757812,75.07617950439453,85.09117126464844,59.40555953979492,27.539840698242188
2023-02-03,17854.05078125,1063.1806640625,3202.5673828125,1466.853515625,798.1611328125,842.9310302734375,2105.828369140625,322.96759033203125,514.687255859375,778.3931274414062,2507.010009765625,6.849999904632568,16.450000762939453,9.050000190734863,49.11947250366211,29.82599449157715,130.8324737548828,74.43067932128906,82.17510986328125,58.60816955566406,27.539840698242188
2023-02-06,17764.599609375,1055.1690673828125,3182.011962890625,1439.7523193359375,794.7688598632812,833.0751342773438,2095.67138671875,325.3009033203125,515.8222045898438,774.8098754882812,2496.45654296875,8.25,16.649999618530273,9.050000190734863,48.740169525146484,28.916372299194336,130.3421173095703,74.13276672363281,80.74099731445312,59.55507278442383,27.14711570739746
2023-02-07,17721.5,1052.635498046875,3193.60009765625,1432.919921875,795.9476318359375,832.1480712890625,2104.61328125,316.6889953613281,517.429931640625,771.521240234375,2462.00439453125,7.949999809265137,16.850000381469727,8.949999809265137,48.64533996582031,28.62912368774414,128.47866821289062,74.57965087890625,78.8288345336914,59.70458221435547,26.607120513916016
2023-02-08,17871.69921875,1073.6572265625,3237.330078125,1458.691162109375,795.8515014648438,838.3446044921875,2071.12890625,318.6404724121094,519.936279296875,760.9187622070312,2444.58935546875,7.900000095367432,17.100000381469727,9.0,48.92981719970703,29.05999755859375,128.82196044921875,75.57272338867188,80.83661651611328,59.305885314941406,27.736204147338867
2023-02-09,17893.44921875,1075.52880859375,3256.413330078125,1482.9951171875,794.1914672851562,840.0035400390625,2087.215087890625,317.5374755859375,520.9293823242188,752.6234130859375,2448.2802734375,7.849999904632568,16.850000381469727,9.199999809265137,48.360870361328125,28.82062530517578,127.4488754272461,75.82098388671875,81.60147094726562,58.55833435058594,27.098026275634766
2023-02-10,17856.5,1066.6729736328125,3253.378662109375,1475.2452392578125,797.3430786132812,833.221435546875,2103.2041015625,315.076904296875,523.0573120117188,757.8264770507812,2439.572509765625,7.849999904632568,17.049999237060547,9.149999618530273,48.597930908203125,28.82062530517578,128.92001342773438,74.87757110595703,80.83661651611328,57.91045379638672,27.63802146911621
2023-02-13,17770.900390625,1060.6014404296875,3202.658447265625,1437.55126953125,797.9445190429688,830.0987548828125,2141.54833984375,317.4949951171875,508.35064697265625,754.5377197265625,2442.885009765625,7.849999904632568,16.700000762939453,9.050000190734863,47.602264404296875,28.677000045776367,127.89022064208984,71.05424499511719,79.6893081665039,57.262577056884766,27.392568588256836
2023-02-14,17929.849609375,1085.5946044921875,3218.9365234375,1461.2130126953125,805.3305053710938,844.3948974609375,2130.224853515625,327.8887023925781,511.5188903808594,761.0169677734375,2441.560546875,7.699999809265137,16.399999618530273,8.800000190734863,48.17121887207031,27.911001205444336,127.25273895263672,70.50806427001953,80.5019760131836,57.063228607177734,26.852571487426758
2023-02-15,18015.849609375,1110.1768798828125,3237.8359375,1464.6983642578125,803.694580078125,849.761962890625,2114.090087890625,329.59710693359375,512.843017578125,771.0303955078125,2412.076904296875,7.75,16.399999618530273,9.0,48.26604461669922,28.533374786376953,127.1546630859375,71.25285339355469,80.45417022705078,57.31241226196289,26.754390716552734
2023-02-16,18035.849609375,1109.3096923828125,3272.2314453125,1469.0546875,800.783447265625,848.4446411132812,2117.2490234375,329.89892578125,510.8095703125,770.0977172851562,2391.86962890625,7.5,16.25,8.899999618530273,48.17121887207031,27.71950340270996,127.74311828613281,72.44454193115234,82.03170776367188,56.81404495239258,26.067121505737305
2023-02-17,17944.19921875,1113.9429931640625,3219.902099609375,1452.54638671875,796.7656860351562,841.8088989257812,2163.95263671875,330.6319885253906,502.2031555175781,762.587646484375,2380.890380859375,7.25,16.100000381469727,8.899999618530273,47.12813949584961,27.528005599975586,124.65373992919922,71.89836120605469,82.36634063720703,55.71763229370117,25.674396514892578
2023-02-20,17844.599609375,1102.1654052734375,3207.165283203125,1460.4794921875,789.2835083007812,831.5137329101562,2163.126220703125,331.1924743652344,496.67041015625,764.894775390625,2377.057373046875,7.050000190734863,16.600000381469727,8.550000190734863,46.93849182128906,27.288631439208984,123.57491302490234,71.15355682373047,82.27073669433594,54.8205680847168,24.98712730407715
2023-02-21,17826.69921875,1111.158447265625,3173.78125,1448.602783203125,792.2427368164062,833.5631103515625,2166.965576171875,329.6402282714844,495.0625915527344,764.7965087890625,2381.50537109375,7.0,16.700000762939453,8.399999618530273,46.511775970458984,27.049257278442383,124.89892578125,70.2597885131836,83.32241821289062,54.421871185302734,23.710771560668945
2023-02-22,17554.30078125,1085.9598388671875,3128.30322265625,1432.36962890625,776.7009887695312,818.9741821289062,2133.23828125,331.0199890136719,488.34759521484375,758.0228271484375,2360.58837890625,7.0,16.299999237060547,8.300000190734863,45.32646179199219,26.71413230895996,122.79031372070312,68.32330322265625,80.83661651611328,53.22578811645508,24.00531768798828
2023-02-23,17511.25,1080.7557373046875,3139.569091796875,1422.189453125,771.4321899414062,819.462158203125,2098.6357421875,334.2539367675781,492.74542236328125,748.9910888671875,2357.3701171875,6.699999809265137,16.399999618530273,8.149999618530273,45.753170013427734,26.570512771606445,125.3893051147461,68.47225189208984,81.1712417602539,53.57464599609375,24.98712730407715
2023-02-24,17465.80078125,1088.1510009765625,3127.291015625,1422.1435546875,764.5514526367188,819.413330078125,2074.2392578125,332.0979919433594,492.792724609375,743.2481079101562,2351.26513671875,6.75,16.149999618530273,8.399999618530273,45.089393615722656,26.666259765625,124.7027816772461,67.92607879638672,79.30687713623047,54.12285232543945,24.545312881469727
2023-02-27,17392.69921875,1080.91552734375,3064.20263671875,1384.220458984375,766.4521484375,835.7098999023438,2054.45947265625,329.59710693359375,499.0820617675781,739.1249389648438,2336.07421875,6.699999809265137,16.399999618530273,8.100000381469727,45.610939025878906,25.948137283325195,126.17390441894531,66.63507843017578,79.35468292236328,54.22252655029297,24.643495559692383
2023-02-28,17303.94921875,1060.2362060546875,3046.728515625,1364.2728271484375,769.6759033203125,834.1973266601562,2050.037353515625,324.8540344238281,494.4478454589844,728.6697998046875,2328.975341796875,6.800000190734863,17.450000762939453,8.199999809265137,45.84799575805664,25.804513931274414,126.6642837524414,69.31637573242188,79.11566925048828,54.9700813293457,25.428943634033203
2023-03-01,17450.900390625,1069.9822998046875,3113.726318359375,1372.068359375,768.93017578125,835.6123046875,2056.014892578125,326.5788269042969,507.593994140625,736.474365234375,2334.27587890625,6.900000095367432,18.299999237060547,8.399999618530273,47.55485534667969,26.139636993408203,131.7642059326172,72.29558563232422,81.50586700439453,55.51828384399414,25.723487854003906
2023-03-02,17321.900390625,1061.833984375,3054.6376953125,1350.149169921875,762.38623046875,833.3678588867188,2062.13818359375,323.86236572265625,504.8039855957031,726.5591430664062,2323.95947265625,6.949999809265137,17.5,8.25,47.17555236816406,27.288631439208984,130.78346252441406,74.28173065185547,82.50975799560547,54.9700813293457,25.47803497314453
2023-03-03,17594.349609375,1088.927001953125,3073.6748046875,1356.7064208984375,777.5189819335938,847.5663452148438,2091.73486328125,331.9686279296875,530.765380859375,750.41455078125,2338.771728515625,6.900000095367432,16.850000381469727,8.5,49.11947250366211,27.001386642456055,131.61709594726562,74.18242645263672,83.94388580322266,56.21600341796875,27.539840698242188
2023-03-06,17711.44921875,1099.5633544921875,3100.9892578125,1382.5235595703125,783.0042724609375,846.7857055664062,2081.14013671875,334.72821044921875,531.2382202148438,752.5742797851562,2351.880859375,6.949999809265137,16.899999618530273,8.600000381469727,48.64533996582031,27.001386642456055,131.5680389404297,74.38104248046875,83.60923767089844,56.96355438232422,26.754390716552734
2023-03-08,17754.400390625,1103.5120849609375,3118.049072265625,1368.995849609375,784.5680541992188,851.030517578125,2109.959228515625,338.3932800292969,534.1701049804688,752.5252075195312,2352.1171875,6.949999809265137,16.700000762939453,8.600000381469727,48.83499526977539,26.857757568359375,133.28436279296875,77.50920867919922,83.56143188476562,57.4619255065918,26.70530128479004
2023-03-09,17589.599609375,1076.9896240234375,3068.800537109375,1357.7154541015625,784.6402587890625,835.270751953125,2131.7314453125,334.1676940917969,528.590087890625,759.2498779296875,2329.685546875,6.849999904632568,16.549999237060547,8.699999809265137,48.26604461669922,26.666259765625,131.61709594726562,76.86371612548828,83.89606475830078,57.013389587402344,26.558027267456055
2023-03-10,17412.900390625,1060.3048095703125,3063.420166015625,1349.598876953125,764.4071655273438,822.2921142578125,2097.3720703125,334.598876953125,517.6663818359375,759.593505859375,2333.518798828125,6.75,16.5,8.399999618530273,47.31779098510742,26.809885025024414,130.440185546875,76.46649169921875,84.23069763183594,55.91697692871094,26.165302276611328
2023-03-13,17154.30078125,1042.866455078125,3018.310791015625,1316.1695556640625,754.7356567382812,808.3864135742188,2074.045166015625,330.8475036621094,501.2573547363281,751.298095703125,2323.722412109375,6.599999904632568,15.649999618530273,8.100000381469727,45.65835189819336,26.235387802124023,127.0075454711914,73.73554229736328,83.13119506835938,54.57138442993164,24.98712730407715
2023-03-14,17043.30078125,1038.9635009765625,2956.693359375,1302.3209228515625,752.7147827148438,810.2891845703125,2084.10498046875,327.4411926269531,496.9068298339844,757.6791381835938,2311.749755859375,6.550000190734863,15.550000190734863,7.949999809265137,45.65835189819336,25.948137283325195,125.29122924804688,74.28173065185547,82.98779296875,54.621219635009766,24.348949432373047
2023-03-15,16972.150390625,1021.205810546875,2941.931640625,1301.9998779296875,741.9125366210938,805.94677734375,2115.645263671875,327.1824951171875,489.4825134277344,742.806396484375,2277.3447265625,6.400000095367432,15.350000381469727,7.949999809265137,45.23163604736328,25.852388381958008,124.16336059570312,74.57965087890625,83.80046081542969,54.57138442993164,24.398040771484375
2023-03-16,16985.599609375,1016.1157836914062,2929.148681640625,1287.738525390625,746.7242431640625,803.9951171875,2112.680908203125,328.9503173828125,496.0556640625,732.3021240234375,2327.745361328125,6.449999809265137,14.899999618530273,7.900000095367432,45.51611328125,25.90026092529297,124.84989166259766,75.07617950439453,81.55368041992188,55.16942596435547,24.643495559692383
2023-03-17,17100.05078125,1014.837646484375,2923.906982421875,1302.962890625,756.70849609375,816.0466918945312,2134.2099609375,323.86236572265625,501.06817626953125,743.3953857421875,2316.434326171875,6.400000095367432,15.050000190734863,8.0,45.46870040893555,25.852388381958008,125.9287109375,75.7713394165039,84.75653839111328,55.01991653442383,24.447132110595703
2023-03-20,16988.400390625,1004.8632202148438,2890.79833984375,1287.3258056640625,751.4636840820312,816.2418823242188,2116.520263671875,326.6650390625,491.0430908203125,740.9901733398438,2376.8203125,6.349999904632568,15.350000381469727,7.75,44.5678596496582,25.565139770507812,126.61524963378906,73.73554229736328,82.79656982421875,54.12285232543945,23.858041763305664
2023-03-21,17107.5,1036.1102294921875,2856.5869140625,1275.448974609375,759.9803466796875,831.8065185546875,2146.553955078125,325.0696716308594,493.54931640625,743.1008911132812,2330.8212890625,6.300000190734863,15.25,7.800000190734863,45.279048919677734,25.660888671875,126.32102966308594,75.32444763183594,83.22681427001953,55.51828384399414,24.398040771484375
2023-03-22,17151.900390625,1039.2601318359375,2879.302978515625,1274.119140625,758.2241821289062,839.4180908203125,2151.89990234375,325.7595520019531,493.2655944824219,742.8554077148438,2343.835693359375,6.550000190734863,15.300000190734863,7.800000190734863,45.37387466430664,25.804513931274414,126.61524963378906,73.68588256835938,81.31464385986328,55.91697692871094,24.398040771484375
2023-03-23,17076.900390625,1026.1131591796875,2873.646728515625,1260.637451171875,752.1373901367188,834.7828369140625,2144.80419921875,328.26043701171875,484.9428405761719,749.580078125,2352.1171875,6.449999809265137,15.199999809265137,7.75,44.425621032714844,25.660888671875,124.55567169189453,73.78519439697266,82.07950592041016,54.92023849487305,24.00531768798828
2023-03-24,16945.05078125,1005.7989501953125,2869.830078125,1266.2318115234375,750.9344482421875,831.8065185546875,2105.439453125,326.5788269042969,477.94415283203125,748.500244140625,2348.047119140625,6.25,15.050000190734863,7.550000190734863,43.14548110961914,25.42151641845703,124.40855407714844,71.30252075195312,79.66114044189453,53.92350387573242,23.416229248046875
2023-03-27,16985.69921875,1021.4338989257812,2871.4853515625,1273.843994140625,754.2063598632812,828.1959228515625,2093.630126953125,327.8723449707031,482.48382568359375,747.81298828125,2365.273193359375,6.050000190734863,15.050000190734863,7.199999809265137,43.19289016723633,24.799142837524414,123.0354995727539,70.5577163696289,78.54869079589844,52.876930236816406,22.778051376342773
2023-03-28,16951.69921875,1026.2044677734375,2865.599365234375,1263.434814453125,760.3412475585938,834.0997314453125,2073.8017578125,327.4843444824219,480.5450134277344,734.7564086914062,2349.9404296875,5.900000095367432,14.75,7.050000190734863,42.57653045654297,24.4161434173584,123.28067779541016,69.61429595947266,78.16175842285156,52.57790756225586,22.13987159729004
2023-03-29,17080.69921875,1020.133056640625,2886.751953125,1268.8916015625,763.9981689453125,830.4403686523438,2087.263671875,330.0714111328125,488.4894714355469,729.9951171875,2395.4189453125,5.900000095367432,14.949999809265137,7.949999809265137,43.904083251953125,25.23001480102539,126.61524963378906,69.81291198730469,79.8546142578125,54.322200775146484,24.103496551513672
2023-03-31,17359.75,1064.116455078125,2948.369873046875,1309.6119384765625,774.463623046875,856.05615234375,2103.544189453125,330.71820068359375,495.3462829589844,735.2963256835938,2423.340576171875,5.800000190734863,15.050000190734863,7.900000095367432,44.18855285644531,25.469388961791992,129.753662109375,69.56463623046875,79.99971771240234,54.87040328979492,23.858041763305664
2023-04-03,17398.05078125,1064.299072265625,2942.94384765625,1293.9290771484375,774.9447631835938,862.4479370117188,2109.32763671875,326.75128173828125,498.18359375,746.6349487304688,2400.38818359375,6.150000095367432,15.350000381469727,8.100000381469727,44.89974594116211,26.618383407592773,130.58729553222656,69.31637573242188,81.06380462646484,55.3687744140625,25.527124404907227
2023-04-05,17557.05078125,1061.74267578125,2979.546875,1305.57666015625,795.7310791015625,863.2285766601562,2194.47216796875,333.2190856933594,494.636962890625,749.48193359375,2444.54150390625,6.25,15.25,8.100000381469727,44.283382415771484,26.235387802124023,126.07584381103516,67.6281509399414,79.80624389648438,54.72089385986328,24.938037872314453
2023-04-06,17599.150390625,1068.864013671875,2961.98095703125,1304.0635986328125,801.7938842773438,853.8605346679688,2210.510009765625,334.0382995605469,499.0348205566406,751.9362182617188,2427.978271484375,6.25,15.399999618530273,8.149999618530273,44.757511138916016,26.283260345458984,124.60470581054688,70.11083221435547,79.41930389404297,54.87040328979492,24.98712730407715
2023-04-10,17624.05078125,1061.2861328125,3001.2509765625,1309.291015625,797.99267578125,847.46875,2244.96630859375,335.0731506347656,497.75799560546875,755.6666870117188,2396.649169921875,6.150000095367432,15.199999809265137,8.050000190734863,44.615272521972656,26.379009246826172,124.55567169189453,70.80598449707031,79.75787353515625,53.92350387573242,24.447132110595703
2023-04-11,17722.30078125,1066.535888671875,2955.635009765625,1289.6187744140625,800.3262939453125,860.5938110351562,2236.996337890625,341.4977722167969,503.243408203125,759.9862060546875,2411.414794921875,6.099999904632568,15.199999809265137,8.149999618530273,44.80492401123047,26.42688751220703,125.83065032958984,71.45146942138672,79.75787353515625,53.524810791015625,24.98712730407715
2023-04-12,17812.400390625,1071.23779296875,2981.247802734375,1309.9332275390625,810.7196044921875,868.64453125,2224.36083984375,339.3849792480469,499.5549621582031,756.9918823242188,2393.62060546875,6.199999809265137,15.399999618530273,8.100000381469727,44.615272521972656,26.18751335144043,124.80085754394531,71.15355682373047,79.99971771240234,53.67431640625,24.7907657623291
2023-04-13,17828.0,1075.27783203125,2932.689697265625,1274.0732421875,814.352294921875,877.2806396484375,2195.444580078125,341.1528015136719,504.0473937988281,753.0160522460938,2400.482421875,6.050000190734863,15.350000381469727,8.050000190734863,45.279048919677734,26.331134796142578,125.6344985961914,71.30252075195312,78.88727569580078,53.823829650878906,25.870759963989258
2023-04-17,17706.849609375,1080.73291015625,2887.303955078125,1154.0213623046875,801.938232421875,879.5250854492188,2151.948486328125,345.0766296386719,514.4981079101562,745.75146484375,2415.29541015625,6.050000190734863,15.350000381469727,8.149999618530273,46.274715423583984,26.379009246826172,128.82196044921875,72.14662170410156,79.61278533935547,54.9700813293457,26.99984359741211
2023-04-18,17660.150390625,1068.36181640625,2879.256103515625,1154.984375,798.5459594726562,875.1826171875,2154.475830078125,343.6536865234375,516.247802734375,745.8496704101562,2405.072998046875,6.050000190734863,16.649999618530273,8.050000190734863,46.55918884277344,27.049257278442383,129.1161651611328,74.92721557617188,79.61278533935547,56.315673828125,26.852571487426758
2023-04-19,17618.75,1073.6800537109375,2841.412109375,1130.0843505859375,801.4810791015625,870.352294921875,2157.3916015625,343.86932373046875,510.998779296875,750.6599731445312,2396.129150390625,6.050000190734863,16.549999237060547,8.0,46.03764724731445,26.666259765625,129.1652069091797,74.87757110595703,79.95135498046875,56.166160583496094,26.70530128479004
2023-04-20,17624.44921875,1070.9638671875,2855.391357421875,1122.013671875,804.4644165039062,872.7918701171875,2170.173095703125,345.20599365234375,515.2547607421875,758.1699829101562,2359.216064453125,6.050000190734863,16.5,7.949999809265137,46.085060119628906,27.001386642456055,129.753662109375,75.7216796875,80.48338317871094,56.21600341796875,26.50893783569336
2023-04-21,17624.05078125,1072.310546875,2906.938720703125,1125.6363525390625,805.7634887695312,864.2532348632812,2153.114990234375,352.0617980957031,513.6942138671875,751.199951171875,2364.279296875,6.449999809265137,16.200000762939453,7.949999809265137,45.753170013427734,26.857757568359375,128.47866821289062,74.72860717773438,78.93563842773438,56.265838623046875,25.821666717529297
2023-04-24,17743.400390625,1076.4190673828125,2919.768310546875,1124.673583984375,812.2833862304688,882.8917846679688,2166.430908203125,352.4498596191406,524.523193359375,746.3404541015625,2365.983154296875,6.349999904632568,15.699999809265137,7.949999809265137,46.70142364501953,28.29399871826172,129.55751037597656,76.01960754394531,79.32257843017578,58.059967041015625,26.950754165649414
2023-04-25,17769.25,1084.65869140625,2920.8720703125,1123.389404296875,800.7353515625,891.381591796875,2184.947021484375,354.9075927734375,531.332763671875,758.4644775390625,2357.1806640625,6.300000190734863,15.550000190734863,8.149999618530273,47.222965240478516,29.490869522094727,130.8324737548828,76.56578826904297,79.27420806884766,58.45866012573242,27.245298385620117
2023-04-26,17813.599609375,1078.2906494140625,2941.24267578125,1125.8197021484375,804.4161987304688,892.8453979492188,2212.3564453125,355.5113220214844,535.6360473632812,759.2990112304688,2376.44189453125,6.550000190734863,15.5,8.199999809265137,47.64967727661133,28.964248657226562,132.40170288085938,76.96302795410156,78.54869079589844,58.707847595214844,27.63802146911621
2023-04-27,17915.05078125,1085.115234375,2931.861572265625,1142.969970703125,808.8429565429688,896.1632080078125,2240.9814453125,358.74517822265625,534.122802734375,772.1102294921875,2336.8310546875,6.900000095367432,15.600000381469727,8.199999809265137,47.79191970825195,30.113245010375977,131.3719024658203,76.76441192626953,79.0323715209961,59.25605010986328,27.981657028198242
2023-04-28,18065.0,1104.949951171875,2960.647216796875,1148.9312744140625,812.0186767578125,895.4801635742188,2298.133056640625,366.98077392578125,546.9379272460938,784.676025390625,2325.8046875,6.949999809265137,15.699999809265137,8.300000190734863,49.546180725097656,30.400493621826172,132.35264587402344,77.8567886352539,80.0964584350586,61.24952697753906,29.552555084228516
2023-05-02,18147.650390625,1114.3310546875,2960.78564453125,1171.5843505859375,811.8502807617188,899.8225708007812,2317.621337890625,366.0321960449219,544.1006469726562,775.7425537109375,2320.504638671875,6.900000095367432,15.949999809265137,8.100000381469727,50.02031326293945,32.12398147583008,133.8237762451172,81.03461456298828,81.83768463134766,63.641693115234375,30.19073486328125
2023-05-03,18089.849609375,1104.7674560546875,2924.458251953125,1163.972412109375,814.689208984375,900.5545043945312,2290.260498046875,368.360595703125,539.5609741210938,765.0419311523438,2352.968994140625,6.900000095367432,16.149999618530273,8.100000381469727,49.830657958984375,33.9432258605957,135.0497283935547,86.34754180908203,82.36972045898438,63.94071960449219,28.61983299255371
2023-05-04,18255.80078125,1117.503662109375,2961.98095703125,1168.007568359375,831.3616333007812,899.4323120117188,2290.843505859375,366.16156005859375,548.5457153320312,774.6626586914062,2372.608642578125,7.0,16.049999237060547,8.600000381469727,50.58926010131836,32.746360778808594,136.7169952392578,85.45378112792969,82.9017562866211,63.59185791015625,28.570743560791016
2023-05-05,18069.0,1114.650634765625,2971.177490234375,1154.755126953125,782.2103881835938,904.555419921875,2310.865966796875,369.7403564453125,545.2355346679688,772.8956298828125,2366.9296875,6.900000095367432,15.949999809265137,8.649999618530273,49.64100646972656,33.36872863769531,125.29122924804688,80.19050598144531,79.99971771240234,63.04365158081055,28.030746459960938
2023-05-08,18264.400390625,1128.4140625,2989.478759765625,1160.7164306640625,791.2562866210938,915.2409057617188,2299.105224609375,372.0687255859375,551.9505004882812,779.2276000976562,2381.64794921875,6.900000095367432,16.100000381469727,8.550000190734863,49.4039421081543,33.36872863769531,126.17390441894531,81.03461456298828,81.54747772216797,63.99055099487305,27.736204147338867
2023-05-09,18265.94921875,1131.9061279296875,3019.505859375,1165.3936767578125,791.2803344726562,911.8255004882812,2307.804443359375,365.47161865234375,542.3982543945312,779.0802612304688,2381.17431640625,6.800000190734863,16.100000381469727,8.399999618530273,47.64967727661133,31.501617431640625,126.07584381103516,78.84986114501953,81.45073699951172,64.23973846435547,26.99984359741211
2023-05-10,18315.099609375,1139.6895751953125,3022.77099609375,1158.561279296875,794.937255859375,913.435546875,2298.181884765625,366.80828857421875,541.1687622070312,781.4854736328125,2387.705078125,6.75,15.949999809265137,8.350000381469727,45.990238189697266,31.453733444213867,126.76235961914062,80.04154205322266,81.20890045166016,63.84104537963867,26.70530128479004
2023-05-11,18297.0,1132.24853515625,3018.494384765625,1152.0037841796875,795.4664916992188,916.5094604492188,2179.3095703125,362.5395812988281,542.3510131835938,774.1717529296875,2453.675048828125,7.150000095367432,16.100000381469727,8.350000381469727,45.990238189697266,32.26761245727539,125.34026336669922,80.4884262084961,81.35400390625,64.5886001586914,26.656208038330078
2023-05-12,18314.80078125,1134.097412109375,3011.275390625,1142.0069580078125,802.4916381835938,921.095947265625,2158.849853515625,362.5826721191406,546.796142578125,777.4605102539062,2483.01611328125,7.0,15.949999809265137,8.25,46.03764724731445,31.932485580444336,123.47683715820312,80.38911437988281,80.33828735351562,65.33615112304688,26.656208038330078
2023-05-15,18398.849609375,1136.334228515625,2993.5712890625,1154.0673828125,806.3410034179688,922.9012451171875,2183.8779296875,368.9211120605469,550.3427734375,782.4671630859375,2519.787109375,7.050000190734863,15.850000381469727,8.25,46.41695022583008,32.028236389160156,125.0460433959961,79.892578125,81.49910736083984,66.53223419189453,26.361665725708008
2023-05-16,18286.5,1120.1514892578125,2996.42236328125,1159.524169921875,801.7174072265625,923.4867553710938,2164.778564453125,365.6009521484375,554.5040893554688,772.9446411132812,2532.706787109375,7.349999904632568,15.899999618530273,8.199999809265137,46.46436309814453,32.12398147583008,124.50662994384766,81.03461456298828,81.30563354492188,67.18011474609375,26.70530128479004
2023-05-17,18181.75,1113.5321044921875,2950.94482421875,1143.566162109375,797.4102172851562,916.6558837890625,2157.3916015625,368.7486267089844,554.5040893554688,777.7550048828125,2519.31396484375,7.050000190734863,15.899999618530273,8.649999618530273,46.748836517333984,32.55485534667969,125.19316101074219,81.68011474609375,80.0964584350586,66.73158264160156,26.70530128479004
2023-05-18,18129.94921875,1111.1357421875,2942.8056640625,1142.74072265625,800.5980224609375,923.6331176757812,2126.871826171875,361.9359130859375,543.0603637695312,784.72509765625,2486.9443359375,7.0,15.699999809265137,8.5,45.94282531738281,32.4591064453125,124.31047821044922,81.08426666259766,79.80624389648438,66.48239135742188,26.410757064819336
2023-05-19,18203.400390625,1114.741943359375,2963.958251953125,1163.742919921875,801.5228271484375,931.24462890625,2128.669921875,362.0652770996094,543.9588012695312,791.0079956054688,2500.100341796875,7.050000190734863,15.649999618530273,8.5,46.70142364501953,32.07611083984375,123.7220230102539,79.49535369873047,79.4676742553711,66.58207702636719,26.067121505737305
2023-05-22,18314.400390625,1120.69921875,3033.715576171875,1185.662353515625,798.6757202148438,927.3900756835938,2154.475830078125,366.2908935546875,545.850341796875,787.1793823242188,2496.929931640625,7.0,15.649999618530273,9.25,47.93415069580078,31.932485580444336,123.77105712890625,78.75054931640625,79.3709487915039,66.18338012695312,25.772579193115234
2023-05-23,18348.0,1120.4937744140625,3032.19775390625,1192.3115234375,796.8018798828125,930.366455078125,2136.056640625,370.0853271484375,550.0589599609375,785.3141479492188,2487.654296875,6.949999809265137,15.550000190734863,9.449999809265137,47.981563568115234,31.932485580444336,123.23164367675781,79.892578125,79.9029769897461,65.83451843261719,25.674396514892578
2023-05-24,18285.400390625,1113.9658203125,3037.991943359375,1191.0274658203125,786.3868408203125,917.9244995117188,2123.906982421875,373.83660888671875,551.099365234375,786.7376098632812,2475.018798828125,6.949999809265137,15.600000381469727,10.050000190734863,47.31779098510742,32.411231994628906,121.4172592163086,79.4457015991211,79.80624389648438,65.78468322753906,25.576215744018555
2023-05-25,18321.150390625,1113.8289794921875,3028.932373046875,1196.255126953125,783.3693237304688,917.1437377929688,2142.908935546875,380.4337463378906,549.7279663085938,807.6478881835938,2458.265625,7.0,15.5,9.800000190734863,47.08073043823242,30.63986587524414,120.87783813476562,81.33253479003906,79.56441497802734,67.77816009521484,25.772579193115234
2023-05-26,18499.349609375,1144.2088623046875,3061.489501953125,1208.26953125,786.3868408203125,927.731689453125,2156.27392578125,382.5465087890625,554.2203979492188,802.9848022460938,2510.41748046875,7.050000190734863,15.600000381469727,10.0,47.744503021240234,30.544116973876953,122.83934783935547,78.40296936035156,79.41930389404297,69.62211608886719,25.96894073486328
2023-05-29,18598.650390625,1150.6453857421875,3053.6259765625,1205.47216796875,795.9744873046875,925.2433471679688,2162.202880859375,387.2895202636719,562.7322387695312,806.2244262695312,2508.47705078125,7.099999904632568,15.899999618530273,10.350000381469727,48.17121887207031,31.07073974609375,123.08453369140625,82.42491149902344,81.54747772216797,69.921142578125,25.919849395751953
2023-05-30,18633.849609375,1150.3486328125,3049.80908203125,1214.1390380859375,796.5828857421875,926.9998168945312,2148.838134765625,396.694091796875,560.6516723632812,803.4756469726562,2514.392333984375,7.099999904632568,15.899999618530273,10.649999618530273,48.78758239746094,30.63986587524414,122.88838958740234,81.48149871826172,80.48338317871094,71.41625213623047,25.723487854003906
2023-05-31,18534.400390625,1127.5008544921875,3025.254150390625,1209.049072265625,783.9777221679688,926.2191162109375,2143.83251953125,392.81439208984375,559.0607299804688,834.3502807617188,2524.8037109375,7.199999809265137,16.200000762939453,11.75,49.1668815612793,30.83136558532715,122.83934783935547,81.33253479003906,79.80624389648438,71.41625213623047,25.821666717529297
2023-06-01,18487.75,1124.4652099609375,3056.98291015625,1210.1495361328125,780.6439208984375,913.484375,2145.92236328125,387.7003479003906,561.8568115234375,812.8018188476562,2553.52978515625,7.150000095367432,16.299999237060547,11.149999618530273,49.0246467590332,30.78349494934082,123.08453369140625,81.43184661865234,79.51603698730469,72.36315155029297,27.29438591003418
2023-06-02,18534.099609375,1120.7904052734375,3040.060791015625,1207.3614501953125,781.8606567382812,915.48486328125,2171.9228515625,390.9627380371094,566.1472778320312,821.1954345703125,2571.32373046875,7.150000095367432,16.399999618530273,11.0,49.59359359741211,30.63986587524414,123.7220230102539,82.62352752685547,80.87032318115234,72.66217041015625,27.048934936523438
2023-06-05,18593.849609375,1130.8563232421875,3024.702392578125,1212.4732666015625,780.838623046875,923.8770751953125,2204.726806640625,388.5379638671875,566.1472778320312,819.2319946289062,2551.54248046875,7.150000095367432,16.149999618530273,11.399999618530273,49.451358795166016,30.448366165161133,124.84989166259766,85.00689697265625,80.96705627441406,73.45955657958984,26.70530128479004
2023-06-06,18599.0,1131.8148193359375,2972.649658203125,1188.772216796875,778.4051513671875,919.33935546875,2214.106201171875,390.4337463378906,564.3635864257812,814.2743530273438,2547.140869140625,7.050000190734863,16.0,12.199999809265137,49.35653305053711,30.927112579345703,123.7220230102539,83.2690200805664,80.48338317871094,73.55923461914062,26.70530128479004
2023-06-07,18726.400390625,1140.3970947265625,3011.826904296875,1198.0201416015625,782.4446411132812,917.4853515625,2250.60400390625,391.4477233886719,568.0755615234375,828.8036499023438,2570.850341796875,7.650000095367432,16.149999618530273,14.449999809265137,49.64100646972656,32.411231994628906,123.77105712890625,83.6166000366211,81.98278045654297,73.3598861694336,26.99984359741211
2023-06-08,18634.55078125,1141.081787109375,2976.4658203125,1192.30419921875,782.9312744140625,915.2409057617188,2274.708984375,390.5218811035156,567.400634765625,820.7045288085938,2536.49267578125,7.349999904632568,16.75,13.350000381469727,49.26171112060547,31.98036003112793,123.67298889160156,83.71591186523438,81.30563354492188,71.9644546508789,26.950754165649414
2023-06-09,18563.400390625,1133.001708984375,2951.496826171875,1176.6427001953125,783.8560180664062,915.3872680664062,2296.7724609375,386.59814453125,557.9520263671875,818.2503051757812,2495.13134765625,7.300000190734863,16.600000381469727,14.0,48.692752838134766,31.740989685058594,122.69223022460938,85.20552062988281,80.19319152832031,71.46607971191406,26.558027267456055
2023-06-12,18601.5,1134.006103515625,2986.076171875,1200.8084716796875,779.0865478515625,913.3380737304688,2274.36865234375,385.2755432128906,557.9038696289062,821.0481567382812,2501.993408203125,7.5,16.399999618530273,15.300000190734863,48.88240432739258,31.645235061645508,122.79031372070312,85.20552062988281,80.82196807861328,72.5625,26.410757064819336
2023-06-13,18716.150390625,1150.759521484375,2983.13330078125,1212.7984619140625,780.4005737304688,920.75439453125,2288.413330078125,392.7261962890625,555.7344970703125,819.084716796875,2532.706787109375,7.699999809265137,16.399999618530273,15.100000381469727,49.30912399291992,31.597360610961914,122.15282440185547,84.51036071777344,81.35400390625,74.55597686767578,26.31257438659668
2023-06-14,18755.900390625,1164.9107666015625,2989.893310546875,1208.66259765625,779.5488891601562,917.0950317382812,2289.04541015625,391.9327087402344,555.8790893554688,812.8018188476562,2554.334228515625,7.900000095367432,16.200000762939453,14.399999618530273,49.11947250366211,31.645235061645508,122.00570678710938,83.2690200805664,81.98278045654297,76.4996109008789,26.116214752197266
2023-06-15,18688.099609375,1165.23046875,2979.932861328125,1196.02197265625,769.961181640625,904.2138671875,2295.1201171875,395.10693359375,546.189453125,814.5198364257812,2545.768310546875,7.800000190734863,16.100000381469727,14.449999809265137,47.79191970825195,31.453733444213867,119.70093536376953,83.96417236328125,82.0311508178711,78.74227142333984,25.723487854003906
2023-06-16,18826.0,1176.574462890625,2941.57568359375,1200.52978515625,780.0355224609375,911.6303100585938,2300.466064453125,399.515625,550.7691040039062,822.4715576171875,2570.329833984375,7.800000190734863,16.299999237060547,14.75,48.88240432739258,31.54948616027832,121.36821746826172,86.14893341064453,82.36972045898438,81.43345642089844,25.870759963989258
2023-06-19,18755.44921875,1164.8880615234375,2974.466552734375,1202.7138671875,780.7169799804688,900.8472900390625,2300.028564453125,399.95648193359375,548.4551391601562,812.9981689453125,2560.40576171875,7.599999904632568,16.25,14.550000190734863,49.26171112060547,31.597360610961914,120.73072814941406,86.7447738647461,83.0952377319336,81.0347671508789,26.21439552307129
2023-06-20,18816.69921875,1167.3074951171875,2990.49462890625,1211.4508056640625,782.3473510742188,903.1892700195312,2315.240234375,399.2951965332031,547.0571899414062,815.992431640625,2553.58349609375,7.400000095367432,16.25,14.25,49.214298248291016,31.69310760498047,121.02495574951172,87.34061431884766,83.19196319580078,82.52987670898438,27.34347915649414
2023-06-21,18856.849609375,1170.59423828125,3018.75341796875,1207.6866455078125,796.0231323242188,902.3597412109375,2327.34130859375,394.1810607910156,546.0447387695312,823.649658203125,2554.060546875,7.75,16.200000762939453,14.0,50.11513137817383,31.645235061645508,121.07398223876953,86.29789733886719,83.04686737060547,81.93183135986328,26.950754165649414
2023-06-22,18771.25,1157.4471435546875,3000.501708984375,1191.142333984375,799.9166870117188,903.3844604492188,2348.5302734375,394.7101745605469,542.7667236328125,827.380126953125,2532.828857421875,7.449999809265137,16.0,13.600000381469727,48.360870361328125,31.405858993530273,121.4172592163086,85.15585327148438,82.36972045898438,77.34683990478516,26.50893783569336
2023-06-23,18665.5,1147.9749755859375,2979.9794921875,1175.759765625,799.8680419921875,901.1887817382812,2322.578369140625,392.1531066894531,534.716064453125,839.1605834960938,2520.6630859375,7.449999809265137,16.0,13.850000381469727,48.50494384765625,30.879240036010742,119.79901885986328,84.0634765625,81.64420318603516,77.49634552001953,26.067121505737305
2023-06-26,18691.19921875,1139.2100830078125,2955.24169921875,1180.7322998046875,795.9989013671875,905.0433959960938,2310.914794921875,392.9907531738281,537.0781860351562,836.3627319335938,2530.681884765625,7.650000095367432,16.100000381469727,14.0,48.312843322753906,30.97498893737793,118.96537017822266,83.21937561035156,81.69256591796875,77.49634552001953,26.116214752197266
2023-06-27,18817.400390625,1139.62109375,2962.375244140625,1188.91162109375,807.2169799804688,913.484375,2321.12060546875,392.4617004394531,545.8037719726562,849.0758056640625,2529.966552734375,7.5,16.049999237060547,14.100000381469727,48.84111404418945,31.31011390686035,120.68170166015625,83.76555633544922,82.22461700439453,77.99472045898438,26.31257438659668
2023-06-28,18972.099609375,1154.708251953125,2979.145263671875,1202.10986328125,815.7583618164062,914.8017578125,2353.58447265625,396.2091369628906,549.37109375,856.2422485351562,2539.4130859375,7.449999809265137,16.200000762939453,14.75,48.40889358520508,31.262239456176758,119.79901885986328,84.4607162475586,82.41808319091797,79.43998718261719,26.21439552307129
2023-06-30,19189.05078125,1164.1805419921875,3059.56640625,1241.2862548828125,828.0470581054688,912.0206298828125,2406.168212890625,398.1929931640625,552.3117065429688,862.6724243164062,2555.539794921875,7.449999809265137,16.25,15.300000190734863,49.6095085144043,31.31011390686035,123.7220230102539,87.0427017211914,82.70829010009766,79.1409683227539,26.901662826538086
2023-07-03,19322.55078125,1194.058349609375,3031.817626953125,1239.61328125,837.0021362304688,919.7785034179688,2385.270751953125,408.46527099609375,564.4600219726562,863.0650634765625,2577.390869140625,7.550000190734863,16.350000381469727,16.799999237060547,51.72259521484375,31.357988357543945,125.09508514404297,87.68820190429688,84.64299011230469,81.6826400756836,27.588932037353516
2023-07-04,19389.0,1181.755615234375,3065.681396484375,1250.255615234375,841.0902099609375,921.8765869140625,2392.852294921875,411.1986389160156,568.123779296875,849.3212890625,2576.38916015625,7.449999809265137,16.799999237060547,18.299999237060547,54.79617691040039,31.69310760498047,129.4594268798828,86.29789733886719,84.40115356445312,78.39341735839844,27.88347625732422
2023-07-05,19398.5,1179.8155517578125,3075.96533203125,1252.25390625,814.3712768554688,934.8552856445312,2401.55126953125,418.9138488769531,569.4253540039062,850.7938232421875,2629.6826171875,7.400000095367432,17.149999618530273,17.399999618530273,56.284942626953125,32.028236389160156,130.73440551757812,92.30596923828125,85.17503356933594,80.0878677368164,28.227109909057617
2023-07-06,19497.30078125,1204.5804443359375,3078.69873046875,1249.09375,815.1986083984375,936.2214965820312,2418.852294921875,417.8558044433594,571.2572631835938,853.7388916015625,2630.875,7.5,17.799999237060547,17.649999618530273,56.66913986206055,31.932485580444336,132.7939910888672,92.4549331665039,84.93319702148438,80.23737335205078,28.32529067993164
2023-07-07,19331.80078125,1202.2294921875,3084.58203125,1236.3602294921875,808.093017578125,923.5355224609375,2380.70263671875,413.0062255859375,572.3178100585938,854.5242309570312,2574.576171875,7.449999809265137,17.450000762939453,17.850000381469727,58.013832092285156,31.69310760498047,132.54879760742188,90.96532440185547,83.9658432006836,79.43998718261719,28.276199340820312
2023-07-10,19355.900390625,1248.541015625,3031.492919921875,1235.3843994140625,806.1705322265625,925.4872436523438,2370.399658203125,410.7578125,571.3536376953125,869.2007446289062,2534.9287109375,7.400000095367432,17.049999237060547,17.350000381469727,58.205928802490234,31.54948616027832,131.32286071777344,90.56809997558594,87.10973358154297,78.991455078125,28.030746459960938
2023-07-11,19439.400390625,1262.0760498046875,3031.909912109375,1253.462158203125,802.2527465820312,922.12060546875,2405.1962890625,417.1944885253906,567.4488525390625,875.5818481445312,2561.598876953125,7.349999904632568,17.200000762939453,17.950000762939453,58.06185531616211,31.501617431640625,132.40170288085938,93.29903411865234,87.06136322021484,82.52987670898438,27.78529167175293
2023-07-12,19384.30078125,1263.468505859375,3020.328369140625,1239.2415771484375,794.7334594726562,921.5838623046875,2386.1455078125,416.44500732421875,568.123779296875,873.6675415039062,2551.245361328125,7.349999904632568,17.299999237060547,18.0,58.974327087402344,31.54948616027832,131.66610717773438,93.6466293334961,86.67442321777344,82.82889556884766,28.32529067993164
2023-07-13,19413.75,1252.170166015625,3095.052001953125,1268.798095703125,798.6998901367188,932.61083984375,2381.480224609375,416.18048095703125,564.65283203125,868.857177734375,2533.1630859375,7.25,17.149999618530273,17.549999237060547,56.76518630981445,31.166488647460938,124.31047821044922,91.16394805908203,86.91625213623047,81.08460235595703,27.392568588256836
2023-07-14,19564.5,1251.120361328125,3256.357177734375,1325.35546875,800.3546752929688,936.8557739257812,2402.960693359375,416.9740295410156,563.4476928710938,870.2805786132812,2554.346435546875,7.349999904632568,17.350000381469727,17.700000762939453,58.301979064941406,31.166488647460938,126.81140899658203,91.46186065673828,88.27054595947266,82.23085021972656,27.29438591003418
2023-07-17,19711.44921875,1276.68408203125,3235.093505859375,1322.567138671875,817.0966796875,945.2968139648438,2399.607421875,416.48907470703125,579.5488891601562,862.0343017578125,2558.927001953125,7.599999904632568,17.700000762939453,18.200000762939453,59.88679122924805,31.11861228942871,130.04788208007812,92.35562896728516,88.60911560058594,81.43345642089844,27.88347625732422
2023-07-18,19749.25,1287.52587890625,3239.86474609375,1371.131103515625,816.4153442382812,951.8837280273438,2405.341796875,416.621337890625,571.1126098632812,859.4328002929688,2559.9765625,7.650000095367432,17.5,17.899999618530273,59.16642379760742,31.2143611907959,132.30361938476562,94.19280242919922,87.35157012939453,80.83541870117188,27.539840698242188
2023-07-19,19833.150390625,1297.294921875,3215.03466796875,1370.8988037109375,820.1141357421875,949.9320678710938,2424.246826171875,422.22039794921875,579.8864135742188,854.8187255859375,2549.289306640625,7.699999809265137,17.450000762939453,17.850000381469727,61.615684509277344,31.453733444213867,133.13726806640625,94.2921142578125,87.83524322509766,81.53314208984375,27.932565689086914
2023-07-20,19979.150390625,1295.723876953125,3217.125,1347.2440185546875,821.8905639648438,971.5469360351562,2419.921630859375,433.947509765625,588.1780395507812,868.6607666015625,2579.490478515625,7.550000190734863,17.700000762939453,18.700000762939453,61.32753372192383,31.836734771728516,134.21609497070312,95.0865707397461,86.9646224975586,81.13444519042969,28.32529067993164
2023-07-21,19745.0,1255.6134033203125,3128.87744140625,1237.6614990234375,815.5635986328125,972.9130859375,2513.765380859375,432.4485778808594,593.0469360351562,869.7897338867188,2484.7841796875,7.849999904632568,18.049999237060547,19.600000381469727,60.126914978027344,33.4644775390625,131.5680389404297,93.8452377319336,87.20646667480469,82.5797119140625,28.472562789916992
2023-07-24,19672.349609375,1230.216796875,3153.447265625,1242.3087158203125,816.8533935546875,968.0338134765625,2532.233154296875,415.6073303222656,595.5055541992188,871.9005126953125,2462.121826171875,7.900000095367432,17.399999618530273,20.0,59.646671295166016,33.60810089111328,131.3719024658203,97.37063598632812,86.9646224975586,83.42693328857422,28.0798397064209
2023-07-25,19680.599609375,1229.425537109375,3157.534423828125,1240.44970703125,825.7109985351562,970.6686401367188,2489.1259765625,407.62762451171875,587.744140625,867.4827880859375,2450.575439453125,7.900000095367432,17.049999237060547,19.0,58.301979064941406,32.9857292175293,130.04788208007812,97.07271575927734,89.23789978027344,82.77906036376953,28.12892723083496
2023-07-26,19778.30078125,1249.406494140625,3147.4560546875,1253.6944580078125,822.8395385742188,972.3764038085938,2572.084228515625,416.4009094238281,593.09521484375,873.1275634765625,2465.031982421875,8.75,17.0,18.049999237060547,60.655189514160156,33.751731872558594,131.32286071777344,100.4988021850586,89.18952941894531,84.37384033203125,28.521652221679688
2023-07-27,19659.900390625,1237.7838134765625,3155.444580078125,1257.6912841796875,814.2982177734375,966.3261108398438,2585.64306640625,410.0523986816406,594.4449462890625,878.7723388671875,2452.197998046875,8.5,16.950000762939453,17.850000381469727,59.934818267822266,33.36872863769531,131.32286071777344,102.78286743164062,89.47972106933594,82.28069305419922,28.718017578125
2023-07-28,19646.05078125,1250.2225341796875,3116.894287109375,1245.9337158203125,799.8680419921875,972.1324462890625,2575.29150390625,413.05029296875,593.962890625,878.7232666015625,2466.2724609375,8.350000381469727,16.950000762939453,18.049999237060547,59.50259780883789,33.56023025512695,132.84303283691406,102.3856430053711,89.67320251464844,83.67611694335938,28.227109909057617
2023-07-31,19753.80078125,1260.8065185546875,3178.249267578125,1260.061279296875,803.6154174804688,974.1817016601562,2606.2001953125,410.6255187988281,597.9641723632812,873.618408203125,2443.562255859375,8.300000190734863,16.950000762939453,18.950000762939453,59.40654754638672,36.57633972167969,133.0391845703125,103.32906341552734,91.51116180419922,86.91551208496094,27.736204147338867
2023-08-01,19733.55078125,1242.976806640625,3206.674560546875,1268.89111328125,808.9933471679688,970.522216796875,2591.912109375,409.83197021484375,589.9134521484375,875.3363647460938,2434.306396484375,8.25,17.100000381469727,19.299999237060547,58.926300048828125,38.77858352661133,132.49977111816406,103.97454833984375,92.478515625,88.2112808227539,27.736204147338867
2023-08-02,19526.55078125,1229.697509765625,3196.0849609375,1261.130126953125,798.4080200195312,963.1058959960938,2577.658203125,405.6877746582031,576.993896484375,862.0343017578125,2451.338623046875,7.900000095367432,17.0,18.5,57.14938735961914,38.0125846862793,130.1949920654297,99.85331726074219,89.9150390625,86.81584167480469,27.441659927368164
2023-08-03,19381.650390625,1224.529052734375,3158.27783203125,1268.0546875,792.6407470703125,941.6861572265625,2554.016357421875,402.11676025390625,569.3289794921875,855.7514038085938,2434.496826171875,7.849999904632568,17.0,17.950000762939453,57.10136032104492,42.80006408691406,129.60655212402344,100.05193328857422,89.86666870117188,86.66632843017578,27.19620704650879
2023-08-04,19517.0,1241.1717529296875,3198.778564453125,1281.1136474609375,804.1021728515625,947.0532836914062,2582.32763671875,401.1468505859375,552.74560546875,873.373046875,2429.439453125,8.25,16.950000762939453,18.399999618530273,57.581607818603516,43.13518524169922,132.00938415527344,98.26439666748047,90.93075561523438,87.16470336914062,27.14711570739746
2023-08-07,19597.30078125,1248.2442626953125,3236.399658203125,1294.72998046875,803.6398315429688,952.078857421875,2591.1748046875,401.1027526855469,547.539306640625,875.0909423828125,2451.577392578125,8.350000381469727,16.899999618530273,18.649999618530273,58.013832092285156,47.63541793823242,131.469970703125,95.93067932128906,90.9791259765625,87.36405181884766,26.656208038330078
2023-08-08,19570.849609375,1240.7265625,3223.90576171875,1292.12744140625,802.9828491210938,956.2261962890625,2587.53759765625,398.8543395996094,552.552734375,869.2007446289062,2448.380859375,8.300000190734863,16.850000381469727,18.600000381469727,59.694698333740234,48.16203689575195,132.84303283691406,98.16509246826172,89.57646942138672,87.16470336914062,27.245298385620117
2023-08-09,19632.55078125,1248.911865234375,3216.3818359375,1296.03125,803.2747802734375,957.0133056640625,2606.608642578125,404.40924072265625,553.1795043945312,867.5317993164062,2435.355712890625,8.199999809265137,16.950000762939453,19.5,59.11840057373047,46.869422912597656,132.00938415527344,100.5484619140625,89.9150390625,87.86241912841797,27.19620704650879
2023-08-10,19543.099609375,1254.475830078125,3197.431640625,1291.1051025390625,796.1448364257812,948.552001953125,2598.64599609375,398.3252868652344,553.0831298828125,858.794677734375,2420.565185546875,8.050000190734863,16.950000762939453,20.450000762939453,58.83025360107422,47.348167419433594,131.61709594726562,99.15816497802734,89.86666870117188,87.2643814086914,27.19620704650879
2023-08-11,19428.30078125,1259.767822265625,3203.6552734375,1275.0718994140625,787.8468627929688,937.4833984375,2593.73095703125,395.6800842285156,553.565185546875,858.548095703125,2387.262939453125,8.100000381469727,17.049999237060547,20.200000762939453,60.07889175415039,46.82154846191406,131.61709594726562,102.74760437011719,88.12544250488281,87.86241912841797,28.521652221679688
2023-08-14,19434.55078125,1274.65478515625,3204.630615234375,1295.2410888671875,784.0021362304688,944.0753173828125,2614.767578125,396.07684326171875,540.6937866210938,855.0963745117188,2417.13037109375,8.050000190734863,16.950000762939453,20.049999237060547,59.88679122924805,48.688663482666016,131.41946411132812,101.50126647949219,84.25605010986328,87.86241912841797,28.816198348999023
2023-08-16,19465.0,1273.6160888671875,3212.572998046875,1318.43115234375,781.714599609375,941.0745849609375,2645.38916015625,397.0026550292969,545.0806274414062,845.1356201171875,2435.737548828125,7.800000190734863,16.850000381469727,20.25,59.262474060058594,49.07166290283203,130.62896728515625,99.55699157714844,82.12788391113281,88.061767578125,29.84710121154785
2023-08-17,19365.25,1255.2425537109375,3191.533447265625,1311.971435546875,777.3831176757812,936.3027954101562,2607.493408203125,388.8465881347656,551.6368408203125,844.8890991210938,2426.8154296875,7.75,17.0,19.700000762939453,60.75123977661133,45.62467575073242,133.00045776367188,99.60684204101562,82.12788391113281,88.26111602783203,29.896190643310547
2023-08-18,19310.150390625,1264.5406494140625,3127.7626953125,1290.8262939453125,774.1953125,935.3189086914062,2597.1220703125,389.4197082519531,552.408203125,844.4452514648438,2437.788818359375,7.599999904632568,16.899999618530273,19.799999237060547,60.31901550292969,45.24167251586914,132.55580139160156,97.71241760253906,81.59583282470703,88.65980529785156,30.632551193237305
2023-08-21,19393.599609375,1250.74267578125,3159.857177734375,1306.255126953125,773.5869750976562,939.7955322265625,2617.077880859375,394.84246826171875,551.2030029296875,859.9287719726562,2445.4228515625,7.550000190734863,16.950000762939453,19.899999618530273,59.88679122924805,45.720428466796875,132.6546173095703,100.65376281738281,83.24034118652344,89.40735626220703,30.779823303222656
2023-08-22,19396.44921875,1250.44482421875,3141.742919921875,1304.7216796875,770.2774658203125,936.6471557617188,2633.34716796875,400.52960205078125,548.11767578125,865.5502319335938,2448.333251953125,7.699999809265137,16.950000762939453,20.850000381469727,59.98284149169922,45.8161735534668,134.4332275390625,110.72412872314453,82.9017562866211,91.65001678466797,30.436187744140625
2023-08-23,19444.0,1251.8345947265625,3156.69873046875,1308.625244140625,772.1755981445312,951.2576293945312,2671.48876953125,397.17901611328125,556.2166137695312,856.1812744140625,2456.20556640625,7.800000190734863,17.0,21.850000381469727,60.847286224365234,45.720428466796875,140.01608276367188,109.17867279052734,83.24034118652344,91.94904327392578,32.59617614746094
2023-08-24,19386.69921875,1230.7904052734375,3146.945068359375,1323.171142578125,768.6227416992188,953.3237915039062,2642.538330078125,397.57586669921875,556.2647705078125,857.4632568359375,2463.07568359375,7.949999809265137,16.950000762939453,21.5,60.36703872680664,46.5342903137207,139.02796936035156,107.3341064453125,83.72401428222656,91.15164947509766,32.3016357421875
2023-08-25,19265.80078125,1225.1075439453125,3140.953369140625,1319.918212890625,759.9597778320312,954.7504272460938,2593.632568359375,390.918701171875,549.5157470703125,861.4574584960938,2446.186279296875,8.699999809265137,16.850000381469727,22.399999618530273,59.070377349853516,46.34280014038086,139.02796936035156,104.94114685058594,82.85338592529297,90.80279541015625,31.712543487548828
2023-08-28,19306.05078125,1212.897705078125,3135.612548828125,1315.7821044921875,767.868408203125,954.89794921875,2649.6162109375,389.19927978515625,552.3117065429688,858.350830078125,2438.6953125,9.0,16.799999237060547,23.5,60.03086853027344,46.63004684448242,142.18992614746094,109.22853088378906,84.1109390258789,90.75296020507812,31.859817504882812
2023-08-29,19342.650390625,1201.2838134765625,3136.169677734375,1317.64111328125,773.9763793945312,952.1431274414062,2672.815673828125,388.0530090332031,554.2400512695312,843.4097900390625,2410.498291015625,8.899999618530273,16.850000381469727,24.649999618530273,60.46308898925781,47.39604187011719,142.7333984375,114.31356811523438,85.56197357177734,90.00540924072266,31.3198184967041
2023-08-30,19347.44921875,1200.142333984375,3149.91748046875,1333.9066162109375,768.3307495117188,943.4359130859375,2663.03466796875,390.4337463378906,547.0571899414062,845.924560546875,2416.03271484375,9.050000190734863,16.799999237060547,25.850000381469727,60.943336486816406,47.68328857421875,141.69586181640625,118.35166931152344,88.41565704345703,91.94904327392578,30.976184844970703
2023-08-31,19253.80078125,1194.6578369140625,3118.195068359375,1334.1854248046875,764.80224609375,943.2882690429688,2656.841552734375,387.7003479003906,541.2240600585938,844.59326171875,2390.364501953125,9.050000190734863,16.799999237060547,24.549999237060547,60.51111602783203,48.06629180908203,142.23934936523438,120.89419555664062,87.7385025024414,93.04545593261719,30.583459854125977
2023-09-01,19435.30078125,1197.4619140625,3139.002685546875,1341.9927978515625,766.3839721679688,953.077880859375,2656.251953125,388.89068603515625,549.1300659179688,854.0115356445312,2390.125732421875,10.0,17.350000381469727,25.0,62.81630325317383,53.380393981933594,142.0911407470703,135.75047302246094,93.78443145751953,93.09529113769531,30.632551193237305
2023-09-04,19528.80078125,1196.494140625,3175.50927734375,1361.74365234375,771.1779174804688,951.7495727539062,2665.09912109375,385.760498046875,554.9149169921875,853.3704833984375,2386.88134765625,10.0,18.600000381469727,24.100000381469727,64.73729705810547,63.86497116088867,141.3500518798828,138.3428497314453,99.39505767822266,98.12881469726562,32.3016357421875
2023-09-05,19574.900390625,1202.89697265625,3185.587890625,1374.5701904296875,766.4814453125,952.7826538085938,2686.578125,390.6982421875,552.4563598632812,853.9622192382812,2392.272705078125,9.899999618530273,18.149999618530273,23.600000381469727,64.68926239013672,69.17908477783203,142.9804229736328,137.99386596679688,98.42770385742188,98.8763656616211,33.774349212646484
2023-09-06,19611.05078125,1205.4281005859375,3186.098876953125,1373.2222900390625,776.507080078125,942.0584716796875,2684.12060546875,394.5337829589844,550.0460205078125,868.1636352539062,2407.9697265625,10.649999618530273,18.0,23.799999237060547,63.10444641113281,65.82783508300781,142.0911407470703,135.15223693847656,96.05770111083984,97.33142852783203,33.18526077270508
2023-09-07,19727.05078125,1207.06591796875,3209.64697265625,1362.765869140625,783.9777221679688,950.0770263671875,2798.10302734375,393.1671142578125,558.2894897460938,863.2326049804688,2392.654541015625,10.5,18.549999237060547,24.100000381469727,63.968894958496094,70.04081726074219,143.27685546875,137.29591369628906,96.2995376586914,95.48746490478516,33.774349212646484
2023-09-08,19819.94921875,1215.1064453125,3197.245849609375,1365.9261474609375,790.0856323242188,954.89794921875,2852.36669921875,390.30145263671875,562.53173828125,873.6371459960938,2398.714111328125,10.5,18.350000381469727,24.049999237060547,64.20901489257812,73.82292938232422,145.7471466064453,144.8736114501953,95.67076110839844,95.03892517089844,34.46161651611328
2023-09-11,19996.349609375,1228.20947265625,3233.24169921875,1372.292724609375,794.173828125,962.4737548828125,2845.092041015625,394.3133544921875,570.4859008789062,878.5189208984375,2420.1357421875,11.300000190734863,18.399999618530273,24.0,66.41815948486328,81.14777374267578,147.13050842285156,139.4396209716797,96.68647003173828,96.23501586914062,35.983428955078125
2023-09-12,19993.19921875,1210.4658203125,3326.272705078125,1395.2041015625,796.6559448242188,974.5262451171875,2894.145751953125,397.7962341308594,567.2560424804688,878.1244506835938,2384.448486328125,10.5,17.549999237060547,22.799999237060547,64.20901489257812,79.2806625366211,140.9053955078125,125.28128814697266,90.68891143798828,93.14512634277344,33.03799057006836
2023-09-13,20070.0,1216.52099609375,3314.24365234375,1392.64794921875,800.0626831054688,973.8374633789062,2857.42919921875,399.8683166503906,575.065673828125,902.533203125,2391.795654296875,11.0,17.700000762939453,22.149999618530273,69.68383026123047,75.54642486572266,143.42506408691406,128.4220428466797,92.8654556274414,92.79627227783203,34.9034309387207
2023-09-14,20103.099609375,1217.6376953125,3306.997314453125,1400.641357421875,799.5759887695312,971.7714233398438,2869.078369140625,396.7381591796875,575.8851318359375,902.3359985351562,2386.308837890625,10.899999618530273,17.5,23.25,70.78839874267578,77.79653930664062,145.7471466064453,129.518798828125,95.42892456054688,93.34447479248047,36.474334716796875
2023-09-15,20192.349609375,1219.89599609375,3342.52880859375,1404.9632568359375,808.7500610351562,976.44482421875,2859.19873046875,395.327392578125,577.3313598632812,923.2437133789062,2356.6328125,11.699999809265137,18.299999237060547,24.200000762939453,71.22062683105469,76.63755798339844,146.4882354736328,127.22555541992188,93.20402526855469,94.24154663085938,39.665225982666016
2023-09-18,20133.30078125,1209.274658203125,3349.821044921875,1386.5601806640625,792.83544921875,974.2310791015625,2870.30712890625,398.58978271484375,582.2967529296875,907.5136108398438,2374.71484375,10.899999618530273,18.549999237060547,24.75,73.86198425292969,73.9815673828125,144.36380004882812,126.07893371582031,93.73606872558594,92.84610748291016,45.65428161621094
2023-09-20,19901.400390625,1182.3240966796875,3349.728515625,1385.1195068359375,761.0304565429688,971.2302856445312,2840.96337890625,399.38336181640625,579.5488891601562,898.1445922851562,2353.913330078125,11.0,18.0,25.850000381469727,73.42975616455078,74.56104278564453,144.759033203125,123.23729705810547,92.71508026123047,93.29463958740234,43.05247497558594
2023-09-21,19742.349609375,1173.7127685546875,3330.453125,1395.80810546875,755.9932861328125,943.8294067382812,2850.15478515625,394.577880859375,567.063232421875,905.2946166992188,2360.115234375,10.850000381469727,17.700000762939453,25.5,72.03704071044922,71.90504455566406,144.06736755371094,123.88539123535156,91.74271392822266,93.09529113769531,40.84339904785156
2023-09-22,19674.25,1168.823974609375,3347.498779296875,1390.6031494140625,744.4588623046875,934.9745483398438,2868.97998046875,390.6982421875,576.7047119140625,898.8349609375,2368.799072265625,11.300000190734863,17.649999618530273,25.049999237060547,74.43827819824219,72.5328369140625,144.215576171875,124.03495025634766,90.6244888305664,93.29463958740234,42.26702880859375
2023-09-25,19674.55078125,1161.6273193359375,3322.88232421875,1370.1552734375,745.1158447265625,940.9269409179688,2853.25146484375,390.2573547363281,572.7516479492188,897.8487548828125,2362.50146484375,11.300000190734863,17.450000762939453,25.5,77.03160858154297,74.17472839355469,145.35191345214844,124.88246154785156,90.52725219726562,93.99235534667969,41.62885284423828
2023-09-26,19664.69921875,1162.644775390625,3330.824462890625,1357.6075439453125,748.3523559570312,933.400390625,2863.130859375,390.1250915527344,573.0891723632812,900.1170043945312,2365.459228515625,12.100000381469727,17.350000381469727,26.0,76.2151870727539,73.35377502441406,146.09300231933594,123.98509979248047,90.91620635986328,95.23828125,41.38339614868164
2023-09-27,19716.44921875,1175.747802734375,3334.16845703125,1363.509765625,743.0961303710938,927.890625,2914.740234375,396.0327453613281,568.6058349609375,907.5629272460938,2387.21533203125,12.0,17.350000381469727,25.649999618530273,78.28025817871094,72.82257843017578,148.76092529296875,126.52761840820312,90.3327865600586,97.23175811767578,42.26702880859375
2023-09-28,19523.55078125,1158.4757080078125,3285.354248046875,1337.903076171875,741.5630493164062,927.3987426757812,2958.927490234375,388.6261901855469,568.7987060546875,912.8884887695312,2347.7109375,11.649999618530273,17.25,25.649999618530273,76.50334167480469,72.2913818359375,144.26498413085938,126.27835083007812,89.26318359375,94.24154663085938,42.21793746948242
2023-09-29,19638.30078125,1163.8856201171875,3277.783447265625,1334.1854248046875,742.8284301757812,936.5487670898438,2972.24755859375,391.8444519042969,577.09033203125,913.6281127929688,2352.720458984375,11.649999618530273,17.25,25.799999237060547,77.03160858154297,73.93327331542969,145.4507293701172,130.61558532714844,91.25653076171875,95.18843841552734,42.7579345703125
2023-10-03,19528.75,1150.5592041015625,3264.081298828125,1332.837646484375,733.9464721679688,925.1358032226562,3021.104248046875,387.74444580078125,581.3325805664062,912.5432739257812,2355.869140625,12.0,17.200000762939453,26.950000762939453,79.9130859375,73.9815673828125,148.9091339111328,130.76513671875,89.16593933105469,93.84284973144531,43.93611145019531
2023-10-04,19436.099609375,1148.5738525390625,3286.28271484375,1342.4573974609375,744.4102172851562,915.0510864257812,2976.376220703125,384.5260925292969,565.2313232421875,911.5077514648438,2393.0361328125,11.449999809265137,17.200000762939453,28.100000381469727,76.5993881225586,72.48455047607422,145.5001220703125,127.17571258544922,86.78364562988281,91.45067596435547,43.396114349365234
2023-10-05,19545.75,1148.5491943359375,3334.21533203125,1360.2099609375,747.4276123046875,925.6768798828125,3043.517333984375,384.4819641113281,570.9198608398438,916.0443725585938,2404.200439453125,11.199999809265137,17.149999618530273,29.5,74.0540771484375,71.8084716796875,143.7709197998047,127.0261459350586,86.20022583007812,91.65001678466797,42.90520477294922
2023-10-06,19653.5,1150.4847412109375,3363.987060546875,1374.3841552734375,746.6002807617188,929.9568481445312,3041.207275390625,389.860595703125,572.9445190429688,913.282958984375,2384.97314453125,10.949999809265137,17.299999237060547,29.100000381469727,73.71791076660156,72.2913818359375,144.759033203125,128.521728515625,86.39470672607422,91.10182189941406,42.414302825927734
2023-10-09,19512.349609375,1140.6822509765625,3379.73193359375,1371.3634033203125,737.937255859375,923.4632568359375,3022.529541015625,388.3616027832031,564.12255859375,911.8036499023438,2396.328125,10.899999618530273,16.899999618530273,27.649999618530273,70.45222473144531,68.71785736083984,143.2274627685547,126.07893371582031,83.96378326416016,89.7562255859375,39.665225982666016
2023-10-10,19689.849609375,1145.719970703125,3370.953857421875,1389.673583984375,742.1226806640625,935.8600463867188,3023.8076171875,391.8444519042969,570.437744140625,935.2755126953125,2401.003662109375,11.050000190734863,17.049999237060547,26.350000381469727,72.27716827392578,73.06404113769531,146.19180297851562,130.8149871826172,86.3460922241211,89.95556640625,41.33430480957031
2023-10-11,19811.349609375,1163.910400390625,3353.30419921875,1388.9766845703125,749.3013916015625,937.7293701171875,3036.2919921875,395.2392272949219,567.2560424804688,942.425537109375,2439.36328125,11.850000381469727,17.049999237060547,27.649999618530273,73.04556274414062,73.0157470703125,145.2530975341797,130.4660186767578,86.15160369873047,91.25132751464844,40.647037506103516
2023-10-12,19794.0,1166.0693359375,3290.74169921875,1362.1153564453125,754.2898559570312,938.86083984375,3029.4599609375,397.3994445800781,565.0385131835938,937.2479248046875,2439.935791015625,11.899999618530273,17.100000381469727,27.149999618530273,72.75741577148438,72.5328369140625,147.52577209472656,130.2666015625,86.8808822631836,90.50377655029297,40.696128845214844
2023-10-13,19751.05078125,1166.019775390625,3317.030029296875,1330.188720703125,747.4276123046875,935.9583740234375,3037.177001953125,395.327392578125,555.4934692382812,941.0448608398438,2451.815673828125,12.0,17.100000381469727,26.799999237060547,72.22913360595703,73.9815673828125,147.62457275390625,127.9733657836914,86.44332122802734,89.95556640625,40.205223083496094
2023-10-16,19731.75,1163.4140625,3273.556884765625,1332.97705078125,744.4345092773438,936.0568237304688,3049.267822265625,395.8564147949219,555.0113525390625,933.5003051757812,2441.17626953125,11.800000190734863,17.049999237060547,28.100000381469727,72.27716827392578,73.69182586669922,146.78468322753906,130.76513671875,86.73502349853516,90.65328216552734,40.15613555908203
2023-10-17,19811.5,1168.972900390625,3257.76513671875,1340.6915283203125,750.0800170898438,938.5164794921875,3014.272216796875,399.82421875,555.78271484375,940.5025024414062,2439.12451171875,11.899999618530273,17.100000381469727,29.5,72.80543518066406,76.44438934326172,146.63644409179688,132.0613250732422,87.02674865722656,91.30116271972656,40.40158462524414
2023-10-18,19671.099609375,1153.4627685546875,3239.372314453125,1338.925537109375,739.6406860351562,928.5302124023438,2993.92333984375,398.2370910644531,552.1189575195312,939.7135009765625,2431.58642578125,11.699999809265137,17.049999237060547,30.950000762939453,71.26864624023438,74.85079956054688,144.80845642089844,128.82086181640625,85.32510375976562,90.65328216552734,39.12522506713867
2023-10-19,19624.69921875,1144.603271484375,3218.32421875,1332.5123291015625,737.3045043945312,920.6591796875,3002.573974609375,397.13494873046875,550.720947265625,929.949951171875,2431.443603515625,12.0,17.049999237060547,31.600000381469727,71.07655334472656,74.94738006591797,145.10488891601562,128.82086181640625,86.05438232421875,90.50377655029297,38.87977600097656
2023-10-20,19542.650390625,1141.104248046875,3254.552734375,1326.563720703125,741.1250610351562,917.7075805664062,2961.23779296875,386.4659118652344,542.9113159179688,932.1689453125,2380.917724609375,11.75,17.299999237060547,32.5,69.39568328857422,74.41618347167969,144.1167755126953,124.83259582519531,84.49859619140625,88.60997772216797,37.701602935791016
2023-10-23,19281.75,1123.2860107421875,3175.94921875,1309.276123046875,732.9730834960938,914.9527587890625,2908.1044921875,384.3497009277344,533.125244140625,926.3502807617188,2369.801025390625,10.949999809265137,16.350000381469727,31.799999237060547,66.89840698242188,69.73196411132812,141.69586181640625,117.40446472167969,81.04669189453125,86.16796112060547,35.09980010986328
2023-10-25,19122.150390625,1120.680419921875,3157.2763671875,1289.88134765625,728.3251953125,901.3260498046875,2866.62060546875,381.5281677246094,536.2587280273438,909.8804931640625,2363.884765625,10.850000381469727,16.0,31.899999618530273,66.75432586669922,67.89691925048828,140.164306640625,115.95872497558594,81.82459259033203,86.86568450927734,35.983428955078125
2023-10-26,18857.25,1105.07080078125,3107.590087890625,1279.901611328125,712.2158813476562,893.9962768554688,2815.99462890625,382.9830627441406,527.3885498046875,893.0162353515625,2363.026123046875,10.75,15.899999618530273,31.399999618530273,67.09049987792969,67.80032348632812,136.5082550048828,117.5041732788086,80.94945526123047,84.67285919189453,35.83615493774414
2023-10-27,19047.25,1124.5765380859375,3120.815185546875,1299.57861328125,715.0143432617188,898.0301513671875,2852.66162109375,382.4539489746094,541.0313110351562,901.9907836914062,2368.41748046875,10.899999618530273,15.949999809265137,32.099998474121094,70.2601318359375,69.49051666259766,137.89163208007812,117.30476379394531,81.63011169433594,85.76927185058594,37.5052375793457
2023-10-30,19140.900390625,1147.7550048828125,3146.519775390625,1296.4718017578125,722.7770385742188,909.9841918945312,2876.697021484375,379.54425048828125,544.93603515625,913.480224609375,2365.411376953125,11.649999618530273,15.949999809265137,31.549999237060547,70.2601318359375,70.26316833496094,139.22557067871094,120.3458023071289,81.53287506103516,82.9285659790039,36.32706069946289
2023-10-31,19079.599609375,1135.5452880859375,3137.392822265625,1288.327880859375,718.5914916992188,900.588134765625,2879.350830078125,377.7366943359375,545.2734985351562,901.7935791015625,2370.278076171875,11.850000381469727,15.949999809265137,30.600000381469727,70.11605834960938,70.1182861328125,138.97854614257812,120.49536895751953,81.53287506103516,82.4301986694336,36.42524337768555
2023-11-01,18989.150390625,1140.2603759765625,3101.908935546875,1274.9117431640625,717.6181030273438,899.30908203125,2846.173583984375,377.47216796875,546.093017578125,900.8566284179688,2359.06591796875,12.800000190734863,16.0,31.299999237060547,70.02001190185547,70.45632934570312,138.83033752441406,121.19332122802734,80.609130859375,80.83541870117188,36.76887893676758
2023-11-02,19133.25,1151.57666015625,3129.3369140625,1289.975341796875,718.7131958007812,905.114013671875,2868.5869140625,380.1614990234375,551.588623046875,911.11328125,2390.353515625,13.75,16.049999237060547,32.650001525878906,71.3166732788086,70.55291748046875,139.76905822753906,127.67424011230469,82.69971466064453,82.03150939941406,37.16160202026367
2023-11-03,19230.599609375,1151.3284912109375,3120.768310546875,1307.76953125,722.1199951171875,918.7406616210938,2861.85302734375,382.0130920410156,557.4217529296875,917.9181518554688,2411.93310546875,13.75,16.450000762939453,34.25,71.79692077636719,69.68367004394531,141.79469299316406,128.22262573242188,82.5538558959961,82.52987670898438,36.817970275878906
2023-11-06,19411.75,1160.9075927734375,3148.10302734375,1321.185791015625,727.3518676757812,930.2027587890625,2924.963623046875,383.86474609375,553.7579956054688,926.251708984375,2400.54248046875,13.550000190734863,16.700000762939453,35.95000076293945,71.94099426269531,70.31146240234375,142.3875732421875,129.66836547851562,84.4499740600586,82.48003387451172,36.62160873413086
2023-11-07,19406.69921875,1153.3634033203125,3138.9755859375,1322.127197265625,723.8233032226562,932.8099975585938,2911.0537109375,381.5281677246094,558.96435546875,924.2299194335938,2399.629150390625,13.850000381469727,16.799999237060547,37.349998474121094,73.14161682128906,70.55291748046875,145.54954528808594,128.57159423828125,82.94281768798828,82.87873077392578,37.01433181762695
2023-11-08,19443.5,1159.3690185546875,3149.313720703125,1309.60546875,725.9161376953125,920.6591796875,2945.607177734375,385.2755432128906,559.49462890625,923.8353881835938,2421.64111328125,13.649999618530273,17.950000762939453,37.400001525878906,72.80543518066406,73.0157470703125,145.30252075195312,124.93231201171875,83.57484436035156,83.42693328857422,36.76887893676758
2023-11-09,19395.30078125,1146.787109375,3117.555419921875,1294.3533935546875,723.0447387695312,922.2333374023438,2973.525634765625,383.027099609375,557.6145629882812,919.49609375,2380.645263671875,13.899999618530273,18.350000381469727,37.29999923706055,72.9975357055664,72.0499267578125,145.79656982421875,125.43084716796875,84.74168395996094,84.37384033203125,36.5234260559082
2023-11-10,19425.349609375,1148.9461669921875,3104.516845703125,1288.75146484375,725.891845703125,923.4632568359375,2981.782958984375,384.9228515625,558.7233276367188,922.6026611328125,2390.113525390625,13.699999809265137,18.299999237060547,37.900001525878906,73.23766326904297,72.34281158447266,148.06922912597656,128.6713104248047,85.6654281616211,85.0715560913086,36.32706069946289
2023-11-13,19443.55078125,1148.79736328125,3102.74755859375,1293.176513671875,724.5778198242188,919.3801879882812,2996.77392578125,384.43792724609375,560.5069580078125,922.1095581054688,2382.039306640625,13.949999809265137,19.399999618530273,38.650001525878906,75.97506713867188,71.90348815917969,151.08297729492188,136.0994415283203,85.76266479492188,86.06829071044922,38.87977600097656
2023-11-15,19675.44921875,1169.5684814453125,3170.501220703125,1327.96435546875,732.1699829101562,925.9229125976562,3012.945068359375,389.6842346191406,563.7369384765625,936.9027709960938,2389.968994140625,14.050000190734863,20.350000381469727,40.5,75.83098602294922,71.75704193115234,148.3656463623047,136.99679565429688,85.95714569091797,86.56665802001953,39.07613754272461
2023-11-16,19765.19921875,1171.6778564453125,3257.626708984375,1360.3515625,734.0924072265625,920.9051513671875,2999.379150390625,386.7745361328125,563.688720703125,936.458984375,2394.5830078125,14.399999618530273,20.149999618530273,42.099998474121094,76.45531463623047,71.36652374267578,148.41506958007812,138.2431182861328,85.56819152832031,88.11160278320312,38.63432312011719
2023-11-17,19731.80078125,1169.121826171875,3261.910888671875,1353.4315185546875,732.5106811523438,906.9833374023438,3056.24755859375,387.3035583496094,542.8630981445312,934.2399291992188,2430.724609375,14.550000190734863,20.799999237060547,42.29999923706055,74.82247924804688,75.07642364501953,146.34002685546875,141.43374633789062,86.83226776123047,84.8223648071289,37.94705581665039
2023-11-20,19694.0,1166.0445556640625,3277.8828125,1352.537109375,732.559326171875,906.58984375,3036.390380859375,385.1432800292969,543.5380249023438,948.1456298828125,2409.241455078125,14.149999618530273,20.149999618530273,41.349998474121094,75.30271911621094,74.2953872680664,145.64833068847656,140.53639221191406,87.85325622558594,84.1246566772461,38.04523468017578
2023-11-21,19783.400390625,1180.7109375,3269.128173828125,1354.796630859375,738.7646484375,911.164794921875,3022.677001953125,384.6583557128906,541.3687133789062,957.46533203125,2408.08837890625,13.850000381469727,19.700000762939453,39.29999923706055,74.966552734375,75.02760314941406,144.9566650390625,139.1903533935547,88.14496612548828,84.3239974975586,37.701602935791016
2023-11-22,19811.849609375,1185.3267822265625,3287.708251953125,1372.4967041015625,736.1365966796875,907.8688354492188,3030.000732421875,387.7003479003906,538.9100952148438,956.3804931640625,2424.09228515625,13.5,19.200000762939453,37.349998474121094,73.33370971679688,74.88115692138672,143.7215118408203,140.7357940673828,86.78364562988281,82.9285659790039,37.01433181762695
2023-11-23,19802.0,1188.9500732421875,3267.31201171875,1364.4468994140625,740.3950805664062,908.1148071289062,2993.972412109375,388.2734069824219,539.874267578125,963.1854248046875,2422.169677734375,13.600000381469727,20.149999618530273,39.20000076293945,73.52581024169922,74.68589782714844,145.40130615234375,142.3311004638672,87.3670654296875,83.87547302246094,37.112510681152344
2023-11-24,19794.69921875,1188.1558837890625,3219.6748046875,1353.29052734375,745.6511840820312,914.41162109375,3002.426513671875,386.0250244140625,540.2598876953125,959.733642578125,2417.652099609375,13.350000381469727,19.799999237060547,40.599998474121094,72.94950866699219,74.2953872680664,145.64833068847656,151.80322265625,86.73502349853516,84.02498626708984,36.9161491394043
2023-11-28,19889.69921875,1188.404052734375,3231.82861328125,1358.2801513671875,743.97216796875,910.5745239257812,2998.248779296875,383.7765808105469,544.2129516601562,971.3216552734375,2413.1826171875,13.25,19.75,38.95000076293945,75.44679260253906,73.80724334716797,148.1680450439453,155.59207153320312,88.4366683959961,84.97187805175781,37.06342315673828
2023-11-29,20096.599609375,1191.5308837890625,3272.434326171875,1374.1912841796875,758.8160400390625,924.4470825195312,3031.426025390625,385.4960021972656,548.214111328125,981.6768798828125,2427.1201171875,13.199999809265137,19.850000381469727,39.599998474121094,76.0230941772461,73.51435852050781,148.4644775390625,164.565673828125,88.67975616455078,84.6230239868164,37.40705490112305
2023-11-30,20133.150390625,1179.9913330078125,3248.080078125,1370.0015869140625,758.645751953125,919.8721313476562,3056.444091796875,384.26153564453125,544.502197265625,1000.7107543945312,2446.8251953125,13.050000190734863,19.350000381469727,40.75,74.5343246459961,72.87976837158203,145.59893798828125,169.94981384277344,89.7493667602539,84.92204284667969,37.16160202026367
2023-12-01,20267.900390625,1188.3544921875,3270.478515625,1367.3184814453125,756.9910278320312,931.4326171875,3136.511962890625,396.60589599609375,551.2511596679688,1000.7107543945312,2464.222900390625,13.25,19.299999237060547,39.400001525878906,77.51185607910156,73.61199188232422,146.9822998046875,169.99966430664062,90.57587432861328,85.81910705566406,37.30887222290039
2023-12-04,20686.80078125,1201.2093505859375,3271.223876953125,1378.663330078125,783.2720336914062,975.2149658203125,3257.326904296875,400.353271484375,573.37841796875,1018.6598510742188,2501.374267578125,13.149999618530273,19.549999237060547,40.099998474121094,80.44136810302734,74.58827209472656,152.2193145751953,173.5392608642578,91.40238952636719,86.66632843017578,38.92886734008789
2023-12-05,20855.099609375,1209.919921875,3289.05810546875,1368.871826171875,790.2315673828125,997.106201171875,3259.194580078125,398.3252868652344,586.4425659179688,1016.8847045898438,2463.838623046875,13.050000190734863,19.600000381469727,39.650001525878906,81.64198303222656,74.34420776367188,154.68960571289062,176.1814727783203,93.1040267944336,88.95883178710938,39.174320220947266
2023-12-06,20937.69921875,1221.5091552734375,3356.5791015625,1388.0311279296875,792.22705078125,987.0706176757812,3334.74072265625,408.46527099609375,586.6354370117188,1010.3262939453125,2468.06787109375,12.850000381469727,19.75,38.95000076293945,82.0741958618164,74.00250244140625,153.3062286376953,177.9263458251953,96.60454559326172,90.1050796508789,38.830684661865234
2023-12-07,20901.150390625,1219.4989013671875,3366.6376953125,1380.1226806640625,793.5167236328125,982.88916015625,3298.663330078125,403.9242858886719,589.7689208984375,986.2134399414062,2420.583740234375,13.199999809265137,20.049999237060547,39.04999923706055,83.3708724975586,74.24657440185547,152.8121795654297,182.76211547851562,96.21559143066406,87.41388702392578,39.174320220947266
2023-12-08,20969.400390625,1218.8536376953125,3377.626953125,1403.895263671875,804.5888061523438,994.5480346679688,3321.125732421875,396.0327453613281,592.131103515625,986.4599609375,2424.476806640625,12.899999618530273,19.899999618530273,38.75,83.13074493408203,74.78352355957031,152.66397094726562,176.1814727783203,95.38908386230469,87.76274871826172,39.12522506713867
2023-12-11,20997.099609375,1220.6405029296875,3392.714599609375,1401.400146484375,803.5181274414062,1000.697265625,3328.350830078125,398.9424743652344,592.2274780273438,987.0516967773438,2406.5498046875,13.149999618530273,20.25,39.20000076293945,84.95568084716797,80.250732421875,152.318115234375,179.12281799316406,98.01448059082031,87.06502532958984,39.76340866088867
2023-12-12,20906.400390625,1203.1201171875,3419.90966796875,1389.6788330078125,795.5364990234375,999.31982421875,3285.687255859375,399.515625,590.44384765625,981.5289306640625,2405.684814453125,13.149999618530273,21.299999237060547,38.5,84.66753387451172,81.08057403564453,150.73715209960938,177.37794494628906,97.23657989501953,86.56665802001953,39.41977310180664
2023-12-13,20926.349609375,1208.03369140625,3346.754150390625,1364.211669921875,793.7357788085938,997.5488891601562,3342.113525390625,401.7640380859375,597.6266479492188,986.1148681640625,2414.480224609375,13.199999809265137,21.200000762939453,38.20000076293945,85.24383544921875,81.51991271972656,150.53952026367188,179.12281799316406,100.39677429199219,87.21453857421875,39.321590423583984
2023-12-14,21182.69921875,1223.0228271484375,3415.39208984375,1413.5924072265625,803.1044921875,1016.9803466796875,3374.848388671875,405.6877746582031,601.2904663085938,991.341796875,2418.757568359375,13.949999809265137,21.399999618530273,37.349998474121094,86.34839630126953,90.45292663574219,150.8359375,180.86769104003906,107.88397979736328,87.86241912841797,39.51795196533203
2023-12-15,21456.650390625,1238.63232421875,3595.836181640625,1486.039794921875,806.21923828125,1020.669921875,3428.816650390625,404.012451171875,625.0084228515625,978.8661499023438,2425.0537109375,14.050000190734863,21.950000762939453,38.54999923706055,87.64507293701172,92.45430755615234,155.1836700439453,181.01724243164062,108.37017059326172,89.70638275146484,40.00886154174805
2023-12-18,21418.650390625,1251.239013671875,3594.159423828125,1472.811767578125,805.8055419921875,1004.9771118164062,3432.355712890625,398.2370910644531,625.24951171875,976.5978393554688,2437.1650390625,14.100000381469727,22.799999237060547,37.849998474121094,87.74111938476562,92.11260223388672,154.68960571289062,186.85008239746094,112.25962829589844,89.45719909667969,40.794307708740234
2023-12-19,21453.099609375,1269.6527099609375,3554.11279296875,1467.1158447265625,804.44287109375,999.0739135742188,3439.5810546875,402.1607971191406,631.9021606445312,974.8226928710938,2461.387451171875,14.0,22.149999618530273,37.5,87.78913879394531,97.72624969482422,155.5294952392578,184.20785522460938,107.9812240600586,89.85589599609375,41.03976058959961
2023-12-20,21150.150390625,1254.2913818359375,3520.4453125,1446.4971923828125,806.438232421875,990.4158325195312,3360.49609375,397.6639709472656,613.6315307617188,958.1556396484375,2458.311767578125,13.100000381469727,20.5,35.650001525878906,83.41889190673828,90.2576675415039,151.37942504882812,171.49526977539062,100.83433532714844,87.06502532958984,37.40705490112305
2023-12-21,21255.05078125,1271.8614501953125,3527.383544921875,1446.120849609375,820.892822265625,988.2020874023438,3366.050048828125,398.060791015625,620.6697998046875,964.4181518554688,2454.178466796875,13.649999618530273,21.149999618530273,37.099998474121094,86.30037689208984,96.50589752197266,152.12051391601562,179.92047119140625,105.98787689208984,88.061767578125,38.97795486450195
2023-12-22,21349.400390625,1273.102294921875,3561.377197265625,1471.4466552734375,813.1788940429688,978.2649536132812,3418.9375,401.3673095703125,613.9207763671875,975.907470703125,2475.70947265625,13.600000381469727,21.049999237060547,37.25,85.72408294677734,95.4319839477539,152.16990661621094,177.7767791748047,109.6342544555664,88.16143798828125,38.781593322753906
2023-12-26,21441.349609375,1279.554443359375,3534.880859375,1453.60546875,818.8244018554688,979.0520629882812,3430.832275390625,402.4694519042969,615.1741333007812,986.0654296875,2484.5048828125,13.350000381469727,20.950000762939453,36.900001525878906,85.00371551513672,95.09029388427734,152.12051391601562,181.66534423828125,110.41213989257812,88.2112808227539,38.48705291748047
2023-12-27,21654.75,1283.9222412109375,3549.456298828125,1475.4007568359375,828.9718017578125,986.0867919921875,3483.86669921875,403.0425720214844,625.2976684570312,1007.1211547851562,2507.141357421875,13.449999809265137,20.950000762939453,37.04999923706055,88.17333984375,94.4068832397461,152.16990661621094,181.4160614013672,112.25962829589844,88.56013488769531,39.174320220947266
2023-12-28,21778.69921875,1293.2034912109375,3538.931884765625,1471.21142578125,829.9208374023438,989.6779174804688,3458.35693359375,409.21478271484375,628.0455322265625,1022.4074096679688,2531.65234375,13.25,20.850000381469727,38.150001525878906,91.7271728515625,94.16281127929688,153.65208435058594,192.03482055664062,119.45513916015625,88.4106216430664,38.97795486450195
2023-12-29,21731.400390625,1282.97900390625,3532.8779296875,1452.616943359375,831.8676147460938,980.52783203125,3466.172119140625,407.45123291015625,619.03076171875,1017.9694213867188,2560.633056640625,16.0,21.450000762939453,38.20000076293945,91.96729278564453,96.9940414428711,154.2943572998047,192.98202514648438,120.2330322265625,88.60997772216797,39.02705001831055
2024-01-01,21741.900390625,1285.609619140625,3549.363037109375,1460.572509765625,826.4410400390625,983.28271484375,3465.63134765625,412.6976013183594,618.3558349609375,999.08349609375,2551.7900390625,17.0,22.649999618530273,38.5,93.9363021850586,98.01914978027344,154.68960571289062,197.5685272216797,121.25401306152344,87.51356506347656,39.272499084472656
2024-01-02,21665.80078125,1296.255859375,3523.379150390625,1444.6142578125,826.927734375,966.4093017578125,3379.763671875,414.7255859375,616.5239868164062,1007.6142578125,2512.42822265625,16.049999237060547,23.200000762939453,38.25,93.16790771484375,97.62863159179688,150.09486389160156,201.4072265625,119.60099792480469,85.81910705566406,39.12522506713867
2024-01-03,21517.349609375,1282.16015625,3438.209716796875,1402.8125,814.1766357421875,968.1802368164062,3381.9755859375,420.80963134765625,620.3805541992188,1020.9281005859375,2505.459228515625,15.850000381469727,22.899999618530273,37.79999923706055,92.63963317871094,98.50728607177734,149.9466552734375,193.82952880859375,115.80876922607422,85.81910705566406,40.303401947021484
2024-01-04,21658.599609375,1288.7860107421875,3414.972900390625,1424.18408203125,822.91259765625,971.2302856445312,3400.013916015625,420.0600891113281,619.7056274414062,1033.4530029296875,2492.002197265625,16.799999237060547,23.25,38.70000076293945,93.5521011352539,98.89781188964844,153.00982666015625,194.47763061523438,115.37120056152344,86.7660140991211,40.94158172607422
2024-01-05,21710.80078125,1294.2705078125,3481.1904296875,1442.8726806640625,818.7027587890625,977.6746215820312,3462.141357421875,417.8998718261719,618.9343872070312,1032.1710205078125,2518.435791015625,17.100000381469727,24.0,40.599998474121094,93.40803527832031,98.36083984375,152.76278686523438,195.2254180908203,113.71818542480469,86.41714477539062,40.59794616699219
2024-01-08,21513.0,1284.1702880859375,3425.68359375,1433.693115234375,809.577392578125,966.163330078125,3441.69482421875,410.4491882324219,604.5203247070312,1034.5872802734375,2478.2568359375,17.149999618530273,24.200000762939453,42.599998474121094,91.2469253540039,97.5798110961914,148.41506958007812,194.57733154296875,111.14141845703125,85.17122650146484,39.714317321777344
2024-01-09,21544.849609375,1280.7705078125,3436.48681640625,1439.8128662109375,803.2747802734375,963.9495849609375,3495.614013671875,409.6115417480469,602.9777221679688,1049.82421875,2479.69873046875,16.200000762939453,24.200000762939453,43.54999923706055,91.19889068603516,97.72624969482422,149.6502227783203,195.02601623535156,111.04417419433594,83.97514343261719,39.61613464355469
2024-01-10,21618.69921875,1315.3148193359375,3458.046630859375,1430.962890625,805.92724609375,977.0350952148438,3485.341064453125,408.50933837890625,599.4585571289062,1048.0489501953125,2477.439697265625,16.149999618530273,25.5,43.54999923706055,90.67062377929688,100.60630798339844,149.9466552734375,199.0641326904297,111.87069702148438,83.62628936767578,39.174320220947266
2024-01-11,21647.19921875,1349.9088134765625,3479.001708984375,1406.7666015625,802.5447998046875,975.165771484375,3445.381103515625,407.93621826171875,597.9641723632812,1048.1968994140625,2437.837646484375,16.049999237060547,25.549999237060547,43.599998474121094,91.05482482910156,104.31619262695312,148.56329345703125,197.16970825195312,110.36351776123047,86.36731719970703,39.37067794799805
2024-01-12,21894.55078125,1360.6541748046875,3616.138916015625,1518.3797607421875,798.74853515625,987.3165893554688,3508.245849609375,411.5072326660156,610.8836669921875,1061.5107421875,2445.335205078125,15.850000381469727,24.899999618530273,44.900001525878906,93.84024810791016,110.71086883544922,149.30438232421875,195.87351989746094,111.7248306274414,86.86568450927734,40.696128845214844
2024-01-15,22097.44921875,1383.88232421875,3635.696533203125,1555.4271240234375,814.1279907226562,993.5641479492188,3482.932861328125,412.30084228515625,617.150634765625,1087.2017822265625,2473.402587890625,16.5,24.75,43.849998474121094,94.32049560546875,110.71086883544922,151.13238525390625,200.65943908691406,111.48174285888672,86.46698760986328,40.892494201660156
2024-01-16,22032.30078125,1364.5255126953125,3596.115478515625,1536.07958984375,817.2183837890625,992.777099609375,3512.865966796875,416.44500732421875,614.0654296875,1080.791259765625,2469.4619140625,15.75,25.649999618530273,42.04999923706055,94.3685302734375,138.48623657226562,147.9210205078125,202.404296875,116.24634552001953,88.01193237304688,41.187034606933594
2024-01-17,21571.94921875,1351.5712890625,3617.8154296875,1544.223388671875,748.279296875,965.9173583984375,3510.359375,411.4190979003906,603.5562133789062,1070.2882080078125,2463.502197265625,15.100000381469727,24.75,40.900001525878906,93.36000061035156,145.56430053710938,144.16615295410156,206.49227905273438,109.97457885742188,84.92204284667969,40.15613555908203
2024-01-18,21462.25,1357.8995361328125,3634.5791015625,1546.4830322265625,723.2879638671875,970.443115234375,3534.984375,410.4491882324219,605.773681640625,1072.0633544921875,2449.18017578125,15.100000381469727,24.950000762939453,42.900001525878906,94.60865020751953,142.78189086914062,145.10488891601562,211.52743530273438,109.92596435546875,86.11813354492188,40.647037506103516
2024-01-19,21622.400390625,1357.4031982421875,3697.834716796875,1562.111572265625,715.744384765625,983.0859375,3584.1357421875,415.7395935058594,605.2434692382812,1109.4901123046875,2465.90478515625,15.100000381469727,25.149999618530273,41.849998474121094,98.1624755859375,156.4498748779297,144.80845642089844,221.5978240966797,110.94693756103516,85.42041015625,40.74522018432617
2024-01-23,21238.80078125,1318.8138427734375,3618.308349609375,1546.0594482421875,694.6708984375,1012.45458984375,3490.747802734375,404.9823913574219,583.4054565429688,1142.03515625,2283.418212890625,14.399999618530273,24.049999237060547,41.150001525878906,94.8487777709961,157.4749755859375,138.58331298828125,202.3544464111328,105.79340362548828,81.53314208984375,40.99067306518555
2024-01-24,21453.94921875,1334.00146484375,3602.881103515625,1577.3636474609375,708.5657958984375,983.0859375,3528.299560546875,408.77386474609375,596.1322021484375,1173.544677734375,2346.954345703125,14.899999618530273,24.700000762939453,41.20000076293945,98.1624755859375,167.82362365722656,140.5101318359375,209.28404235839844,111.87069702148438,79.3403091430664,41.92339324951172
2024-01-25,21352.599609375,1343.1337890625,3573.340087890625,1571.4322509765625,698.3453979492188,993.66259765625,3532.4775390625,401.7640380859375,590.78125,1144.550048828125,2334.122314453125,14.600000381469727,24.850000381469727,42.54999923706055,100.37161254882812,169.7273712158203,140.11489868164062,219.25469970703125,115.80876922607422,79.78884887695312,40.45067596435547
2024-01-29,21737.599609375,1437.4111328125,3564.61865234375,1559.663818359375,707.9573974609375,1000.008544921875,3645.083984375,396.60589599609375,600.6155395507812,1146.1279296875,2349.59765625,14.699999809265137,24.350000381469727,43.25,103.25309753417969,166.79852294921875,143.7215118408203,220.65060424804688,117.1214599609375,83.22759246826172,41.874305725097656
2024-01-30,21522.099609375,1397.2830810546875,3564.196533203125,1554.8150634765625,702.9202270507812,1000.5005493164062,3571.6513671875,386.2454528808594,604.279296875,1142.67626953125,2363.295166015625,14.5,23.899999618530273,43.79999923706055,104.9339599609375,162.69810485839844,143.3756866455078,227.2810821533203,117.85073852539062,82.4301986694336,42.95429992675781
2024-01-31,21725.69921875,1416.1435546875,3578.63916015625,1563.712158203125,711.80224609375,1011.569091796875,3420.70703125,389.33154296875,617.5363159179688,1154.56005859375,2385.30712890625,14.350000381469727,24.100000381469727,45.95000076293945,109.88050079345703,170.9965362548828,145.54954528808594,227.5802001953125,119.11481475830078,84.07481384277344,45.65428161621094
2024-02-01,21697.44921875,1416.1683349609375,3614.463134765625,1560.0875244140625,713.651611328125,1008.6174926757812,3340.343994140625,390.5218811035156,624.4299926757812,1135.328857421875,2377.66552734375,14.149999618530273,23.899999618530273,48.20000076293945,114.15470123291016,165.87103271484375,145.10488891601562,226.83241271972656,116.00324249267578,83.12791442871094,48.01063537597656
2024-02-02,21853.80078125,1446.9901123046875,3719.638671875,1594.26318359375,703.8206176757812,1007.4859619140625,3318.766357421875,388.0530090332031,626.3582763671875,1134.9344482421875,2357.479736328125,14.050000190734863,23.700000762939453,48.599998474121094,120.44593048095703,164.9435577392578,144.1167755126953,233.11392211914062,124.75454711914062,82.28069305419922,49.63062286376953
2024-02-05,21771.69921875,1428.452392578125,3726.203125,1588.4732666015625,703.1878662109375,1006.9940795898438,3285.048583984375,386.2454528808594,619.8984985351562,1098.1981201171875,2325.6640625,13.75,22.799999237060547,48.25,116.84407806396484,156.74276733398438,145.5001220703125,234.60952758789062,131.56109619140625,82.97840881347656,56.69967269897461
2024-02-06,21929.400390625,1417.309814453125,3878.78564453125,1628.2509765625,702.8228759765625,1009.8472900390625,3366.1484375,380.38189697265625,626.936767578125,1118.4154052734375,2332.248046875,14.25,25.399999618530273,48.0,117.0842056274414,157.08445739746094,145.15428161621094,231.11978149414062,141.47923278808594,82.72921752929688,57.73057556152344
2024-02-07,21930.5,1431.554443359375,3829.456298828125,1594.6400146484375,695.9362182617188,1005.6658325195312,3337.10009765625,380.7345886230469,651.0404052734375,1118.661865234375,2331.3828125,15.0,29.799999237060547,49.25,119.00519561767578,158.64651489257812,147.4269561767578,230.8705291748047,139.48587036132812,82.87873077392578,67.15597534179688
2024-02-08,21717.94921875,1439.4708251953125,3877.0029296875,1593.08642578125,682.8444213867188,973.3455810546875,3278.904296875,371.1029052734375,674.46923828125,1126.4036865234375,2323.308837890625,14.800000190734863,30.0,49.349998474121094,119.38939666748047,158.10955810546875,144.90724182128906,230.1227264404297,135.2074737548828,80.73574829101562,62.14873123168945
2024-02-09,21782.5,1450.0177001953125,3876.628173828125,1571.667724609375,683.112060546875,994.4005126953125,3268.140380859375,371.9533996582031,699.247802734375,1104.8056640625,2330.13330078125,15.5,31.399999618530273,47.349998474121094,119.00519561767578,150.05520629882812,145.54954528808594,226.88226318359375,129.95669555664062,80.98493194580078,59.44874572753906
2024-02-12,21616.05078125,1441.679443359375,3864.43701171875,1581.78857421875,676.4932250976562,980.035888671875,3243.564453125,364.2099304199219,682.5198364257812,1103.2769775390625,2293.12646484375,14.449999809265137,28.299999237060547,45.0,113.57840728759766,129.79727172851562,144.90724182128906,216.06410217285156,119.35790252685547,78.94161224365234,54.097869873046875
2024-02-13,21743.25,1454.3358154296875,3891.4453125,1585.978271484375,678.6588745117188,1003.3536987304688,3265.141845703125,364.12042236328125,687.8709106445312,1102.438720703125,2301.152587890625,14.699999809265137,27.850000381469727,43.900001525878906,117.27630615234375,149.81112670898438,145.9447784423828,212.72393798828125,114.59330749511719,80.23737335205078,55.57058334350586
2024-02-14,21840.05078125,1470.4912109375,3845.117431640625,1568.7020263671875,673.5974731445312,1006.2069702148438,3252.85400390625,368.4173583984375,716.7470703125,1100.4661865234375,2295.3369140625,15.550000190734863,28.700000762939453,46.04999923706055,118.09272003173828,150.64096069335938,147.67398071289062,223.79135131835938,119.55237579345703,80.58623504638672,57.828758239746094
2024-02-15,21910.75,1459.7952880859375,3848.02490234375,1578.258056640625,688.197998046875,1000.2545166015625,3244.301513671875,361.5691223144531,734.3909301757812,1105.2493896484375,2259.67626953125,15.949999809265137,29.0,47.04999923706055,123.7596435546875,155.13189697265625,154.73902893066406,226.88226318359375,122.27500915527344,80.98493194580078,60.47964859008789
2024-02-16,22040.69921875,1449.843994140625,3871.56396484375,1602.0777587890625,691.0451049804688,1006.7481079101562,3329.28466796875,362.1957702636719,727.6419677734375,1104.55908203125,2283.1298828125,15.899999618530273,28.399999618530273,46.849998474121094,125.00827026367188,151.76370239257812,162.74276733398438,225.18724060058594,123.92801666259766,82.5797119140625,59.49783706665039
2024-02-19,22122.25,1463.17041015625,3848.58740234375,1600.2889404296875,689.682373046875,1026.91748046875,3283.180908203125,366.3584289550781,732.02880859375,1126.4530029296875,2294.568115234375,16.0,27.100000381469727,46.150001525878906,123.37543487548828,154.88780212402344,161.0135498046875,225.03768920898438,124.75454711914062,81.88199615478516,59.546932220458984
2024-02-20,22196.94921875,1460.2174072265625,3779.986572265625,1586.6373291015625,707.7870483398438,1031.8367919921875,3299.7939453125,363.5385437011719,732.8483276367188,1128.1788330078125,2310.861083984375,15.949999809265137,26.600000381469727,45.79999923706055,124.38396453857422,154.7413787841797,152.56515502929688,230.22242736816406,127.7435531616211,81.4832992553711,58.46693420410156
2024-02-21,22055.05078125,1456.916748046875,3743.271484375,1558.67529296875,700.4137573242188,1034.985107421875,3240.4677734375,361.0767822265625,743.839599609375,1124.1846923828125,2313.744873046875,15.350000381469727,25.549999237060547,44.75,123.2793960571289,150.5433349609375,151.92288208007812,221.24884033203125,127.59654998779297,80.68590545654297,58.46693420410156
2024-02-22,22217.44921875,1470.8634033203125,3832.92626953125,1582.965576171875,690.874755859375,1045.5618896484375,3306.675048828125,371.013427734375,738.4403686523438,1119.8946533203125,2295.481689453125,16.299999237060547,27.149999618530273,44.79999923706055,123.90371704101562,148.5907745361328,151.77467346191406,227.8294677734375,126.71455383300781,80.88525390625,59.399658203125
2024-02-23,22212.69921875,1482.6512451171875,3800.1025390625,1578.7288818359375,691.3857421875,1044.1845703125,3330.46435546875,368.2831115722656,731.8359375,1110.229736328125,2301.248779296875,17.549999237060547,26.200000762939453,44.900001525878906,122.89519500732422,149.56704711914062,150.63833618164062,228.92623901367188,125.44054412841797,82.5797119140625,58.12329864501953
2024-02-26,22122.05078125,1476.3974609375,3752.227294921875,1563.006103515625,692.2131958007812,1037.1988525390625,3411.26953125,366.31365966796875,731.69140625,1094.7462158203125,2311.005126953125,16.850000381469727,25.25,43.75,119.91766357421875,148.68841552734375,149.69961547851562,227.3807830810547,121.71652221679688,83.67611694335938,56.945125579833984
2024-02-27,22198.349609375,1474.73486328125,3849.150146484375,1566.2542724609375,691.1668090820312,1043.1021728515625,3446.95361328125,368.05926513671875,722.9658203125,1111.9556884765625,2312.014404296875,15.850000381469727,25.100000381469727,44.54999923706055,118.52494812011719,148.0050048828125,152.36753845214844,221.94679260253906,122.8435287475586,83.02824401855469,55.57058334350586
2024-02-28,21951.150390625,1444.930419921875,3862.795654296875,1573.4566650390625,685.9348754882812,1029.327880859375,3411.31884765625,365.5079650878906,715.8793334960938,1113.1883544921875,2327.63427734375,13.649999618530273,23.799999237060547,43.20000076293945,115.97964477539062,143.90460205078125,148.51388549804688,224.04061889648438,119.31552124023438,80.28721618652344,54.097869873046875
2024-02-29,21982.80078125,1450.0675048828125,3840.4287109375,1575.9515380859375,683.0147705078125,1035.231201171875,3418.544189453125,363.71759033203125,721.2785034179688,1107.86279296875,2318.742919921875,13.649999618530273,24.450000762939453,45.25,117.03617858886719,143.27001953125,148.61268615722656,226.88226318359375,118.7765121459961,80.78558349609375,55.66876983642578
2024-03-01,22338.75,1481.1622314453125,3839.725341796875,1557.8748779296875,696.3256225585938,1069.37158203125,3571.84814453125,366.5821838378906,741.5738525390625,1113.13916015625,2316.24365234375,14.199999809265137,24.950000762939453,44.29999923706055,119.91766357421875,143.90460205078125,150.78656005859375,234.60952758789062,130.340576171875,81.93183135986328,57.043304443359375
2024-03-04,22405.599609375,1496.3250732421875,3826.92431640625,1541.3990478515625,697.2745971679688,1074.733642578125,3582.6123046875,366.22412109375,744.369873046875,1117.8729248046875,2328.066650390625,14.199999809265137,24.799999237060547,42.79999923706055,121.07025909423828,142.09848022460938,151.77467346191406,263.773681640625,138.81759643554688,81.8321533203125,55.079681396484375
2024-03-05,22356.30078125,1489.1778564453125,3762.59033203125,1512.4954833984375,701.2411499023438,1070.503173828125,3551.302978515625,363.58331298828125,755.84326171875,1152.784912109375,2306.77587890625,14.350000381469727,24.5,40.70000076293945,124.5760498046875,141.61033630371094,153.35565185546875,265.0199890136719,137.4456024169922,81.28395080566406,59.20329284667969
2024-03-06,22474.05078125,1491.9573974609375,3811.544189453125,1522.89892578125,702.0928344726562,1079.4071044921875,3580.400390625,365.1051330566406,755.7950439453125,1177.242919921875,2307.689208984375,14.100000381469727,23.600000381469727,38.70000076293945,125.20038604736328,137.16822814941406,155.38128662109375,254.45111083984375,136.26959228515625,81.53314208984375,57.48512268066406
2024-03-07,22493.55078125,1468.059326171875,3853.08935546875,1521.8631591796875,703.7962036132812,1070.4046630859375,3614.560791015625,370.2077331542969,759.7962036132812,1183.1602783203125,2325.711669921875,14.25,23.850000381469727,40.599998474121094,124.72014617919922,140.29232788085938,154.4919891357422,256.744384765625,136.1715850830078,80.5363998413086,56.454219818115234
2024-03-11,22332.650390625,1455.82470703125,3865.984130859375,1506.940673828125,694.8899536132812,1061.3037109375,3578.82763671875,366.4927062988281,745.9607543945312,1180.1029052734375,2297.16357421875,13.75,23.649999618530273,39.349998474121094,123.80765533447266,137.75399780273438,153.5532684326172,253.80303955078125,131.61456298828125,80.23737335205078,53.99968719482422
2024-03-12,22335.69921875,1464.5850830078125,3931.536865234375,1518.56787109375,710.3421630859375,1059.483642578125,3560.198974609375,362.06146240234375,732.4627075195312,1187.6475830078125,2285.91748046875,13.699999809265137,22.850000381469727,39.29999923706055,120.97420501708984,133.5071563720703,149.9466552734375,243.38369750976562,127.1555404663086,79.24063873291016,50.71061706542969
2024-03-13,21997.69921875,1421.6527099609375,3890.976806640625,1517.108642578125,710.755859375,1066.4691162109375,3478.509033203125,378.17498779296875,720.4590454101562,1152.636962890625,2222.909423828125,12.399999618530273,20.950000762939453,37.349998474121094,114.10667419433594,121.30358123779297,146.7352752685547,224.6388702392578,116.32649993896484,77.24716186523438,47.27427291870117
2024-03-14,22146.650390625,1420.9578857421875,3945.932373046875,1556.5570068359375,708.3467407226562,1066.124755859375,3546.977294921875,375.6684265136719,714.4813232421875,1178.1304931640625,2244.056640625,13.100000381469727,23.450000762939453,39.04999923706055,115.88359069824219,136.92416381835938,144.31439208984375,225.7854766845703,119.07051086425781,78.19406127929688,51.98697280883789
2024-03-15,22023.349609375,1407.80517578125,3956.857666015625,1538.38623046875,706.9840698242188,1062.92724609375,3477.1328125,375.1760559082031,705.659423828125,1203.180419921875,2237.424072265625,13.149999618530273,23.799999237060547,39.400001525878906,113.09815979003906,133.70242309570312,148.66209411621094,216.11395263671875,119.26651000976562,78.44324493408203,51.44697570800781
2024-03-18,22055.69921875,1428.8990478515625,3894.2587890625,1508.8707275390625,703.77197265625,1063.7635498046875,3500.77490234375,373.6990051269531,704.7434692382812,1208.4073486328125,2210.750244140625,13.149999618530273,23.450000762939453,38.54999923706055,115.25926971435547,131.7498321533203,145.59893798828125,223.6417999267578,123.43152618408203,77.69569396972656,49.679710388183594
2024-03-19,21817.44921875,1414.778564453125,3729.95458984375,1470.08154296875,705.3779296875,1066.4691162109375,3442.284423828125,366.6269836425781,697.8497924804688,1211.415283203125,2179.02978515625,12.850000381469727,22.950000762939453,37.150001525878906,111.94556427001953,131.993896484375,145.7471466064453,218.15792846679688,120.09952545166016,76.39994049072266,48.79608154296875
2024-03-20,21839.099609375,1433.142578125,3723.952880859375,1463.961669921875,696.4716796875,1067.0103759765625,3450.148681640625,372.13238525390625,709.8534545898438,1214.8177490234375,2154.99951171875,12.75,23.049999237060547,36.29999923706055,112.04161071777344,130.04132080078125,145.69775390625,224.09046936035156,121.17752838134766,76.10091400146484,49.48335266113281
2024-03-21,22011.94921875,1440.3145751953125,3725.874755859375,1463.7264404296875,703.6259155273438,1064.3538818359375,3499.59521484375,377.10076904296875,717.61474609375,1203.969482421875,2155.384521484375,12.800000190734863,23.399999618530273,37.29999923706055,116.26778411865234,132.042724609375,148.1680450439453,236.50393676757812,126.4205551147461,77.64585876464844,49.876075744628906
2024-03-22,22096.75,1444.3348388671875,3667.68359375,1420.559326171875,702.2144775390625,1072.716796875,3556.41455078125,383.6804504394531,719.9287719726562,1219.058349609375,2169.033203125,13.300000190734863,23.899999618530273,37.349998474121094,117.90062713623047,137.60755920410156,147.82220458984375,238.39837646484375,127.40055084228516,77.79537200927734,50.56334686279297
2024-03-26,22004.69921875,1430.983642578125,3636.361083984375,1405.3072509765625,693.7218627929688,1066.22314453125,3607.8271484375,382.8299865722656,713.5172119140625,1196.37548828125,2153.125244140625,13.300000190734863,23.549999237060547,37.099998474121094,119.05321502685547,142.2449188232422,148.01983642578125,239.0963134765625,127.98856353759766,77.4465103149414,49.532440185546875
2024-03-27,22123.650390625,1481.8819580078125,3602.036865234375,1397.022216796875,701.1681518554688,1066.2724609375,3643.510986328125,383.143310546875,707.0092163085938,1207.914306640625,2152.8369140625,13.300000190734863,23.149999618530273,38.5,117.90062713623047,139.46250915527344,148.01983642578125,242.3866424560547,130.97755432128906,77.54618835449219,48.648807525634766
2024-03-28,22326.900390625,1474.933349609375,3635.2353515625,1410.391357421875,704.6722412109375,1075.66845703125,3700.035400390625,383.4566345214844,725.3761596679688,1211.661865234375,2176.531005859375,13.25,23.200000762939453,40.400001525878906,119.48544311523438,138.97434997558594,148.41506958007812,246.57431030273438,131.56556701660156,75.15401458740234,51.250614166259766
2024-04-01,22462.0,1473.8663330078125,3673.170166015625,1407.943359375,715.67138671875,1081.916015625,3772.878173828125,381.97955322265625,731.1128540039062,1200.56689453125,2197.2451171875,14.0,24.450000762939453,41.349998474121094,120.63803100585938,141.3662567138672,150.53952026367188,253.00537109375,137.9355926513672,77.24716186523438,54.1469612121582
2024-04-02,22453.30078125,1476.025146484375,3642.269287109375,1396.0806884765625,720.367919921875,1063.7635498046875,3742.79736328125,381.2186279296875,738.9224853515625,1191.5924072265625,2198.01416015625,13.449999809265137,24.600000381469727,42.5,121.69457244873047,142.63543701171875,152.2193145751953,251.4599151611328,144.8936309814453,78.89178466796875,54.04877471923828
2024-04-03,22434.650390625,1460.7880859375,3701.8203125,1394.0096435546875,721.414306640625,1059.827880859375,3718.270751953125,380.63671875,743.40576171875,1208.8017578125,2177.347900390625,13.550000190734863,25.399999618530273,43.5,129.8107452392578,141.85440063476562,152.66397094726562,251.06109619140625,145.2366180419922,78.14422607421875,55.914222717285156
2024-04-04,22514.650390625,1452.1768798828125,3754.337646484375,1399.7054443359375,743.461181640625,1061.451416015625,3733.409423828125,378.44354248046875,732.0770263671875,1190.211669921875,2177.107421875,13.350000381469727,24.899999618530273,42.95000076293945,129.76272583007812,140.3411407470703,150.63833618164062,250.76197814941406,143.0316162109375,79.1907958984375,55.1287727355957
2024-04-05,22513.69921875,1449.3724365234375,3731.783203125,1392.5501708984375,754.1439208984375,1065.9281005859375,3679.58837890625,382.740478515625,737.3316040039062,1174.5802001953125,2179.02978515625,13.300000190734863,25.200000762939453,42.650001525878906,131.15545654296875,144.34393310546875,152.71337890625,254.2018585205078,143.276611328125,80.38688659667969,56.01240158081055
2024-04-08,22666.30078125,1475.057373046875,3725.499755859375,1390.2906494140625,752.7081298828125,1069.6175537109375,3743.239990234375,384.1280212402344,740.7543334960938,1188.09130859375,2180.952392578125,13.149999618530273,24.75,41.5,127.64962768554688,144.0022430419922,152.56515502929688,255.69747924804688,143.3746337890625,82.23085021972656,54.78513717651367
2024-04-09,22642.75,1452.896484375,3701.1171875,1407.3785400390625,753.6572875976562,1089.1966552734375,3721.023193359375,381.6662292480469,736.8013305664062,1187.8447265625,2176.338623046875,12.899999618530273,24.549999237060547,40.900001525878906,127.26544189453125,143.7093505859375,153.94851684570312,254.99951171875,148.3236541748047,81.88199615478516,55.22695541381836
2024-04-10,22753.80078125,1468.7044677734375,3736.84716796875,1418.62939453125,747.7196655273438,1091.5087890625,3689.516845703125,391.1553039550781,751.118896484375,1212.4508056640625,2173.214599609375,12.949999809265137,24.450000762939453,42.150001525878906,130.9153289794922,143.22119140625,157.11048889160156,261.7297058105469,149.98965454101562,84.42366790771484,55.1287727355957
2024-04-12,22519.400390625,1456.3707275390625,3752.555419921875,1397.86962890625,739.2512817382812,1086.58935546875,3616.82177734375,385.0232238769531,738.8259887695312,1208.6539306640625,2145.72412109375,12.949999809265137,24.25,42.150001525878906,129.52259826660156,141.85440063476562,154.09674072265625,261.7297058105469,152.24366760253906,84.07481384277344,54.097869873046875
2024-04-15,22272.5,1454.062744140625,3696.099365234375,1382.2410888671875,727.4491577148438,1060.95947265625,3539.702880859375,381.26336669921875,730.341552734375,1207.667724609375,2108.957275390625,13.149999618530273,23.950000762939453,40.75,127.60161590576172,136.92416381835938,153.15802001953125,255.74729919433594,148.02964782714844,82.48003387451172,52.18333435058594
2024-04-16,22147.900390625,1454.9810791015625,3631.953369140625,1331.68310546875,734.5304565429688,1049.841796875,3483.325927734375,381.26336669921875,724.74951171875,1199.6793212890625,2134.670166015625,12.949999809265137,23.950000762939453,40.5,123.47148895263672,138.3397674560547,150.29249572753906,256.99365234375,146.31463623046875,82.4301986694336,53.11605453491211
2024-04-18,21995.849609375,1453.56640625,3621.8251953125,1336.202392578125,727.4491577148438,1038.4288330078125,3490.69873046875,374.9522705078125,718.0968627929688,1248.2996826171875,2128.902587890625,13.199999809265137,23.899999618530273,41.150001525878906,124.4319839477539,138.58383178710938,150.34188842773438,252.4569854736328,141.9046173095703,82.33052062988281,52.57605743408203
2024-04-19,22147.0,1459.323974609375,3588.251220703125,1328.67041015625,745.2619018554688,1050.03857421875,3458.652099609375,380.2339172363281,723.5443115234375,1271.2291259765625,2145.051025390625,12.899999618530273,23.950000762939453,39.349998474121094,123.18334197998047,137.6563720703125,150.04547119140625,253.80303955078125,143.12962341308594,81.58296966552734,52.52696990966797
2024-04-22,22336.400390625,1468.9774169921875,3624.26318359375,1348.9124755859375,735.9661865234375,1069.125732421875,3551.40087890625,380.7262878417969,738.6331787109375,1279.6612548828125,2154.567138671875,12.899999618530273,25.200000762939453,40.849998474121094,127.84174346923828,140.682861328125,151.6758575439453,258.5889587402344,145.4326171875,82.9285659790039,54.34332275390625
2024-04-23,22368.0,1448.603271484375,3633.7353515625,1357.9976806640625,733.7274169921875,1072.6676025390625,3548.89404296875,384.217529296875,745.2858276367188,1323.843505859375,2174.992919921875,14.399999618530273,25.649999618530273,41.849998474121094,127.60161590576172,144.24630737304688,151.92288208007812,259.3865966796875,149.2056427001953,83.17774963378906,53.90150833129883
2024-04-24,22402.400390625,1439.5205078125,3592.79931640625,1347.0294189453125,735.7227783203125,1079.062744140625,3573.175048828125,383.948974609375,745.3822021484375,1317.9755859375,2172.58984375,13.100000381469727,25.450000762939453,41.79999923706055,127.74568939208984,145.46665954589844,151.77467346191406,263.275146484375,161.35769653320312,83.07807922363281,53.45969009399414
2024-04-25,22570.349609375,1449.2484130859375,3612.634033203125,1354.27880859375,735.260498046875,1095.78857421875,3590.3291015625,391.6924133300781,783.5625,1320.243896484375,2144.330078125,13.899999618530273,25.950000762939453,42.150001525878906,130.53111267089844,146.68701171875,154.09674072265625,270.8030090332031,161.6516876220703,83.12791442871094,55.76695251464844
2024-04-26,22419.94921875,1441.878173828125,3583.703125,1346.5587158203125,734.7981567382812,1090.032958984375,3544.0283203125,393.8856506347656,772.5712280273438,1307.718994140625,2136.4482421875,14.0,26.149999618530273,41.650001525878906,131.05938720703125,154.30206298828125,155.2330780029297,278.03173828125,165.17971801757812,84.52335357666016,55.963314056396484
2024-04-29,22643.400390625,1454.2613525390625,3629.514892578125,1350.79541015625,744.3858642578125,1141.4403076171875,3572.634521484375,392.2742919921875,796.8677368164062,1314.080078125,2139.764404296875,13.449999809265137,27.100000381469727,41.599998474121094,131.82778930664062,157.08445739746094,158.5432586669922,276.0874328613281,161.50469970703125,81.38362884521484,57.43603515625
2024-04-30,22604.849609375,1456.2218017578125,3583.046630859375,1337.42626953125,739.8109741210938,1131.8475341796875,3533.313232421875,389.9915771484375,796.626708984375,1304.070068359375,2143.945556640625,13.199999809265137,26.149999618530273,41.599998474121094,135.47767639160156,153.52101135253906,160.667724609375,280.87335205078125,160.91668701171875,81.88199615478516,56.25785446166992
2024-05-02,22648.19921875,1455.7752685546875,3623.0439453125,1331.68310546875,745.7242431640625,1121.0740966796875,3538.4248046875,392.99041748046875,800.2904663085938,1286.0716552734375,2139.95654296875,13.199999809265137,25.450000762939453,41.70000076293945,132.59619140625,155.13189697265625,166.0035400390625,291.8410949707031,162.14170837402344,81.28395080566406,55.22695541381836
2024-05-03,22475.849609375,1423.46435546875,3604.381591796875,1333.425048828125,739.567626953125,1123.63232421875,3440.416748046875,390.7076721191406,801.6401977539062,1259.7890625,2131.065673828125,13.199999809265137,24.950000762939453,41.349998474121094,130.43507385253906,153.27694702148438,163.9779052734375,304.10498046875,164.59170532226562,80.63607025146484,54.44150161743164
2024-05-06,22442.69921875,1409.095703125,3677.20263671875,1342.46337890625,741.0520629882812,1127.813720703125,3404.535888671875,389.18585205078125,778.838134765625,1265.706298828125,2168.69677734375,12.800000190734863,24.100000381469727,40.79999923706055,122.07877349853516,151.9589385986328,161.754638671875,288.10211181640625,159.64268493652344,79.78884887695312,53.312416076660156
2024-05-07,22302.5,1391.17822265625,3731.501953125,1356.6324462890625,733.021728515625,1113.6458740234375,3369.589111328125,394.19891357421875,773.149658203125,1268.41845703125,2287.11865234375,12.399999618530273,22.850000381469727,39.75,117.4684066772461,146.24769592285156,157.85157775878906,279.4276123046875,153.0276641845703,77.59602355957031,51.299705505371094
2024-05-08,22302.5,1408.1279296875,3729.626220703125,1343.7813720703125,721.5845947265625,1104.8895263671875,3427.6865234375,394.7808532714844,781.7305297851562,1270.8345947265625,2250.25634765625,12.699999809265137,22.950000762939453,39.95000076293945,119.86963653564453,148.63958740234375,155.38128662109375,285.4598693847656,157.14369201660156,76.6989517211914,52.330604553222656
2024-05-09,21957.5,1383.88232421875,3713.918212890625,1355.314453125,704.4776000976562,1097.7071533203125,3219.873291015625,380.5472412109375,790.4078979492188,1257.8658447265625,2235.453369140625,12.649999618530273,22.600000381469727,39.599998474121094,117.32432556152344,143.5629119873047,155.1836700439453,272.3484191894531,149.98965454101562,75.60254669189453,51.00516128540039
2024-05-10,22055.19921875,1397.0845947265625,3651.740966796875,1341.5218505859375,709.3616333007812,1099.035400390625,3215.941162109375,387.9325866699219,788.0457763671875,1283.2115478515625,2270.92236328125,12.699999809265137,22.5,39.900001525878906,119.00519561767578,144.53919982910156,158.04920959472656,273.49505615234375,153.76266479492188,76.3002700805664,52.26869201660156
2024-05-13,22104.05078125,1392.394287109375,3702.289306640625,1340.156494140625,717.9208984375,1109.808837890625,3237.961181640625,386.5898132324219,779.8023071289062,1268.22119140625,2269.095947265625,12.600000381469727,22.25,39.0,118.23680114746094,142.44017028808594,159.77841186523438,282.4686584472656,153.90966796875,76.89830780029297,50.98542022705078
2024-05-14,22217.849609375,1409.6414794921875,3658.587158203125,1341.33349609375,720.7328491210938,1102.47900390625,3322.108642578125,384.6651306152344,788.8652954101562,1266.593994140625,2258.474609375,13.25,22.549999237060547,40.20000076293945,120.78211212158203,153.56983947753906,161.95225524902344,287.4041442871094,161.35769653320312,77.24716186523438,51.42962646484375
2024-05-15,22200.55078125,1405.86962890625,3639.080322265625,1336.861328125,709.6575317382812,1106.2176513671875,3353.418212890625,382.96429443359375,790.8899536132812,1291.8409423828125,2233.194580078125,13.199999809265137,22.600000381469727,42.20000076293945,119.38939666748047,151.76370239257812,160.81593322753906,290.49505615234375,163.07269287109375,76.64912414550781,52.07126235961914
2024-05-16,22403.849609375,1414.8778076171875,3684.942138671875,1368.3070068359375,720.3875122070312,1112.8096923828125,3401.8818359375,386.2317199707031,782.8394165039062,1326.5557861328125,2252.27490234375,13.149999618530273,22.649999618530273,42.79999923706055,120.205810546875,153.91152954101562,162.14990234375,293.9349060058594,160.32870483398438,76.79863739013672,51.873836517333984
2024-05-17,22466.099609375,1425.15185546875,3621.7939453125,1359.78662109375,722.286865234375,1112.2684326171875,3392.19873046875,390.57342529296875,788.5277709960938,1325.9146728515625,2230.359130859375,13.25,23.0,42.599998474121094,120.15778350830078,164.9923858642578,161.90286254882812,299.01995849609375,163.56271362304688,76.9481430053711,52.12062072753906
2024-05-21,22529.05078125,1425.57373046875,3608.663330078125,1350.23046875,719.6722412109375,1102.8724365234375,3382.565185546875,389.2305908203125,800.8689575195312,1325.766845703125,2221.083251953125,13.550000190734863,23.25,44.04999923706055,121.40642547607422,175.19456481933594,161.70523071289062,318.2633361816406,170.86375427246094,77.19732666015625,55.82236862182617
2024-05-22,22597.80078125,1449.9185791015625,3619.810302734375,1369.672119140625,719.8695678710938,1093.1812744140625,3402.127685546875,393.796142578125,802.6334838867188,1329.3170166015625,2275.103515625,13.5,22.950000762939453,46.0,120.87815856933594,171.48468017578125,160.47007751464844,301.0639343261719,165.6697235107422,76.89830780029297,56.06915283203125
2024-05-23,22967.650390625,1475.1319580078125,3677.857421875,1386.2423095703125,736.3468017578125,1116.2039794921875,3524.564208984375,395.0941467285156,815.7206420898438,1355.1065673828125,2290.0986328125,14.050000190734863,23.100000381469727,48.29999923706055,121.64655303955078,182.077392578125,160.86532592773438,303.9055480957031,165.9147186279297,77.79537200927734,56.661434173583984
2024-05-24,22957.099609375,1469.37451171875,3636.341064453125,1379.3695068359375,748.4827270507812,1113.695068359375,3564.376953125,390.48388671875,812.28955078125,1369.357421875,2277.170166015625,15.100000381469727,23.0,45.95000076293945,121.45445251464844,179.6366729736328,161.5076141357422,304.7530517578125,166.1107177734375,77.4465103149414,56.21722412109375
2024-05-27,22932.44921875,1455.4774169921875,3634.027099609375,1385.2535400390625,753.6627807617188,1111.579833984375,3590.0341796875,386.2764892578125,817.2891845703125,1365.2645263671875,2292.021240234375,15.050000190734863,23.049999237060547,45.20000076293945,124.4319839477539,180.1736297607422,161.70523071289062,297.6739196777344,163.3177032470703,78.39341735839844,60.215110778808594
2024-05-28,22888.150390625,1445.5010986328125,3627.2724609375,1381.205322265625,755.0441284179688,1108.775634765625,3596.12890625,384.0384826660156,814.7894287109375,1352.14794921875,2303.027099609375,14.550000190734863,22.799999237060547,43.95000076293945,123.13531494140625,175.97561645507812,158.09860229492188,290.6446228027344,159.15267944335938,77.69569396972656,57.40178298950195
2024-05-29,22704.69921875,1430.1895751953125,3593.030029296875,1366.04736328125,744.0921630859375,1084.2281494140625,3573.1259765625,385.78411865234375,806.4567260742188,1358.114501953125,2281.3515625,14.800000190734863,22.75,46.099998474121094,122.99124145507812,176.0244140625,157.60455322265625,293.2369689941406,159.15267944335938,76.89830780029297,56.56271743774414
2024-05-30,22488.650390625,1414.3814697265625,3529.220458984375,1343.9224853515625,747.3234252929688,1095.7393798828125,3573.027587890625,379.4282531738281,809.5936889648438,1358.1639404296875,2260.20458984375,14.600000381469727,22.549999237060547,45.400001525878906,122.41494750976562,172.41217041015625,158.39503479003906,289.89678955078125,154.59567260742188,77.29700469970703,55.2300910949707
2024-05-31,22530.69921875,1419.8907470703125,3467.677978515625,1351.0770263671875,755.5620727539062,1102.970947265625,3607.040771484375,381.7557373046875,814.005126953125,1353.8245849609375,2238.7216796875,15.25,23.0,47.650001525878906,124.33592987060547,173.58370971679688,160.12425231933594,298.02288818359375,155.33067321777344,76.1507568359375,56.21722412109375
2024-06-03,23263.900390625,1499.228515625,3497.811767578125,1350.11669921875,775.6160278320312,1141.292724609375,3831.0244140625,385.2469787597656,887.8229370117188,1371.92138671875,2264.530029296875,16.0,23.549999237060547,50.0,131.58766174316406,184.46929931640625,162.3969268798828,310.53607177734375,163.02371215820312,77.84520721435547,61.004817962646484
2024-06-04,21884.5,1387.0091552734375,3509.2890625,1338.3526611328125,731.684814453125,1054.170654296875,3345.455810546875,378.5358581542969,759.9407348632812,1281.7816162109375,2399.485107421875,13.199999809265137,21.850000381469727,47.5,110.79296875,161.0384063720703,152.8121795654297,245.82650756835938,130.38955688476562,72.31331634521484,52.959686279296875
2024-06-05,22620.349609375,1410.3116455078125,3538.99755859375,1373.3564453125,765.5520629882812,1090.7708740234375,3351.1572265625,392.302490234375,774.2042846679688,1325.81591796875,2501.806640625,14.850000381469727,22.649999618530273,48.45000076293945,117.03617858886719,162.50283813476562,164.0767059326172,254.60069274902344,142.63961791992188,76.99797821044922,53.7493896484375
2024-06-06,22821.400390625,1421.0819091796875,3618.298828125,1413.833984375,769.4493408203125,1092.49267578125,3423.45947265625,396.9521179199219,800.868896484375,1351.7041015625,2450.718017578125,15.0,22.899999618530273,49.79999923706055,119.00519561767578,168.9463348388672,162.59454345703125,277.1343688964844,143.96261596679688,76.99797821044922,55.47687530517578
2024-06-07,23290.150390625,1459.1500244140625,3678.329833984375,1472.7496337890625,776.183349609375,1103.6103515625,3472.561767578125,400.3710021972656,813.613037109375,1405.6007080078125,2477.82421875,15.850000381469727,23.149999618530273,49.900001525878906,120.15778350830078,169.4833221435547,163.08859252929688,284.6622009277344,149.69564819335938,77.4465103149414,56.21722412109375
2024-06-10,23259.19921875,1460.5894775390625,3645.03173828125,1440.2427978515625,770.2387084960938,1105.676513671875,3483.620849609375,398.3196716308594,815.4265747070312,1406.3897705078125,2465.857421875,15.8100004196167,23.8700008392334,47.400001525878906,120.38829803466797,168.9072723388672,162.8909912109375,283.6153259277344,147.58863830566406,77.27706146240234,55.69403839111328
2024-06-11,23264.849609375,1445.9727783203125,3638.79736328125,1436.4014892578125,771.9653930664062,1100.1668701171875,3537.638671875,394.7640686035156,819.102783203125,1407.5731201171875,2457.2060546875,16.190000534057617,23.6200008392334,48.2599983215332,121.15670013427734,172.0216522216797,165.59841918945312,294.3337707519531,147.9904327392578,77.25713348388672,55.43738555908203
2024-06-12,23322.94921875,1452.5738525390625,3619.479248046875,1426.270263671875,776.5780029296875,1101.4951171875,3568.702392578125,394.1258544921875,822.5828857421875,1418.5694580078125,2430.628662109375,16.43000030517578,24.1200008392334,50.279998779296875,122.44376373291016,173.47633361816406,171.7938995361328,294.28387451171875,147.9904327392578,77.56611633300781,56.56271743774414
2024-06-13,23398.900390625,1454.4847412109375,3663.40478515625,1434.6729736328125,779.8340454101562,1089.49169921875,3640.807861328125,392.302490234375,827.2884521484375,1406.09375,2390.93017578125,16.06999969482422,23.799999237060547,49.869998931884766,121.56970977783203,170.97703552246094,170.21290588378906,303.0580749511719,146.63803100585938,77.20729064941406,56.20734786987305
2024-06-14,23465.599609375,1466.6944580078125,3619.857666015625,1429.8232421875,787.80126953125,1087.8192138671875,3625.2265625,393.07745361328125,822.680908203125,1407.7210693359375,2406.799072265625,16.729999542236328,23.809999465942383,49.47999954223633,123.84608459472656,170.6548614501953,172.32748413085938,304.8029479980469,150.55804443359375,77.74552917480469,56.06915283203125
2024-06-18,23557.900390625,1470.1439208984375,3603.846435546875,1438.75439453125,793.1786499023438,1104.7418212890625,3626.602783203125,390.8893737792969,828.2687377929688,1408.6578369140625,2413.10791015625,16.850000381469727,23.799999237060547,49.959999084472656,123.54833221435547,171.54327392578125,173.00929260253906,304.7032470703125,150.3424530029297,81.19424438476562,55.53609848022461
2024-06-19,23516.0,1447.9332275390625,3591.18798828125,1451.3824462890625,817.869873046875,1125.993408203125,3529.037109375,386.2397155761719,835.817138671875,1373.1541748046875,2384.718505859375,16.920000076293945,23.809999465942383,48.900001525878906,123.22175598144531,169.11231994628906,172.4757080078125,296.1783142089844,146.95164489746094,81.90192413330078,55.58545684814453
2024-06-20,23567.0,1462.8726806640625,3577.538330078125,1455.2718505859375,823.5431518554688,1138.144287109375,3561.236572265625,385.9206237792969,827.141357421875,1362.108642578125,2409.17724609375,16.530000686645508,23.959999084472656,50.529998779296875,123.41386413574219,168.21414184570312,176.75425720214844,292.53900146484375,150.95004272460938,83.56647491455078,56.68117141723633
2024-06-21,23501.099609375,1443.515869140625,3599.73681640625,1471.8853759765625,821.7671508789062,1139.9644775390625,3502.336181640625,382.54736328125,819.8380126953125,1396.527587890625,2369.48046875,17.139999389648438,23.84000015258789,53.04999923706055,122.25736999511719,172.13882446289062,174.42230224609375,294.1841735839844,152.3318634033203,83.19768524169922,56.01979446411133
2024-06-24,23537.849609375,1430.88427734375,3605.451904296875,1466.5556640625,825.0478515625,1151.229736328125,3498.967529296875,385.9206237792969,816.3088989257812,1400.225830078125,2370.35400390625,17.260000228881836,23.959999084472656,54.70000076293945,121.54792785644531,172.67575073242188,173.75038146972656,293.8352355957031,146.8536376953125,82.66941833496094,55.47687530517578
2024-06-25,23721.30078125,1443.46630859375,3625.90283203125,1480.7684326171875,844.2631225585938,1178.630615234375,3554.648193359375,385.9206237792969,825.6708984375,1395.4427490234375,2360.64794921875,17.190000534057617,24.020000457763672,53.599998474121094,120.6343994140625,171.4456329345703,173.90847778320312,293.0375671386719,144.07041931152344,82.63951873779297,54.88459014892578
2024-06-26,23868.80078125,1502.9013671875,3642.339599609375,1479.5679931640625,839.40380859375,1198.357421875,3569.658203125,386.5132141113281,828.7098388671875,1439.3785400390625,2373.654296875,18.020000457763672,23.790000915527344,52.7599983215332,120.85792541503906,170.88916015625,175.06455993652344,294.88214111328125,141.09120178222656,82.4700698852539,54.4107666015625
2024-06-27,24044.5,1519.304931640625,3716.3037109375,1510.922607421875,836.7644653320312,1200.2266845703125,3531.46435546875,388.0175476074219,827.3864135742188,1455.453857421875,2389.716796875,18.520000457763672,23.510000228881836,53.279998779296875,115.84323120117188,169.06349182128906,174.91635131835938,296.07861328125,140.02301025390625,81.93183135986328,53.50260925292969
2024-06-28,24010.599609375,1553.89892578125,3687.96484375,1504.58447265625,830.6718139648438,1180.254150390625,3515.66162109375,387.37933349609375,832.239013671875,1424.1414794921875,2400.296630859375,17.889999389648438,23.690000534057617,52.86000061035156,119.78890228271484,169.68832397460938,175.14361572265625,299.9671630859375,145.67762756347656,81.8919677734375,54.07514190673828
2024-07-01,24141.94921875,1548.6875,3757.914794921875,1527.68017578125,841.2291259765625,1192.3065185546875,3493.964111328125,391.16290283203125,825.3768310546875,1433.954345703125,2431.40380859375,17.6200008392334,24.059999465942383,52.93000030517578,119.01142883300781,167.6869354248047,175.6278076171875,301.5126037597656,146.07943725585938,80.87528991699219,53.956687927246094
2024-07-02,24123.849609375,1553.6756591796875,3794.944091796875,1556.72998046875,853.7597045898438,1171.399169921875,3592.990478515625,387.9263610839844,809.8878173828125,1399.3875732421875,2412.04052734375,17.020000457763672,23.850000381469727,53.029998779296875,117.23295593261719,167.89195251464844,172.94012451171875,296.27801513671875,143.7470245361328,78.63262939453125,53.24595260620117
2024-07-03,24286.5,1541.019287109375,3745.681640625,1562.8280029296875,872.5310668945312,1182.2218017578125,3580.952880859375,390.4790954589844,823.4161987304688,1400.275146484375,2436.499267578125,17.469999313354492,23.93000030517578,53.529998779296875,118.21451568603516,172.2949981689453,179.3035888671875,310.386474609375,148.58822631835938,80.61613464355469,53.433509826660156
2024-07-04,24302.150390625,1542.6075439453125,3798.297607421875,1585.1553955078125,852.0578002929688,1213.115478515625,3540.2822265625,391.16290283203125,822.7789306640625,1403.4310302734375,2422.522705078125,17.479999542236328,23.950000762939453,54.029998779296875,118.10761260986328,173.505615234375,178.8194122314453,310.13720703125,148.02964782714844,80.90518951416016,53.216339111328125
2024-07-05,24323.849609375,1576.9532470703125,3789.654052734375,1582.0823974609375,813.0598754882812,1213.509033203125,3593.634521484375,395.356689453125,842.826416015625,1409.9893798828125,2472.071044921875,17.09000015258789,26.639999389648438,55.4900016784668,119.34185791015625,183.76637268066406,183.9773712158203,315.4715270996094,152.4984588623047,80.92512512207031,53.838233947753906
2024-07-08,24320.55078125,1589.13818359375,3772.084228515625,1595.7191162109375,806.7698974609375,1215.1324462890625,3598.439697265625,404.42803955078125,839.3953247070312,1415.3642578125,2511.03955078125,16.559999465942383,25.68000030517578,55.20000076293945,117.9424057006836,197.22935485839844,185.8251495361328,327.386474609375,153.35105895996094,79.49979400634766,53.384151458740234
2024-07-09,24433.19921875,1578.5911865234375,3764.81005859375,1591.3975830078125,807.3372192382812,1228.1195068359375,3632.224853515625,412.6332702636719,844.3458862304688,1415.7586669921875,2513.951171875,16.850000381469727,25.799999237060547,55.369998931884766,118.94339752197266,191.20567321777344,185.5188446044922,328.5330810546875,152.87086486816406,78.93165588378906,54.4206428527832
2024-07-10,24324.44921875,1572.5855712890625,3692.6884765625,1582.8507080078125,802.2066040039062,1223.15087890625,3616.322998046875,411.5848693847656,832.2880249023438,1425.127685546875,2533.654296875,16.639999389648438,24.959999084472656,54.88999938964844,115.8626708984375,198.87930297851562,186.41802978515625,326.9876403808594,147.85324096679688,77.95484924316406,54.01591873168945
2024-07-11,24315.94921875,1569.036865234375,3706.4326171875,1587.1240234375,800.1345825195312,1218.4775390625,3587.640625,418.1490478515625,839.8364868164062,1418.12548828125,2532.1015625,16.559999465942383,25.829999923706055,54.720001220703125,116.03759765625,201.095458984375,190.37049865722656,331.72369384765625,148.8136444091797,77.96481323242188,53.66054916381836
2024-07-12,24502.150390625,1584.9937744140625,3952.27197265625,1643.8310546875,800.5292358398438,1213.01708984375,3615.629638671875,418.5137634277344,842.7774047851562,1413.490478515625,2545.107177734375,16.09000015258789,25.600000381469727,54.630001068115234,114.42434692382812,212.27391052246094,193.15696716308594,324.9436340332031,147.4122314453125,78.0146484375,53.68029022216797
2024-07-15,24586.69921875,1585.4901123046875,3938.338623046875,1639.317626953125,800.2332763671875,1210.1146240234375,3617.858642578125,422.4796447753906,864.001220703125,1417.7803955078125,2543.214599609375,16.68000030517578,26.3799991607666,54.619998931884766,117.5245132446289,211.1902618408203,192.43565368652344,324.4450988769531,148.9900360107422,77.90501403808594,55.6644287109375
2024-07-16,24613.0,1564.669189453125,3947.076416015625,1657.563720703125,799.073974609375,1219.9041748046875,3602.94775390625,424.43975830078125,863.364013671875,1446.281982421875,2609.359619140625,16.799999237060547,26.190000534057617,55.880001068115234,116.48464965820312,207.08006286621094,193.0285186767578,319.06097412109375,147.97084045410156,77.69569396972656,55.368289947509766
2024-07-18,24800.849609375,1575.0177001953125,4076.5849609375,1688.2939453125,796.6319580078125,1230.1365966796875,3622.416015625,428.7247009277344,875.9610595703125,1463.1956787109375,2657.840087890625,16.270000457763672,25.75,55.38999938964844,115.49336242675781,200.9392547607422,194.263671875,307.6944274902344,144.93283081054688,77.48638153076172,56.06915283203125
2024-07-19,24530.900390625,1543.7242431640625,4073.6015625,1721.8092041015625,792.9320068359375,1228.5130615234375,3585.064453125,432.64501953125,871.84375,1441.5975341796875,2646.775390625,15.869999885559082,24.770000457763672,54.54999923706055,113.22898864746094,200.8904266357422,189.1946258544922,293.2369689941406,138.9842071533203,75.77198791503906,54.35154342651367
2024-07-22,24509.25,1489.6495361328125,4059.352294921875,1738.9990234375,810.3218994140625,1221.1341552734375,3617.7099609375,425.3514404296875,859.540771484375,1445.1971435546875,2654.831298828125,15.890000343322754,25.670000076293945,55.08000183105469,114.83251953125,199.72865295410156,190.63726806640625,304.0052795410156,140.41500854492188,77.33686828613281,55.35841751098633
2024-07-23,24479.05078125,1476.96826171875,4073.55517578125,1764.015380859375,798.407958984375,1206.96630859375,3505.35791015625,448.7364196777344,846.8947143554688,1445.4930419921875,2684.96826171875,15.279999732971191,24.959999084472656,57.83000183105469,114.43406677246094,189.53622436523438,195.60751342773438,306.4480895996094,138.56280517578125,76.34012603759766,53.7493896484375
2024-07-24,24413.5,1484.7109375,4077.246826171875,1761.182373046875,791.3286743164062,1203.2767333984375,3486.9296875,450.4230651855469,835.2289428710938,1435.1376953125,2637.1181640625,15.579999923706055,24.899999618530273,60.720001220703125,113.26786041259766,187.7105712890625,198.83863830566406,308.2427978515625,144.0508270263672,75.41316986083984,55.0820198059082
2024-07-25,24406.099609375,1481.4351806640625,4092.633056640625,1752.4434814453125,797.5199584960938,1178.58154296875,3585.70849609375,446.68511962890625,831.7978515625,1429.1712646484375,2627.557861328125,15.180000305175781,24.6200008392334,61.470001220703125,114.4049072265625,179.20709228515625,202.23776245117188,310.6357421875,139.73880004882812,74.41643524169922,54.93395233154297
2024-07-26,24834.849609375,1497.9381103515625,4154.5078125,1804.3489990234375,798.2846069335938,1187.7314453125,3645.89697265625,457.8533935546875,845.4732666015625,1493.5216064453125,2631.294921875,15.979999542236328,24.969999313354492,61.88999938964844,116.57210540771484,179.0899658203125,195.64703369140625,316.3688659667969,144.4428253173828,74.23702239990234,56.40477752685547
2024-07-29,24836.099609375,1508.9317626953125,4148.11669921875,1796.8585205078125,791.822021484375,1193.142822265625,3740.06884765625,452.2464294433594,854.443115234375,1460.92724609375,2631.82861328125,16.049999237060547,24.950000762939453,64.9800033569336,123.42357635498047,190.63943481445312,198.6212615966797,322.1020202636719,144.7858428955078,74.58587646484375,56.602203369140625
2024-07-30,24857.30078125,1502.03271484375,4133.20458984375,1802.6683349609375,797.001953125,1189.9451904296875,3749.67919921875,446.6395568847656,855.6195068359375,1450.078857421875,2612.22265625,16.209999084472656,25.709999084472656,68.22000122070312,121.97554016113281,190.82492065429688,199.44139099121094,316.46856689453125,145.13864135742188,75.79193115234375,56.21722412109375
2024-07-31,24951.150390625,1494.364501953125,4152.14111328125,1794.1214599609375,797.1005859375,1195.307373046875,3779.748779296875,451.6083068847656,855.2274169921875,1470.9866943359375,2626.0537109375,16.270000457763672,26.510000228881836,69.37999725341797,120.45946502685547,189.05783081054688,198.9967498779297,314.32489013671875,149.97984313964844,75.7420883178711,55.53609848022461
2024-08-01,25010.900390625,1504.1671142578125,4163.26611328125,1779.092529296875,808.471923828125,1190.584716796875,3744.378662109375,450.10400390625,845.6693725585938,1484.744384765625,2635.662353515625,15.989999771118164,26.280000686645508,67.9800033569336,119.48762512207031,185.27960205078125,198.36436462402344,307.5946960449219,147.030029296875,75.14405059814453,54.82536697387695
2024-08-02,24717.69921875,1488.3092041015625,4055.280517578125,1748.938232421875,818.5111694335938,1177.2532958984375,3631.828369140625,445.9101867675781,831.16064453125,1473.2056884765625,2613.3388671875,16.1200008392334,25.450000762939453,71.3499984741211,116.87338256835938,187.76914978027344,195.3604736328125,300.7648010253906,143.30601501464844,74.06756591796875,54.46999740600586
2024-08-05,24055.599609375,1436.6912841796875,3934.087890625,1682.3880615234375,797.1005859375,1153.689453125,3495.400634765625,443.08392333984375,795.6732788085938,1445.4930419921875,2636.001953125,15.359999656677246,23.540000915527344,67.8499984741211,110.73136138916016,175.12623596191406,190.5582275390625,290.79412841796875,133.88818359375,71.77507781982422,51.005157470703125
2024-08-06,23992.55078125,1445.3524169921875,3949.37890625,1681.619873046875,789.922607421875,1148.0322265625,3543.1552734375,443.3574523925781,781.9978637695312,1423.6484375,2669.1474609375,15.170000076293945,23.25,66.2699966430664,110.60501861572266,172.17787170410156,189.0958251953125,286.7061767578125,132.75137329101562,71.52589416503906,49.89957046508789
2024-08-07,24297.5,1454.062744140625,3977.073486328125,1720.560791015625,800.9238891601562,1153.5418701171875,3604.632080078125,449.14666748046875,792.7322998046875,1429.7969970703125,2663.323974609375,15.720000267028809,24.049999237060547,69.58000183105469,112.66532135009766,178.0843963623047,190.41000366210938,303.7061462402344,138.79800415039062,72.29337310791016,51.281558990478516
2024-08-08,24117.0,1438.478271484375,3950.65673828125,1673.9853515625,810.3958740234375,1145.8184814453125,3520.714599609375,451.0612487792969,792.1441040039062,1439.7637939453125,2652.793212890625,15.859999656677246,23.920000076293945,72.91999816894531,110.8091049194336,176.62969970703125,191.47718811035156,296.9759826660156,134.7015838623047,71.79500579833984,50.807735443115234
2024-08-09,24367.5,1463.46826171875,4003.86865234375,1700.490234375,814.0958251953125,1152.70556640625,3558.85888671875,452.1097106933594,808.07421875,1451.961669921875,2666.38134765625,16.100000381469727,23.940000534057617,76.54000091552734,112.0239028930664,175.52650451660156,195.21224975585938,301.56634521484375,126.76355743408203,72.62229919433594,50.9459342956543
2024-08-12,24347.0,1449.8936767578125,3972.528564453125,1726.082763671875,818.9798583984375,1163.8199462890625,3538.944580078125,450.9244689941406,796.6044921875,1446.50732421875,2667.837158203125,16.010000228881836,24.420000076293945,80.36000061035156,111.37277221679688,180.1833953857422,198.84852600097656,298.07366943359375,129.06655883789062,71.55579376220703,50.511592864990234
2024-08-13,24139.0,1452.8717041015625,3973.76025390625,1726.130615234375,790.9092407226562,1159.4039306640625,3518.98095703125,446.7306823730469,781.8507690429688,1447.59814453125,2660.751708984375,15.470000267028809,24.110000610351562,80.79000091552734,111.08122253417969,177.3424072265625,199.797119140625,289.3420104980469,125.5777359008789,71.13716888427734,49.771244049072266
2024-08-14,24143.75,1451.1097412109375,4066.83203125,1750.906982421875,793.1786499023438,1152.7552490234375,3512.441650390625,448.7364196777344,787.1934814453125,1459.4986572265625,2641.97119140625,15.789999961853027,23.989999771118164,76.7699966430664,110.37177276611328,174.81382751464844,200.32081604003906,289.39190673828125,122.7259292602539,70.36967468261719,49.09999465942383
2024-08-16,24541.150390625,1467.339599609375,4181.2080078125,1785.1904296875,805.1666259765625,1178.1591796875,3535.3779296875,458.26361083984375,796.1143188476562,1471.25048828125,2667.400390625,15.880000114440918,24.270000457763672,79.94999694824219,109.85670471191406,174.5307159423828,201.24964904785156,295.92816162109375,125.7149429321289,71.72523498535156,50.02790069580078
2024-08-19,24572.650390625,1482.4791259765625,4251.22509765625,1790.8084716796875,804.895263671875,1166.8961181640625,3522.200927734375,457.1696472167969,797.682861328125,1457.4658203125,2661.867919921875,15.949999809265137,24.450000762939453,80.70999908447266,111.96559143066406,175.8975067138672,200.2812957763672,293.134033203125,128.6941680908203,71.77507781982422,51.281558990478516
2024-08-20,24698.849609375,1489.9990234375,4282.75439453125,1797.914794921875,807.9292602539062,1170.4189453125,3539.687744140625,454.7536315917969,804.1529541015625,1437.1357421875,2670.1181640625,15.9399995803833,24.510000228881836,79.43000030517578,114.04532623291016,175.6436767578125,201.27928161621094,295.7784729003906,130.48756408691406,73.11070251464844,51.528343200683594
2024-08-21,24770.19921875,1492.7132568359375,4309.455078125,1798.3948974609375,802.0586547851562,1165.8541259765625,3562.822021484375,460.77081298828125,799.4964599609375,1451.317138671875,2709.086669921875,15.9399995803833,24.450000762939453,78.8499984741211,113.13180541992188,176.24896240234375,200.8346405029297,296.0279541015625,132.33975219726562,73.38978576660156,51.557952880859375
2024-08-22,24811.5,1492.1654052734375,4262.5869140625,1805.645263671875,804.77197265625,1181.979736328125,3573.17529296875,459.99591064453125,804.1529541015625,1474.0272216796875,2710.639892578125,16.200000762939453,24.579999923706055,77.56999969482422,114.05504608154297,177.826904296875,200.90380859375,299.02166748046875,131.20297241210938,75.11414337158203,51.82448196411133
2024-08-23,24823.150390625,1494.008056640625,4226.51318359375,1788.2154541015625,801.6885986328125,1194.2847900390625,3565.298828125,461.135498046875,799.3003540039062,1494.2581787109375,2732.769287109375,15.819999694824219,24.389999389648438,78.83999633789062,112.99574279785156,179.75767517089844,198.35922241210938,295.57891845703125,129.15475463867188,74.17720794677734,51.19271469116211
2024-08-26,25010.599609375,1506.5828857421875,4263.01318359375,1801.7081298828125,809.0392456054688,1204.009765625,3608.248291015625,461.0443115234375,799.0062866210938,1501.0018310546875,2738.15576171875,15.789999961853027,24.079999923706055,76.4000015258789,112.88884735107422,177.44468688964844,197.53421020507812,296.67657470703125,134.99559020996094,73.86822509765625,51.005157470703125
2024-08-27,25017.75,1494.481201171875,4257.9951171875,1824.7076416015625,807.9539184570312,1216.9598388671875,3668.486328125,456.3946838378906,799.839599609375,1510.12548828125,2685.50146484375,16.040000915527344,24.020000457763672,77.5,112.69447326660156,177.2486572265625,195.735107421875,297.175537109375,133.1825714111328,74.3366928100586,50.83734893798828
2024-08-28,25052.349609375,1492.33984375,4266.42138671875,1862.1602783203125,807.6332397460938,1214.47900390625,3654.962646484375,453.3861083984375,793.467529296875,1543.4468994140625,2683.02685546875,15.970000267028809,23.959999084472656,78.95999908447266,111.51854705810547,177.35646057128906,194.38328552246094,293.9822692871094,131.35975646972656,73.84828186035156,50.57081985473633
2024-08-29,25151.94921875,1514.874755859375,4271.86669921875,1856.638427734375,808.3485717773438,1212.5439453125,3649.414306640625,460.497314453125,798.4671020507812,1552.9178466796875,2703.31201171875,16.299999237060547,23.729999542236328,77.0,112.27658081054688,176.3567657470703,194.74111938476562,290.3898010253906,131.56556701660156,72.99109649658203,50.274681091308594
2024-08-30,25235.900390625,1503.6197509765625,4311.58544921875,1866.5777587890625,807.5346069335938,1219.7879638671875,3670.41845703125,457.57989501953125,799.5454711914062,1575.8758544921875,2696.275390625,15.640000343322754,23.610000610351562,75.83999633789062,113.28729248046875,175.0630645751953,193.52845764160156,289.94073486328125,131.0167694091797,73.5990982055664,50.363525390625
2024-09-02,25278.69921875,1510.2183837890625,4280.6240234375,1886.5526123046875,802.6258544921875,1220.5322265625,3649.067626953125,465.01019287109375,805.966552734375,1558.322509765625,2707.000244140625,15.050000190734863,23.8700008392334,73.80999755859375,113.23870086669922,174.00457763671875,193.54833984375,286.1986083984375,130.50717163085938,74.76528930664062,49.9291877746582
2024-09-03,25279.849609375,1503.1217041015625,4272.38671875,1864.2249755859375,807.756591796875,1238.1463623046875,3656.05224609375,464.4176025390625,808.5643920898438,1547.6617431640625,2712.095703125,15.109999656677246,23.709999084472656,74.47000122070312,112.33488464355469,174.90626525878906,193.4390106201172,285.74957275390625,129.14495849609375,74.82508850097656,50.01802444458008
2024-09-04,25198.69921875,1508.525146484375,4241.04736328125,1846.1708984375,809.951904296875,1226.88330078125,3617.066162109375,461.6369323730469,800.427734375,1548.950927734375,2757.66455078125,14.829999923706055,23.489999771118164,74.16000366210938,109.759521484375,172.5148468017578,186.7395477294922,278.1156005859375,127.85136413574219,74.40646362304688,49.37639236450195
2024-09-05,25145.099609375,1487.035888671875,4237.92236328125,1856.4464111328125,811.7525024414062,1226.486328125,3590.662109375,466.05865478515625,802.6334838867188,1534.372802734375,2754.946533203125,15.09000015258789,23.389999389648438,76.0,110.2065658569336,170.02542114257812,188.5088348388672,272.97637939453125,128.5961456298828,74.7951889038086,49.20857620239258
2024-09-06,24852.150390625,1458.997802734375,4219.74365234375,1826.38818359375,807.5592041015625,1198.899169921875,3541.71875,457.39752197265625,767.0970458984375,1526.48876953125,2755.43212890625,13.350000381469727,23.139999389648438,74.72000122070312,106.90231323242188,166.46771240234375,182.3461456298828,263.246826171875,126.7929458618164,73.41969299316406,48.39912796020508
2024-09-09,24936.400390625,1456.63232421875,4212.9267578125,1819.4739990234375,812.2705688476562,1225.5435791015625,3545.236083984375,466.5600891113281,768.8125610351562,1529.860595703125,2835.844970703125,13.199999809265137,22.889999389648438,74.33999633789062,106.542724609375,164.97796630859375,183.87689208984375,261.50048828125,125.35234832763672,72.38308715820312,47.856204986572266
2024-09-10,25041.099609375,1455.7110595703125,4268.12646484375,1836.423828125,814.1698608398438,1227.8260498046875,3562.9208984375,468.2467346191406,767.2440795898438,1564.7686767578125,2813.327392578125,13.529999732971191,22.979999542236328,78.05000305175781,106.50385284423828,166.36968994140625,184.2545928955078,263.94537353515625,126.55774688720703,72.35317993164062,48.53732681274414
2024-09-11,24918.44921875,1445.7259521484375,4241.14208984375,1834.35888671875,810.9879150390625,1226.88330078125,3504.26806640625,468.93048095703125,753.4706420898438,1564.7191162109375,2818.7138671875,13.140000343322754,23.81999969482422,81.94999694824219,104.433837890625,162.57676696777344,182.07777404785156,258.2074279785156,124.43113708496094,71.28666687011719,47.836463928222656
2024-09-12,25388.900390625,1473.913330078125,4277.453125,1873.0599365234375,822.1865234375,1242.5623779296875,3588.5322265625,473.6257019042969,772.24365234375,1633.097412109375,2869.427001953125,13.520000457763672,23.43000030517578,81.69999694824219,105.65835571289062,163.69406127929688,182.47537231445312,265.4422302246094,128.07675170898438,72.5325927734375,47.90556335449219
2024-09-13,25356.5,1466.766845703125,4282.09228515625,1866.9620361328125,821.8658447265625,1240.7760009765625,3579.615234375,468.4746398925781,775.2826538085938,1620.8994140625,2846.666748046875,13.40999984741211,23.299999237060547,83.11000061035156,107.9810562133789,163.9194793701172,185.39768981933594,263.74578857421875,129.5565643310547,73.18047332763672,49.00128173828125
2024-09-16,25383.75,1465.4969482421875,4273.2392578125,1872.867919921875,824.3324584960938,1253.1802978515625,3628.41015625,465.9674987792969,770.0869750976562,1621.89111328125,2782.754150390625,13.239999771118164,23.5,84.69999694824219,107.68949890136719,160.6949920654297,183.5786895751953,268.93487548828125,130.37974548339844,73.49942779541016,48.86308288574219
2024-09-17,25418.55078125,1466.4432373046875,4266.04345703125,1875.07666015625,823.2718505859375,1258.39013671875,3661.0556640625,462.9132995605469,767.4891967773438,1647.97314453125,2788.965576171875,13.119999885559082,23.399999618530273,82.0,104.98778533935547,157.4019012451172,183.22085571289062,264.2946472167969,129.2919464111328,73.04093170166016,48.31028747558594
2024-09-18,25377.55078125,1457.6282958984375,4115.025390625,1817.0731201171875,836.0984497070312,1278.485107421875,3695.97998046875,462.5486145019531,777.145263671875,1641.179931640625,2791.246826171875,12.899999618530273,23.31999969482422,80.81999969482422,105.68751525878906,155.40252685546875,184.79135131835938,264.7436828613281,127.05754089355469,72.55252838134766,48.0141487121582
2024-09-19,25415.80078125,1463.82861328125,4067.683837890625,1819.041748046875,842.8571166992188,1282.107177734375,3649.662109375,463.369140625,774.400390625,1651.04736328125,2826.090576171875,10.380000114440918,22.950000762939453,80.97000122070312,104.22975158691406,152.15841674804688,185.07960510253906,256.61077880859375,124.97367095947266,73.57917022705078,46.898685455322266
2024-09-20,25790.94921875,1480.0140380859375,4057.0322265625,1830.1336669921875,858.989013671875,1328.201416015625,3758.84375,468.97607421875,766.3128051757812,1697.55859375,2890.00341796875,10.470000267028809,23.0,83.44999694824219,105.35709381103516,158.21536254882812,183.92657470703125,265.5919189453125,124.71688842773438,72.59239959716797,47.31328201293945
2024-09-23,25939.05078125,1487.434326171875,4041.5048828125,1821.2025146484375,868.1651000976562,1311.7781982421875,3752.700927734375,471.3008728027344,786.0661010742188,1735.937744140625,2939.45458984375,10.819999694824219,22.93000030517578,82.88999938964844,108.36978912353516,156.38259887695312,186.5208740234375,273.6250305175781,128.07479858398438,73.77851104736328,49.61330032348633
2024-09-24,25940.400390625,1483.4501953125,4044.156005859375,1823.267333984375,872.2350463867188,1308.50341796875,3756.565185546875,469.75103759765625,782.5369873046875,1742.0863037109375,2863.7490234375,10.670000076293945,22.950000762939453,83.79000091552734,104.79341888427734,155.5789337158203,189.56246948242188,281.65814208984375,132.2228240966797,73.43962860107422,48.744625091552734
2024-09-25,26004.150390625,1488.0069580078125,4047.421875,1820.09814453125,877.686279296875,1313.7132568359375,3758.79443359375,471.847900390625,777.4883422851562,1745.8052978515625,2862.196044921875,10.359999656677246,22.790000915527344,82.95999908447266,102.09171295166016,153.81478881835938,191.59019470214844,281.558349609375,132.5684814453125,72.78177642822266,47.9253044128418
2024-09-26,26216.05078125,1491.9910888671875,4064.22900390625,1824.851806640625,879.8323364257812,1318.87353515625,3727.386962890625,476.5887451171875,786.0661010742188,1756.41650390625,2898.25341796875,10.380000114440918,22.739999771118164,81.83999633789062,104.26863098144531,153.72657775878906,191.41128540039062,280.0614929199219,137.47695922851562,73.78848266601562,47.9253044128418
2024-09-27,26178.94921875,1520.1038818359375,4079.5673828125,1831.0938720703125,864.6376953125,1296.5953369140625,3671.4091796875,476.54315185546875,786.8504028320312,1720.2191162109375,2878.9873046875,10.65999984741211,22.739999771118164,81.08999633789062,106.14427947998047,153.68736267089844,192.54441833496094,286.947021484375,138.8003692626953,73.94796752929688,48.18196105957031
2024-09-30,25810.849609375,1470.701171875,4041.5048828125,1801.179931640625,854.47509765625,1263.252685546875,3641.58740234375,472.39495849609375,772.3907470703125,1695.3768310546875,2871.271240234375,10.359999656677246,22.479999542236328,80.05000305175781,104.19087982177734,155.559326171875,195.54624938964844,279.113525390625,139.6102294921875,74.10743713378906,47.61929702758789
2024-10-01,25796.900390625,1458.997802734375,4059.873291015625,1828.7890625,851.5890502929688,1264.6419677734375,3619.7412109375,470.6171569824219,781.2625732421875,1684.61669921875,2837.737548828125,10.170000076293945,22.420000076293945,79.73999786376953,102.24720001220703,152.24664306640625,195.93389892578125,279.8619384765625,139.2843017578125,73.20040893554688,47.46135330200195
2024-10-03,25250.099609375,1401.3780517578125,4007.655517578125,1818.273681640625,829.7838134765625,1246.7301025390625,3465.3310546875,467.4717712402344,778.4686889648438,1659.5760498046875,2808.23193359375,9.869999885559082,21.860000610351562,75.75,102.10142517089844,148.5811309814453,192.63388061523438,268.38604736328125,135.3338165283203,71.74517822265625,46.493961334228516
2024-10-04,25014.599609375,1381.0093994140625,4026.11865234375,1842.0416259765625,817.771240234375,1230.2572021484375,3461.665283203125,459.0841979980469,780.968505859375,1627.2960205078125,2764.94384765625,9.789999961853027,21.950000762939453,74.66999816894531,102.86917877197266,149.04177856445312,192.50465393066406,267.03887939453125,137.289306640625,71.59566497802734,46.11885452270508
2024-10-07,24795.75,1365.272216796875,4045.62353515625,1857.55078125,798.1119384765625,1224.4520263671875,3436.302001953125,465.14697265625,755.4802856445312,1648.2706298828125,2750.04541015625,9.15999984741211,21.260000228881836,70.93000030517578,99.19562530517578,141.4755096435547,183.09164428710938,256.11181640625,130.55374145507812,71.98439025878906,43.98664474487305
2024-10-08,25013.150390625,1391.791259765625,4027.065673828125,1871.2353515625,814.5152587890625,1227.13134765625,3499.760009765625,463.09564208984375,766.0676879882812,1643.708740234375,2735.875244140625,9.5,21.540000915527344,73.63999938964844,99.60379791259766,148.79673767089844,186.63021850585938,264.9432678222656,129.74388122558594,72.89141845703125,44.84545135498047
2024-10-09,24981.94921875,1369.1318359375,4026.782470703125,1875.2686767578125,805.6845703125,1234.62353515625,3454.878662109375,448.28057861328125,781.7037353515625,1664.1875,2687.491455078125,9.1899995803833,21.549999237060547,76.69000244140625,101.16845703125,150.42369079589844,184.72177124023438,263.74578857421875,128.7167510986328,72.1538314819336,45.19094467163086
2024-10-10,24998.44921875,1365.595947265625,4002.59033203125,1842.85791015625,820.114501953125,1233.978515625,3428.3759765625,448.5997009277344,781.4096069335938,1664.1875,2673.66064453125,9.3100004196167,21.420000076293945,75.44000244140625,100.77000427246094,148.4145050048828,184.56272888183594,270.781005859375,128.3612060546875,72.9013900756836,44.91455078125
2024-10-11,24964.25,1366.6417236328125,3928.549072265625,1858.3189697265625,814.4905395507812,1213.635498046875,3450.370849609375,445.0896301269531,784.0074462890625,1673.4105224609375,2701.322021484375,9.180000305175781,21.399999618530273,74.38999938964844,101.95565032958984,149.3651885986328,186.42149353027344,269.433837890625,132.37095642089844,72.13390350341797,44.677635192871094
2024-10-14,25127.94921875,1367.0650634765625,3916.666259765625,1881.1746826171875,832.7931518554688,1222.3184814453125,3522.200927734375,453.0669860839844,789.3012084960938,1681.54248046875,2707.048828125,9.09000015258789,21.049999237060547,74.01000213623047,102.0528335571289,148.33612060546875,195.5561981201172,268.18646240234375,132.66725158691406,72.70204162597656,44.52956771850586
2024-10-15,25057.349609375,1338.678466796875,3897.87158203125,1881.558837890625,830.81982421875,1245.8865966796875,3519.079833984375,454.5257263183594,788.81103515625,1703.012939453125,2699.623779296875,9.119999885559082,21.200000762939453,73.70999908447266,102.023681640625,148.09107971191406,197.42486572265625,271.0304870605469,129.3192138671875,72.50269317626953,44.59866714477539
2024-10-16,24971.30078125,1348.6884765625,3877.184326171875,1843.9141845703125,838.565185546875,1233.6312255859375,3499.958251953125,449.64813232421875,789.5952758789062,1719.574462890625,2699.4296875,9.289999961853027,21.149999618530273,75.05000305175781,102.09171295166016,147.75784301757812,193.23025512695312,269.0346984863281,128.31182861328125,71.98439025878906,44.973777770996094
2024-10-17,24749.849609375,1351.0291748046875,3890.486572265625,1890.0096435546875,825.4178466796875,1221.8223876953125,3537.31005859375,445.72784423828125,795.0850219726562,1687.0465087890625,2658.08251953125,9.050000190734863,20.899999618530273,73.01000213623047,99.57464599609375,146.15049743652344,192.4450225830078,253.66696166992188,126.2477035522461,71.50595092773438,44.52956771850586
2024-10-18,24854.05078125,1353.8927001953125,3913.3134765625,1805.0211181640625,829.7098388671875,1254.8177490234375,3544.74072265625,443.72210693359375,804.2510375976562,1693.69091796875,2637.1669921875,9.020000457763672,21.09000015258789,72.19000244140625,100.36183166503906,144.73916625976562,194.12484741210938,253.3177032470703,127.43284606933594,71.33650970458984,45.09223556518555
2024-10-21,24781.099609375,1363.7532958984375,3872.31103515625,1779.2364501953125,852.8223876953125,1249.4095458984375,3552.468505859375,440.9414367675781,797.927978515625,1678.517822265625,2614.309814453125,8.5,21.020000457763672,70.62999725341797,99.40943145751953,141.80873107910156,192.22634887695312,247.1306915283203,124.89466094970703,70.17032623291016,45.79309844970703
2024-10-22,24472.099609375,1338.006103515625,3811.234130859375,1778.132080078125,845.841796875,1257.7947998046875,3479.449462890625,439.2547912597656,774.841552734375,1678.22021484375,2602.80810546875,8.399999618530273,20.040000915527344,68.55999755859375,92.27613067626953,134.93829345703125,188.20071411132812,232.3118438720703,120.29234313964844,68.09711456298828,43.196937561035156
2024-10-23,24435.5,1333.2003173828125,3859.40283203125,1799.067138671875,856.3251342773438,1242.0164794921875,3423.471435546875,437.9328308105469,770.5281372070312,1671.82373046875,2581.0673828125,8.25,20.020000457763672,68.8499984741211,93.95741271972656,136.64366149902344,187.58444213867188,223.23092651367188,116.66776275634766,66.36279296875,42.97977066040039
2024-10-24,24399.400390625,1334.4703369140625,3841.986083984375,1789.4158935546875,863.15771484375,1243.15771484375,3410.83935546875,430.04669189453125,778.9097900390625,1664.53466796875,2431.40380859375,8.130000114440918,20.020000457763672,69.1500015258789,95.9691162109375,136.2614288330078,187.72360229492188,226.82337951660156,115.68014526367188,67.82799530029297,44.19394302368164
2024-10-25,24180.80078125,1322.5677490234375,3851.145263671875,1788.1676025390625,860.0744018554688,1245.8370361328125,3295.66357421875,439.7106628417969,765.5775756835938,1652.1878662109375,2453.678466796875,7.659999847412109,19.3799991607666,67.47000122070312,93.02445220947266,131.75303649902344,185.11936950683594,216.39529418945312,110.10009002685547,65.28631591796875,42.4763298034668
2024-10-28,24339.150390625,1329.0418701171875,3882.751220703125,1791.3365478515625,855.5357055664062,1282.95068359375,3309.9306640625,441.39727783203125,776.4590454101562,1649.559814453125,2500.023681640625,8.25,20.540000915527344,70.83999633789062,95.86222076416016,140.62281799316406,183.87689208984375,229.2682342529297,113.25059509277344,66.91099548339844,43.423980712890625
2024-10-29,24466.849609375,1334.66943359375,3867.945068359375,1786.4317626953125,864.2430419921875,1321.6519775390625,3349.659912109375,444.8617248535156,816.3088989257812,1623.5274658203125,2472.70166015625,7.960000038146973,20.729999542236328,68.87000274658203,98.4764633178711,140.6718292236328,199.4923553466797,234.50723266601562,114.27772521972656,67.37946319580078,44.401241302490234
2024-10-30,24340.849609375,1338.553955078125,3876.866455078125,1750.3009033203125,855.7330322265625,1302.1029052734375,3376.8564453125,448.1438293457031,806.2606201171875,1619.80859375,2479.787109375,7.679999828338623,20.719999313354492,68.12999725341797,97.1450424194336,152.4524688720703,202.01707458496094,236.1038818359375,114.59375762939453,68.56558227539062,45.40811538696289
2024-10-31,24205.349609375,1326.7510986328125,3766.577880859375,1706.7401123046875,856.2757568359375,1282.355224609375,3588.829345703125,445.6366882324219,804.054931640625,1599.2305908203125,2453.87255859375,8.119999885559082,20.399999618530273,66.94999694824219,95.14305877685547,152.85430908203125,202.68304443359375,238.49884033203125,114.31723022460938,65.71491241455078,45.516700744628906
2024-11-01,24304.349609375,1333.3248291015625,3781.526611328125,1710.236572265625,857.0650634765625,1281.90869140625,3592.842041015625,447.0042419433594,805.0352783203125,1603.048583984375,2462.8505859375,8.449999809265137,20.709999084472656,68.13999938964844,98.13632202148438,154.96148681640625,202.9414825439453,241.46261596679688,116.29247283935547,66.9309310913086,45.96091079711914
2024-11-04,23995.349609375,1296.9700927734375,3762.49658203125,1712.956298828125,845.6197509765625,1267.42041015625,3541.42138671875,441.8075256347656,813.5149536132812,1578.0576171875,2450.52392578125,7.880000114440918,20.329999923706055,66.31999969482422,100.73113250732422,150.18846130371094,203.0607452392578,232.90060424804688,112.49012756347656,65.615234375,44.85531997680664
2024-11-05,24213.30078125,1300.1075439453125,3769.33056640625,1703.77783203125,867.2030029296875,1286.7711181640625,3541.768310546875,437.7961120605469,832.4840698242188,1565.314208984375,2447.175537109375,8.140000343322754,20.6200008392334,67.37000274658203,101.76128387451172,148.42430114746094,203.04087829589844,234.7567138671875,117.06281280517578,66.09366607666016,45.45747375488281
2024-11-06,24484.05078125,1320.0777587890625,3929.068603515625,1771.280029296875,865.9203491210938,1292.3779296875,3611.765380859375,438.6166076660156,837.9738159179688,1585.5450439453125,2455.3740234375,8.170000076293945,20.84000015258789,69.31999969482422,103.96736145019531,150.943115234375,203.508056640625,247.4600067138672,122.3564682006836,66.6717758178711,46.06949234008789
2024-11-07,24199.349609375,1300.4561767578125,3939.746337890625,1751.2237548828125,861.62841796875,1268.908935546875,3612.85546875,435.69915771484375,842.6793212890625,1562.7357177734375,2430.630859375,8.050000190734863,20.780000686645508,66.80000305175781,103.7049560546875,150.8353271484375,204.77040100097656,243.77774047851562,121.8330307006836,66.302978515625,46.05962371826172
2024-11-08,24148.19921875,1278.6431884765625,3936.044921875,1777.350341796875,865.525634765625,1249.2109375,3626.478271484375,435.8359375,826.55322265625,1556.8846435546875,2462.247314453125,7.880000114440918,20.15999984741211,62.5,101.83902740478516,145.58204650878906,205.5258331298828,238.53875732421875,116.74678039550781,65.41588592529297,44.894805908203125
2024-11-11,24141.30078125,1267.6370849609375,3985.115478515625,1806.6337890625,871.3717041015625,1259.5810546875,3595.319091796875,434.83306884765625,830.964599609375,1547.6121826171875,2445.899169921875,7.829999923706055,19.889999389648438,62.15999984741211,102.17916870117188,144.46475219726562,206.4800567626953,238.7183837890625,114.45549774169922,66.34284973144531,43.828704833984375
2024-11-12,23883.44921875,1269.1810302734375,3983.880859375,1815.0838623046875,847.6424560546875,1260.8709716796875,3558.16552734375,431.0951232910156,810.427001953125,1542.7528076171875,2416.884765625,7.670000076293945,19.75,59.38999938964844,100.80888366699219,143.20339965820312,206.0228271484375,229.7372589111328,112.75678253173828,66.02389526367188,43.30552291870117
2024-11-13,23559.05078125,1247.0693359375,3939.224853515625,1814.6953125,829.463134765625,1244.100341796875,3515.166259765625,430.5025329589844,792.7322998046875,1537.5958251953125,2420.272216796875,7.360000133514404,19.06999969482422,54.029998779296875,97.7281494140625,137.58641052246094,198.18031311035156,222.0933074951172,110.30748748779297,63.412445068359375,41.07460403442383
2024-11-14,23532.69921875,1262.5574951171875,3935.0009765625,1810.9560546875,835.087158203125,1247.325439453125,3493.6669921875,424.804443359375,788.4188842773438,1537.6453857421875,2345.89501953125,7.340000152587891,19.309999465942383,56.72999954223633,96.68827819824219,137.62583923339844,195.79473876953125,223.24090576171875,110.45561981201172,63.20313262939453,40.73897933959961
2024-11-18,23453.80078125,1255.7347412109375,3815.03076171875,1759.3822021484375,841.1797485351562,1243.852294921875,3509.419921875,425.3514404296875,798.2710571289062,1524.25732421875,2378.984375,7.25,19.280000686645508,59.2599983215332,97.69898986816406,136.27578735351562,199.04505920410156,222.2030792236328,111.37411499023438,65.31621551513672,41.05485916137695
2024-11-19,23518.5,1236.710693359375,3834.06103515625,1772.300048828125,859.507080078125,1239.53564453125,3473.5048828125,426.0807800292969,787.1934814453125,1512.8526611328125,2366.661865234375,7.099999904632568,19.559999465942383,62.220001220703125,98.01969909667969,143.0654296875,205.40655517578125,225.40635681152344,110.07044982910156,64.40918731689453,41.933406829833984
2024-11-21,23349.900390625,1218.1348876953125,3865.666748046875,1781.3326416015625,858.989013671875,1240.974609375,3451.31201171875,416.7815246582031,765.3814697265625,1512.505615234375,2339.611328125,6.909999847412109,19.1299991607666,65.33000183105469,93.65614318847656,139.6065673828125,209.61111450195312,227.4620361328125,109.22109985351562,62.73466491699219,40.975887298583984
2024-11-22,23907.25,1260.3662109375,4028.679931640625,1847.572265625,861.15966796875,1268.2640380859375,3570.203125,432.7362060546875,799.9866333007812,1556.2896728515625,2400.92919921875,6.670000076293945,19.209999084472656,65.22000122070312,97.00898742675781,140.07957458496094,208.1101837158203,233.8985137939453,111.4333724975586,63.94071960449219,41.33125686645508
2024-11-25,24221.900390625,1281.8802490234375,4095.593505859375,1835.3829345703125,880.8929443359375,1290.9886474609375,3718.32177734375,434.6963195800781,827.8275756835938,1565.6612548828125,2426.654296875,6.96999979019165,19.18000030517578,64.2300033569336,101.17817687988281,144.17898559570312,211.5990753173828,240.7141876220703,112.67777252197266,64.4390869140625,43.759605407714844
2024-11-26,24194.5,1290.545654296875,4131.28173828125,1868.8428955078125,880.8683471679688,1294.9580078125,3668.387451171875,434.8786926269531,822.8770141601562,1564.1737060546875,2434.263916015625,7.519999980926514,20.139999389648438,63.56999969482422,102.15001678466797,144.55345153808594,212.3544921875,243.4584197998047,114.396240234375,64.927490234375,43.24629592895508
2024-11-27,24274.900390625,1288.0555419921875,4112.15576171875,1869.182861328125,894.06494140625,1290.740478515625,3664.5234375,434.83306884765625,817.6812744140625,1564.5704345703125,2441.82421875,8.34000015258789,20.260000228881836,63.59000015258789,101.4405746459961,148.29811096191406,211.5990753173828,247.14068603515625,114.82091522216797,63.94071960449219,43.680633544921875
2024-11-28,23914.150390625,1265.7447509765625,4028.96435546875,1803.282958984375,884.6176147460938,1276.5003662109375,3632.17529296875,432.9640808105469,822.3377685546875,1547.46337890625,2417.57177734375,8.359999656677246,20.360000610351562,63.72999954223633,103.29679107666016,151.16571044921875,209.78009033203125,251.96055603027344,114.84066772460938,64.05036163330078,44.38149642944336
2024-11-29,24131.099609375,1287.0595703125,4053.59521484375,1804.448486328125,886.04833984375,1290.1451416015625,3690.38232421875,434.6507568359375,822.4358520507812,1613.6600341796875,2450.906494140625,8.359999656677246,19.959999084472656,62.97999954223633,101.94593048095703,147.1648406982422,209.51170349121094,250.56349182128906,115.66039276123047,63.870948791503906,43.90767288208008
2024-12-02,24276.05078125,1303.9422607421875,4059.10009765625,1825.7677001953125,890.3156127929688,1294.6602783203125,3669.823974609375,435.0610046386719,819.93603515625,1629.9735107421875,2434.21484375,8.279999732971191,20.09000015258789,66.12000274658203,102.0431137084961,145.13485717773438,207.82192993164062,249.1265106201172,117.60601043701172,64.179931640625,43.6707649230957
2024-12-03,24457.150390625,1318.035888671875,4083.8720703125,1837.714111328125,900.9715576171875,1298.381591796875,3752.05712890625,430.8216552734375,837.1405639648438,1607.11474609375,2437.847900390625,8.210000038146973,20.84000015258789,65.4000015258789,104.92948150634766,146.04144287109375,208.69664001464844,251.82086181640625,121.27008819580078,64.98728942871094,44.549312591552734
2024-12-04,24467.44921875,1303.742919921875,4132.89501953125,1834.946044921875,917.6461791992188,1305.9730224609375,3754.880615234375,425.8529052734375,842.7774047851562,1570.966796875,2419.830322265625,8.420000076293945,21.229999542236328,67.72000122070312,106.91203308105469,148.84996032714844,214.14366149902344,250.8229522705078,120.65776062011719,65.9939956665039,49.74163055419922
2024-12-05,24708.400390625,1316.7908935546875,4236.966796875,1879.2352294921875,920.4335327148438,1326.2664794921875,3796.14599609375,426.21759033203125,848.4142456054688,1601.957763671875,2449.384765625,8.079999923706055,21.170000076293945,68.26000213623047,106.00821685791016,148.64300537109375,213.67649841308594,251.27200317382812,120.95404815673828,65.74481201171875,49.050636291503906
2024-12-06,24677.80078125,1306.3326416015625,4219.36083984375,1867.1431884765625,915.5494995117188,1318.5758056640625,3830.970947265625,429.5452575683594,846.649658203125,1584.6029052734375,2438.78076171875,8.119999885559082,21.489999771118164,67.38999938964844,106.99949645996094,155.69871520996094,212.11593627929688,248.52777099609375,122.3564682006836,65.68501281738281,49.386260986328125
2024-12-09,24619.0,1289.9979248046875,4225.67236328125,1868.3572998046875,922.5302124023438,1312.1751708984375,3910.826416015625,423.8927307128906,841.1598510742188,1589.263916015625,2357.23583984375,8.09000015258789,21.84000015258789,67.36000061035156,105.70694732666016,156.88124084472656,212.4837188720703,249.02671813964844,124.56874084472656,65.0072250366211,48.9617919921875
2024-12-10,24610.05078125,1279.73876953125,4207.06884765625,1892.54150390625,921.5928344726562,1320.2626953125,3886.8994140625,424.3486022949219,850.423828125,1565.5621337890625,2353.897705078125,8.079999923706055,21.600000381469727,66.55000305175781,107.35907745361328,154.56546020507812,213.05027770996094,248.07872009277344,125.24032592773438,65.65510559082031,48.102989196777344
2024-12-11,24641.80078125,1273.115234375,4202.228515625,1917.4056396484375,919.1261596679688,1317.3353271484375,3880.55859375,424.1662292480469,844.6399536132812,1572.85107421875,2357.824951171875,8.029999732971191,21.579999923706055,66.12000274658203,105.52230072021484,162.50807189941406,213.3882293701172,253.1680145263672,125.37859344482422,64.98728942871094,47.767364501953125
2024-12-12,24548.69921875,1257.876220703125,4228.33056640625,1929.8863525390625,917.2268676757812,1319.0718994140625,3824.23388671875,419.9268798828125,836.8955078125,1597.1976318359375,2302.447021484375,7.860000133514404,21.200000762939453,65.69999694824219,104.78369903564453,160.3598175048828,211.4002685546875,243.9873046875,127.65999603271484,64.12013244628906,47.99440383911133
2024-12-13,24768.30078125,1267.78662109375,4246.31591796875,1942.22119140625,923.3934936523438,1334.6021728515625,3851.08349609375,428.4967956542969,844.5909423828125,1667.8072509765625,2346.779052734375,7.989999771118164,21.09000015258789,66.19999694824219,104.69623565673828,156.99949645996094,211.867431640625,242.24098205566406,123.21570587158203,64.02046203613281,46.28666305541992
2024-12-16,24668.25,1263.2547607421875,4190.6015625,1923.1361083984375,920.1621704101562,1335.7928466796875,3842.01806640625,428.5879821777344,844.0028076171875,1648.7664794921875,2323.262939453125,7.989999771118164,21.25,66.36000061035156,105.13356018066406,156.62503051757812,212.11593627929688,247.080810546875,122.0799331665039,64.13009643554688,46.4544792175293
2024-12-17,24336.0,1240.34619140625,4108.31201171875,1919.78515625,904.4002685546875,1323.5374755859375,3772.020751953125,428.0865173339844,833.8074951171875,1601.908203125,2320.41552734375,7.809999942779541,20.959999084472656,69.55999755859375,103.00523376464844,154.37823486328125,209.02464294433594,241.84182739257812,119.61088562011719,63.40248107910156,45.81283950805664
2024-12-18,24198.849609375,1248.2645263671875,4126.67822265625,1922.261962890625,893.275634765625,1304.087646484375,3723.424072265625,428.9526672363281,821.651611328125,1588.619384765625,2316.43896484375,7.789999961853027,20.6200008392334,67.94999694824219,100.12859344482422,151.116455078125,198.82638549804688,239.34706115722656,118.32697296142578,64.44905853271484,44.77635192871094
2024-12-19,23951.69921875,1225.55517578125,4054.59130859375,1890.2589111328125,884.790283203125,1277.0462646484375,3682.010498046875,425.3514404296875,816.4068603515625,1587.0325927734375,2317.0771484375,7.690000057220459,20.360000610351562,67.05000305175781,100.60478973388672,150.61387634277344,199.7408447265625,241.74203491210938,117.43811798095703,64.85771179199219,44.65789794921875
2024-12-20,23587.5,1200.50537109375,3958.159423828125,1866.900390625,873.93701171875,1278.5347900390625,3596.309814453125,423.6192321777344,796.016357421875,1565.0166015625,2291.597412109375,7.400000095367432,19.829999923706055,64.12999725341797,97.9322280883789,146.2484130859375,193.2899169921875,234.80661010742188,114.66289520263672,61.47877502441406,43.611534118652344
2024-12-23,23753.44921875,1217.437744140625,3946.769775390625,1868.988525390625,888.4902954101562,1286.8704833984375,3606.861328125,432.3714904785156,804.9862670898438,1573.74365234375,2296.5068359375,7.46999979019165,19.90999984741211,63.86000061035156,98.52505493164062,145.63742065429688,195.83450317382812,240.4447479248047,119.68989562988281,61.747894287109375,43.00938415527344
2024-12-24,23727.650390625,1217.8858642578125,3966.891845703125,1854.1768798828125,887.0596313476562,1287.3170166015625,3606.1181640625,436.20062255859375,796.0653686523438,1570.7685546875,2293.217529296875,7.460000038146973,19.799999237060547,64.87000274658203,98.7777328491211,145.70640563964844,195.5363006591797,238.84811401367188,117.58625793457031,62.08678436279297,43.23642349243164
2024-12-26,23750.19921875,1211.7105712890625,3957.02099609375,1852.5743408203125,883.4336547851562,1287.4161376953125,3595.962890625,434.83306884765625,796.45751953125,1586.2392578125,2290.46826171875,7.559999942779541,19.799999237060547,64.33999633789062,99.28309631347656,144.7505340576172,196.4905242919922,241.24307250976562,116.13444519042969,61.548545837402344,42.703369140625
2024-12-27,23813.400390625,1216.1927490234375,3952.9873046875,1861.655517578125,887.1336669921875,1297.5382080078125,3574.7607421875,436.3373718261719,783.9094848632812,1586.5863037109375,2298.814208984375,7.46999979019165,19.81999969482422,63.25,98.58336639404297,144.0902862548828,195.54624938964844,234.90638732910156,114.0999526977539,62.316036224365234,42.45658874511719
2024-12-30,23644.900390625,1205.8837890625,3947.24462890625,1851.214599609375,877.0943603515625,1284.7369384765625,3545.8798828125,434.8786926269531,772.7828369140625,1573.74365234375,2301.0234375,7.769999980926514,19.540000915527344,61.41999816894531,98.89435577392578,151.116455078125,199.8402557373047,225.126953125,110.34699249267578,63.611793518066406,41.844566345214844
2024-12-31,23644.80078125,1210.6148681640625,3886.50048828125,1825.9617919921875,874.6029663085938,1271.83642578125,3574.314697265625,440.9414367675781,779.3019409179688,1574.586669921875,2284.675537109375,7.940000057220459,19.59000015258789,62.220001220703125,99.88562774658203,146.8692169189453,198.8164520263672,228.91896057128906,111.72966003417969,62.93400955200195,43.30552291870117
2025-01-01,23742.900390625,1216.391845703125,3903.25244140625,1828.389892578125,879.4869995117188,1273.8211669921875,3633.61181640625,441.2149353027344,777.58642578125,1582.470703125,2280.011474609375,8.010000228881836,19.6299991607666,65.33000183105469,99.76901245117188,148.16015625,199.30349731445312,232.74093627929688,111.53213500976562,63.9805908203125,43.295654296875
2025-01-02,24188.650390625,1236.860107421875,3963.33251953125,1901.5740966796875,884.9136352539062,1280.7178955078125,3679.186767578125,445.8645935058594,785.428955078125,1596.3546142578125,2327.04296875,8.140000343322754,19.59000015258789,62.91999816894531,102.50959777832031,149.8255157470703,204.89962768554688,232.25196838378906,112.65802001953125,64.46898651123047,43.512821197509766
2025-01-03,24004.75,1246.1729736328125,3891.341064453125,1883.0230712890625,862.9356689453125,1255.363525390625,3626.081787109375,439.0724792480469,777.782470703125,1585.5946044921875,2362.635986328125,8.270000457763672,19.959999084472656,61.95000076293945,103.40369415283203,151.4613494873047,204.01498413085938,229.5775909423828,112.75678253173828,64.86768341064453,44.38149642944336
2025-01-06,23616.05078125,1213.15478515625,3886.690185546875,1882.1490478515625,843.84375,1254.4207763671875,3569.90576171875,419.1042785644531,761.1171264648438,1575.28076171875,2333.130615234375,7.880000114440918,18.899999618530273,58.849998474121094,98.87491607666016,143.30194091796875,196.3414306640625,219.35906982421875,109.0531997680664,62.40574264526367,42.45658874511719
2025-01-07,23707.900390625,1235.913818359375,3823.38330078125,1875.3502197265625,845.2744140625,1269.454833984375,3609.635498046875,417.6367492675781,763.4208374023438,1577.660888671875,2347.46630859375,8.0600004196167,19.020000457763672,60.880001068115234,100.20633697509766,143.8734893798828,196.1227569580078,224.3485870361328,110.0902099609375,62.23629379272461,42.940284729003906
2025-01-08,23688.94921875,1260.4658203125,3899.408447265625,1877.5841064453125,835.8518676757812,1254.073486328125,3563.119384765625,425.6372985839844,755.970458984375,1585.941650390625,2357.481201171875,7.989999771118164,18.770000457763672,60.029998779296875,99.09844207763672,141.6759796142578,194.3236541748047,220.9058074951172,108.40137481689453,62.445613861083984,42.67375946044922
2025-01-09,23526.5,1249.758544921875,3833.396728515625,1862.1898193359375,822.778564453125,1252.73388671875,3495.301513671875,426.1580505371094,745.4810791015625,1593.7266845703125,2391.2578125,7.920000076293945,18.489999771118164,57.880001068115234,99.15675354003906,138.4141845703125,192.2760467529297,215.92628479003906,106.9199447631836,62.16652297973633,41.508941650390625
2025-01-10,23431.5,1236.959716796875,4048.6591796875,1910.4124755859375,817.3272094726562,1240.2799072265625,3503.475341796875,421.234619140625,728.61962890625,1602.5032958984375,2397.787109375,7.75,17.959999084472656,55.56999969482422,95.86222076416016,133.73338317871094,187.962158203125,204.06121826171875,104.71754455566406,60.1929817199707,40.39347839355469
2025-01-13,23085.94921875,1234.9178466796875,4072.814697265625,1905.799072265625,804.5499267578125,1220.3338623046875,3432.289306640625,415.69580078125,715.1403198242188,1583.958251953125,2406.5751953125,7.739999771118164,17.1200008392334,54.45000076293945,92.73289489746094,126.56925964355469,186.59046936035156,192.17617797851562,98.85106658935547,59.136444091796875,38.06385040283203
2025-01-14,23176.05078125,1233.822265625,4017.717529296875,1884.285888671875,812.3198852539062,1230.8031005859375,3430.605224609375,413.3761291503906,733.4232177734375,1586.834228515625,2325.0302734375,8.25,18.020000457763672,57.16999816894531,95.6386947631836,133.57571411132812,191.40133666992188,196.68670654296875,104.56939697265625,61.7379264831543,44.6875114440918
2025-01-15,23213.19921875,1247.2186279296875,4033.42578125,1893.60986328125,810.568603515625,1228.7686767578125,3469.04638671875,414.0862731933594,738.8639526367188,1594.123291015625,2329.989013671875,8.760000228881836,17.969999313354492,57.2599983215332,95.48320007324219,135.55642700195312,192.97183227539062,201.73609924316406,103.9076919555664,61.817665100097656,41.86430740356445
2025-01-16,23311.80078125,1261.4119873046875,3992.328125,1873.0191650390625,815.0086059570312,1239.53564453125,3475.486328125,409.82562255859375,751.2158813476562,1616.6846923828125,2302.496337890625,8.930000305175781,18.290000915527344,56.869998931884766,97.3977279663086,140.89747619628906,194.24412536621094,210.14840698242188,106.18909454345703,62.47551345825195,42.387489318847656
2025-01-17,23203.19921875,1297.169189453125,3986.528564453125,1763.2672119140625,807.4605712890625,1216.066650390625,3535.675048828125,416.7846374511719,749.0592041015625,1614.007080078125,2311.3330078125,9.109999656677246,18.260000228881836,56.84000015258789,97.31025695800781,144.0607452392578,190.42723083496094,213.631103515625,107.47300720214844,62.35590744018555,42.51581573486328
2025-01-20,23344.75,1300.2568359375,3941.582275390625,1761.1790771484375,814.6138916015625,1223.50927734375,3559.800048828125,414.4176025390625,763.9110107421875,1627.5439453125,2302.692626953125,9.9399995803833,18.93000030517578,58.09000015258789,98.15576171875,144.56329345703125,192.86248779296875,216.4651336669922,108.51001739501953,63.611793518066406,43.98664474487305
2025-01-21,23024.650390625,1268.6331787109375,3901.033447265625,1748.941162109375,810.2479248046875,1186.9910888671875,3508.3798828125,414.2756042480469,744.1085815429688,1612.6683349609375,2298.077880859375,9.359999656677246,18.5,57.43000030517578,97.49490356445312,140.3160858154297,191.19261169433594,209.110595703125,108.51988220214844,63.12339401245117,43.5226936340332
2025-01-22,23155.349609375,1272.0196533203125,4017.749755859375,1803.0887451171875,821.9152221679688,1191.258056640625,3485.691162109375,413.7548522949219,738.6188354492188,1618.2218017578125,2300.4833984375,9.510000228881836,18.350000381469727,55.119998931884766,95.43460845947266,138.20724487304688,188.95614624023438,205.0291748046875,105.77429962158203,62.615055084228516,42.59478759765625
2025-01-23,23205.349609375,1258.6231689453125,4006.972412109375,1811.8299560546875,821.347900390625,1192.5482177734375,3470.87939453125,416.7846374511719,731.2174682617188,1622.4366455078125,2279.618408203125,9.510000228881836,18.469999313354492,54.310001373291016,96.62997436523438,139.31092834472656,189.60223388671875,206.05702209472656,107.78904724121094,62.904109954833984,42.940284729003906
2025-01-24,23092.19921875,1241.34228515625,4013.642333984375,1821.5426025390625,813.8986206054688,1199.941162109375,3426.24560546875,418.11016845703125,729.501953125,1631.1636962890625,2325.177490234375,9.460000038146973,18.239999771118164,52.540000915527344,94.87094116210938,138.63096618652344,186.97811889648438,199.77023315429688,106.8310546875,62.06685256958008,41.587913513183594
2025-01-27,22829.150390625,1224.4595947265625,3929.35498046875,1769.62890625,804.0319213867188,1218.547607421875,3425.70068359375,416.6899719238281,734.4525146484375,1589.3134765625,2349.47900390625,8.890000343322754,18.489999771118164,50.22999954223633,92.82036590576172,135.05386352539062,189.98988342285156,194.13206481933594,102.14972686767578,56.544921875,42.30852127075195
2025-01-28,22957.25,1229.4896240234375,3905.335205078125,1777.15625,824.0612182617188,1237.3525390625,3382.35498046875,412.2873229980469,737.5895385742188,1604.932861328125,2345.551513671875,9.0,18.3700008392334,50.2599983215332,96.9701156616211,135.81263732910156,182.99224853515625,187.22657775878906,101.56702423095703,58.079898834228516,42.1209602355957
2025-01-29,23163.099609375,1230.585205078125,3962.846923828125,1827.1759033203125,827.4651489257812,1242.066162109375,3417.82421875,410.2989807128906,743.5204467773438,1587.1812744140625,2340.740234375,8.9399995803833,18.809999465942383,52.77000045776367,95.01671600341797,139.6656951904297,185.05972290039062,199.44091796875,103.0682144165039,59.62484359741211,42.1900634765625
2025-01-30,23249.5,1248.0654296875,3963.088623046875,1806.4881591796875,834.4705200195312,1245.98583984375,3389.33984375,412.9974060058594,747.5887451171875,1627.147216796875,2365.0908203125,8.989999771118164,18.950000762939453,55.400001525878906,93.80191802978516,146.07101440429688,183.84707641601562,195.95822143554688,104.14472198486328,60.99037170410156,42.29864501953125
2025-01-31,23508.400390625,1260.0673828125,3975.0263671875,1825.7677001953125,838.047119140625,1243.2073974609375,3534.4365234375,423.6963195800781,757.68603515625,1612.8170166015625,2424.052490234375,9.050000190734863,19.229999542236328,58.16999816894531,98.3501205444336,148.74154663085938,186.0835418701172,207.65365600585938,106.10021209716797,63.033687591552734,42.95015335083008
2025-02-01,23482.150390625,1259.5693359375,3937.08740234375,1798.1353759765625,834.1991577148438,1245.936279296875,3415.64453125,437.94573974609375,750.9218139648438,1609.7923583984375,2460.627197265625,9.600000381469727,19.030000686645508,58.15999984741211,96.5522232055664,139.16311645507812,182.9822998046875,199.6005859375,105.21135711669922,61.747894287109375,42.34800720214844
2025-02-03,23361.05078125,1240.94384765625,3932.737548828125,1809.741943359375,827.8104858398438,1243.40576171875,3258.80712890625,430.1819763183594,745.9712524414062,1638.6510009765625,2397.68896484375,9.069999694824219,18.790000915527344,56.369998931884766,95.55123138427734,134.84690856933594,179.47354125976562,195.82850646972656,101.00408172607422,62.056880950927734,41.08447265625
2025-02-04,23739.25,1280.08740234375,3969.854736328125,1844.2215576171875,848.9744873046875,1258.4893798828125,3407.37158203125,430.93939208984375,763.8619995117188,1647.675537109375,2393.85986328125,9.399999618530273,19.1200008392334,56.91999816894531,96.26067352294922,135.83233642578125,180.13951110839844,206.28652954101562,105.3594970703125,61.91733932495117,41.56816864013672
2025-02-05,23696.30078125,1273.115234375,3954.43798828125,1842.5218505859375,857.311767578125,1257.9931640625,3351.938720703125,424.311767578125,750.9708251953125,1646.683837890625,2347.711669921875,9.539999961853027,19.420000076293945,55.900001525878906,97.43659973144531,135.92103576660156,182.7636260986328,208.57171630859375,107.49275970458984,63.12339401245117,42.387489318847656
2025-02-06,23603.349609375,1276.4520263671875,3946.366943359375,1860.587158203125,860.29638671875,1262.6572265625,3321.77001953125,417.6367492675781,737.4424438476562,1606.3212890625,2329.694091796875,9.270000457763672,19.280000686645508,54.91999816894531,96.91180419921875,134.3246307373047,182.51512145996094,204.4104766845703,106.6434097290039,63.52208709716797,41.90379333496094
2025-02-07,23559.94921875,1261.6610107421875,3894.799072265625,1848.93212890625,854.8204345703125,1247.2760009765625,3306.06640625,407.9319763183594,722.688720703125,1662.8487548828125,2321.0048828125,9.470000267028809,19.1200008392334,53.61000061035156,96.47447204589844,131.486572265625,187.0079345703125,202.41465759277344,108.9544448852539,63.88090896606445,41.44971466064453
2025-02-10,23381.599609375,1248.6629638671875,3902.096923828125,1826.2532958984375,846.4337158203125,1252.9322509765625,3297.892578125,404.47613525390625,722.2965698242188,1679.013671875,2318.648193359375,9.109999656677246,18.59000015258789,52.720001220703125,95.54151153564453,129.14125061035156,185.43743896484375,202.5543670654297,103.87806701660156,62.70476150512695,40.70936584472656
2025-02-11,23071.80078125,1229.937744140625,3831.14892578125,1821.7369384765625,839.3544311523438,1243.15771484375,3209.715087890625,396.049560546875,716.7088012695312,1682.6829833984375,2273.285400390625,8.819999694824219,18.110000610351562,51.9900016784668,92.53852844238281,124.4111557006836,182.56483459472656,199.29122924804688,98.78193664550781,61.43890380859375,39.564292907714844
2025-02-12,23045.25,1211.7105712890625,3818.1962890625,1809.59619140625,842.0184326171875,1242.2149658203125,3259.2529296875,394.22222900390625,718.7184448242188,1697.3603515625,2290.222900390625,8.390000343322754,18.1299991607666,52.400001525878906,92.9758529663086,123.52426147460938,182.8431396484375,198.41307067871094,104.44100952148438,61.957210540771484,39.445831298828125
2025-02-13,23031.400390625,1211.2623291015625,3779.532470703125,1790.2681884765625,837.5291137695312,1239.337158203125,3233.493408203125,394.0299072265625,713.3267211914062,1700.3848876953125,2279.42236328125,8.640000343322754,18.170000076293945,53.349998474121094,91.97486114501953,124.72649383544922,180.70608520507812,201.39682006835938,107.97669982910156,61.289398193359375,39.68274688720703
2025-02-14,22929.25,1212.40771484375,3803.407470703125,1803.0401611328125,836.1231079101562,1250.451416015625,3207.733642578125,394.558837890625,707.9349975585938,1702.814697265625,2276.329345703125,8.210000038146973,17.760000228881836,51.13999938964844,89.65216827392578,119.97669982910156,179.92083740234375,192.90464782714844,104.40150451660156,60.40229797363281,38.74496841430664
2025-02-17,22959.5,1220.02734375,3774.071533203125,1789.3455810546875,847.2230834960938,1241.5699462890625,3192.079833984375,392.97198486328125,713.375732421875,1661.65869140625,2287.178955078125,8.270000457763672,17.65999984741211,51.41999816894531,90.55597686767578,120.00626373291016,180.44764709472656,193.06431579589844,104.02620697021484,61.29936218261719,38.162559509277344
2025-02-18,22945.30078125,1220.525390625,3743.816650390625,1798.7181396484375,850.0350952148438,1233.531982421875,3190.395263671875,389.7500915527344,711.5131225585938,1655.0638427734375,2254.384521484375,8.069999694824219,17.459999084472656,50.63999938964844,89.27314758300781,117.5328140258789,179.60276794433594,186.1787872314453,103.09784698486328,59.32582092285156,36.91877365112305
2025-02-19,22932.900390625,1222.567138671875,3657.693359375,1758.7509765625,852.0823974609375,1251.9896240234375,3245.630126953125,390.8561096191406,712.9835815429688,1631.560302734375,2209.611083984375,8.300000190734863,18.0,54.15999984741211,90.24498748779297,122.45999145507812,180.08981323242188,194.680908203125,105.21135711669922,59.794288635253906,38.08359146118164
2025-02-20,22913.150390625,1228.0950927734375,3653.150390625,1772.6884765625,832.2998046875,1240.379150390625,3245.53125,386.6724853515625,715.3363647460938,1629.8743896484375,2207.3037109375,8.270000457763672,18.209999084472656,54.880001068115234,92.9564208984375,122.96257019042969,183.27056884765625,199.75025939941406,108.48037719726562,61.159820556640625,38.853553771972656
2025-02-21,22795.900390625,1223.264404296875,3659.52978515625,1762.8302001953125,834.9638061523438,1223.50927734375,3284.468017578125,385.5664367675781,707.7879028320312,1625.65966796875,2201.019287109375,8.039999961853027,17.93000030517578,55.16999816894531,91.59584045410156,123.28776550292969,178.767822265625,195.99815368652344,111.36424255371094,60.43220138549805,38.08359146118164
2025-02-24,22553.349609375,1209.718505859375,3552.8173828125,1713.3931884765625,827.366455078125,1209.0211181640625,3227.598388671875,386.5282287597656,702.2981567382812,1588.0242919921875,2200.822998046875,7.920000076293945,17.860000610351562,54.290000915527344,91.3431625366211,121.67164611816406,180.1494598388672,191.02857971191406,106.87055969238281,59.70458221435547,37.570281982421875
2025-02-25,22547.55078125,1199.21044921875,3508.305908203125,1716.8896484375,829.9564819335938,1214.7767333984375,3196.092041015625,389.3653869628906,696.9064331054688,1627.7918701171875,2218.349609375,7.909999847412109,17.790000915527344,54.58000183105469,90.49766540527344,121.46470642089844,177.6346893310547,194.20191955566406,104.8558120727539,58.618141174316406,37.570281982421875
2025-02-27,22545.05078125,1202.298095703125,3491.87353515625,1713.5875244140625,839.0091552734375,1213.0897216796875,3179.84375,386.23968505859375,690.0442504882812,1636.71728515625,2204.259765625,7.800000190734863,17.360000610351562,52.130001068115234,89.37033081054688,118.60694122314453,177.6346893310547,187.04696655273438,104.66816711425781,59.02680206298828,37.165557861328125
2025-02-28,22124.69921875,1195.325927734375,3366.892822265625,1639.189208984375,854.6477661132812,1194.8802490234375,3134.61572265625,379.8921203613281,675.241455078125,1557.18212890625,2150.551025390625,7.550000190734863,16.75,49.709999084472656,84.92902374267578,110.7825927734375,176.5512237548828,178.79429626464844,103.72003936767578,58.19950866699219,35.90202331542969
2025-03-03,22119.30078125,1166.5906982421875,3376.36572265625,1659.4884033203125,839.428466796875,1196.964111328125,3167.756591796875,382.2484436035156,681.6134643554688,1582.5699462890625,2137.394287109375,7.460000038146973,16.309999465942383,49.779998779296875,84.83184051513672,109.51138305664062,178.40003967285156,185.08108520507812,105.04345703125,57.50178909301758,34.3917121887207
2025-03-04,22082.650390625,1157.2779541015625,3414.06298828125,1639.7720947265625,843.5971069335938,1201.1319580078125,3183.311279296875,379.74786376953125,701.9550170898438,1562.2894287109375,2118.24755859375,7.429999828338623,16.34000015258789,50.11000061035156,84.6374740600586,112.92098999023438,175.44790649414062,192.3458251953125,106.3273696899414,56.64459991455078,35.329490661621094
2025-03-05,22337.30078125,1170.9234619140625,3428.561767578125,1662.30517578125,833.73046875,1206.391357421875,3209.715087890625,389.5577087402344,715.9735107421875,1604.833740234375,2131.10986328125,7.860000133514404,16.920000076293945,51.4900016784668,87.21284484863281,116.01525115966797,180.41781616210938,195.6488800048828,111.1370849609375,57.76094436645508,36.28700637817383
2025-03-06,22544.69921875,1204.7882080078125,3481.289794921875,1666.5301513671875,834.3224487304688,1208.7235107421875,3229.77783203125,390.1828918457031,717.6400756835938,1613.412109375,2178.73095703125,7.730000019073486,16.979999542236328,52.099998474121094,88.42764282226562,118.83358764648438,180.64645385742188,197.98397827148438,110.58402252197266,57.5815315246582,36.78057098388672
2025-03-07,22552.5,1244.828369140625,3490.56884765625,1637.5382080078125,833.3604736328125,1205.250244140625,3214.718505859375,388.45172119140625,718.3262939453125,1617.1805419921875,2164.592041015625,7.550000190734863,16.8799991607666,54.91999816894531,88.60257720947266,121.62237548828125,179.42384338378906,196.53701782226562,109.53713989257812,57.15293502807617,36.958255767822266
2025-03-10,22460.30078125,1233.4736328125,3469.73876953125,1652.5440673828125,832.4971313476562,1205.5478515625,3148.337646484375,389.5096435546875,714.5521240234375,1617.428466796875,2207.0087890625,7.260000228881836,16.520000457763672,53.2400016784668,86.10494995117188,118.00582885742188,178.04220581054688,191.70716857910156,105.94219207763672,56.18609619140625,35.83292770385742
2025-03-11,22497.900390625,1242.3382568359375,3455.8681640625,1613.8394775390625,831.510498046875,1235.864013671875,3165.923583984375,390.66375732421875,715.4833984375,1649.1630859375,2176.76708984375,7.340000152587891,16.3700008392334,53.7599983215332,85.68705749511719,117.56238555908203,178.04220581054688,193.71295166015625,106.79154968261719,55.17939376831055,35.64537048339844
2025-03-12,22470.5,1252.0494384765625,3389.076416015625,1545.123046875,844.1644287109375,1234.425048828125,3164.14013671875,396.6266174316406,708.8172607421875,1629.229736328125,2153.153076171875,7.070000171661377,16.149999618530273,53.849998474121094,84.45282745361328,117.46383666992188,177.1476287841797,193.22398376464844,105.33975219726562,54.45177459716797,35.22090530395508
2025-03-13,22397.19921875,1242.9359130859375,3393.764404296875,1534.439208984375,841.9197998046875,1240.4783935546875,3157.848876953125,396.28997802734375,713.5227661132812,1618.965576171875,2135.38134765625,6.949999809265137,16.190000534057617,54.58000183105469,84.74437713623047,115.97583770751953,175.53738403320312,192.9246063232422,104.57927703857422,53.30552673339844,34.7470817565918
2025-03-17,22508.75,1233.9217529296875,3380.8603515625,1544.34619140625,843.79443359375,1259.2833251953125,3144.126708984375,392.3468322753906,708.915283203125,1625.560546875,2131.8955078125,6.940000057220459,16.110000610351562,54.5,85.00677490234375,117.04010009765625,176.27291870117188,195.02020263671875,104.82617950439453,52.71744918823242,34.589141845703125
2025-03-18,22834.30078125,1233.9217529296875,3380.8603515625,1544.34619140625,843.79443359375,1259.2833251953125,3144.126708984375,393.45281982421875,708.915283203125,1625.560546875,2131.8955078125,6.940000057220459,16.110000610351562,54.5,85.00677490234375,117.04010009765625,176.27291870117188,195.02020263671875,104.82617950439453,52.71744918823242,34.589141845703125
2025-03-19,22907.599609375,1242.1888427734375,3380.280517578125,1540.94677734375,860.4197387695312,1303.0455322265625,3288.876953125,387.63421630859375,730.4331665039062,1623.5770263671875,2160.173583984375,7.440000057220459,17.030000686645508,57.7599983215332,88.45680236816406,126.24406433105469,185.06967163085938,205.25869750976562,111.82842254638672,55.23919677734375,36.869415283203125
2025-03-20,23190.650390625,1264.101318359375,3444.123779296875,1569.1131591796875,872.5803833007812,1311.5797119140625,3320.0859375,388.49981689453125,734.7955932617188,1691.1124267578125,2201.755859375,7.260000228881836,16.940000534057617,58.38999938964844,88.72891998291016,126.64810180664062,185.4175567626953,206.10690307617188,112.54938507080078,55.52825164794922,36.612762451171875
2025-03-21,23350.400390625,1271.2725830078125,3458.57470703125,1546.7742919921875,873.3696899414062,1332.81591796875,3384.385986328125,390.0386047363281,738.373779296875,1711.4921875,2205.487060546875,7.619999885559082,17.170000076293945,56.5,90.51710510253906,128.57180786132812,186.17298889160156,211.50555419921875,113.872802734375,56.106361389160156,37.254398345947266
2025-03-24,23658.349609375,1296.920166015625,3507.725830078125,1546.968505859375,887.9969482421875,1347.750732421875,3449.67724609375,395.1839904785156,765.4304809570312,1704.5501708984375,2215.3056640625,7.340000152587891,17.43000030517578,57.90999984741211,93.22853088378906,131.68545532226562,194.62184143066406,217.08383178710938,115.78878021240234,57.70113754272461,37.68873596191406
2025-03-25,23668.650390625,1280.33642578125,3535.56396484375,1581.6422119140625,898.5789184570312,1333.4112548828125,3437.54052734375,394.12603759765625,757.636962890625,1716.153076171875,2230.13232421875,7.150000095367432,17.030000686645508,57.650001525878906,91.1682357788086,128.32391357421875,193.6775665283203,213.15211486816406,113.28022003173828,57.162899017333984,36.06983947753906
2025-03-26,23486.849609375,1267.98583984375,3514.34716796875,1553.475830078125,891.2283325195312,1325.6710205078125,3412.969482421875,391.769775390625,748.961181640625,1724.136474609375,2205.241455078125,7.039999961853027,16.959999084472656,57.43000030517578,90.24498748779297,127.31246948242188,191.15284729003906,210.0785675048828,111.88768005371094,56.81404495239258,35.51704406738281
2025-03-27,23591.94921875,1273.115234375,3529.23291015625,1557.4581298828125,900.5029296875,1326.415283203125,3469.244873046875,393.7894592285156,757.0977783203125,1710.401123046875,2203.965087890625,6.920000076293945,17.260000228881836,57.0099983215332,93.69502258300781,123.29645538330078,196.39112854003906,213.5312957763672,112.47037506103516,56.75423812866211,36.227779388427734
2025-03-28,23519.349609375,1270.027587890625,3485.687744140625,1525.5037841796875,901.908935546875,1338.025634765625,3460.03076171875,394.0779724121094,756.3135375976562,1719.0291748046875,2217.90771484375,6.800000190734863,16.8799991607666,56.65999984741211,93.42289733886719,123.37578582763672,191.5703125,215.97616577148438,113.75428771972656,54.780696868896484,35.24064636230469
2025-04-01,23165.69921875,1247.6170654296875,3432.186767578125,1482.6226806640625,872.1363525390625,1308.3546142578125,3405.04345703125,391.0965576171875,756.5096435546875,1709.8558349609375,2193.361083984375,8.100000381469727,17.329999923706055,55.75,93.52980041503906,123.33612060546875,191.27210998535156,211.24610900878906,115.43323516845703,56.98348617553711,30.79854965209961
2025-04-02,23332.349609375,1246.1729736328125,3425.565185546875,1505.593017578125,886.4676513671875,1321.056640625,3388.299560546875,393.40472412109375,760.6759643554688,1740.0533447265625,2197.33740234375,8.220000267028809,17.399999618530273,57.43000030517578,94.59882354736328,126.41011047363281,190.95404052734375,212.13424682617188,117.230712890625,57.003421783447266,29.653474807739258
2025-04-03,23250.099609375,1243.732666015625,3289.46875,1453.485107421875,885.456298828125,1319.3697509765625,3388.547119140625,393.7413330078125,763.8619995117188,1731.524658203125,2203.866943359375,8.1899995803833,17.950000762939453,57.4900016784668,96.21208190917969,128.0760040283203,192.97183227539062,218.22145080566406,117.07269287109375,60.153114318847656,29.989099502563477
2025-04-04,22904.44921875,1199.9075927734375,3189.1845703125,1409.92431640625,896.5316162109375,1325.07568359375,3230.025634765625,394.0299072265625,752.34326171875,1728.9957275390625,2203.866943359375,7.909999847412109,17.190000534057617,55.36000061035156,93.8893814086914,123.7922592163086,193.82666015625,214.0003204345703,111.20621490478516,57.621402740478516,29.426433563232422
2025-04-07,22161.599609375,1161.062744140625,3164.68115234375,1356.602294921875,867.1289672851562,1277.6912841796875,3040.146484375,390.51947021484375,732.1978149414062,1672.666748046875,2208.62890625,7.360000133514404,16.850000381469727,52.119998931884766,92.2469711303711,121.39257049560547,189.661865234375,207.26446533203125,103.33486938476562,56.30570983886719,27.698949813842773
2025-04-08,22535.849609375,1177.4971923828125,3182.949951171875,1387.7310791015625,872.7777099609375,1289.9466552734375,3131.89111328125,396.7708740234375,753.4706420898438,1706.1368408203125,2247.756591796875,7.170000076293945,17.170000076293945,53.08000183105469,94.18093872070312,123.36587524414062,189.383544921875,210.4976806640625,103.53240203857422,57.71110916137695,28.51827049255371
2025-04-09,22399.150390625,1180.6346435546875,3138.1484375,1363.3524169921875,870.7303466796875,1290.83984375,3025.92919921875,400.37744140625,727.59033203125,1701.3271484375,2307.40576171875,7.090000152587891,17.15999984741211,51.209999084472656,93.06332397460938,122.0271987915039,188.81698608398438,211.36585998535156,103.67066955566406,59.05670166015625,28.320844650268555
2025-04-11,22828.55078125,1214.1009521484375,3123.552978515625,1368.9371337890625,891.3269653320312,1301.606689453125,3087.158203125,405.4266052246094,739.0109252929688,1742.0367431640625,2323.262939453125,7.170000076293945,17.149999618530273,53.0,93.37431335449219,123.06838989257812,189.29409790039062,212.52342224121094,106.99894714355469,59.72451400756836,28.567628860473633
2025-04-15,23328.55078125,1235.1668701171875,3139.694580078125,1385.011474609375,920.01416015625,1339.8614501953125,3227.499267578125,404.32061767578125,748.4710083007812,1783.886962890625,2318.697265625,7.320000171661377,17.520000457763672,54.369998931884766,93.86994171142578,127.1934814453125,190.74530029296875,221.3349151611328,111.84817504882812,61.72795867919922,29.15003776550293
2025-04-16,23437.19921875,1234.3701171875,3164.439697265625,1372.482177734375,926.476806640625,1346.0140380859375,3197.87548828125,408.2157287597656,756.5586547851562,1807.489501953125,2323.704833984375,7.269999980926514,17.8700008392334,54.34000015258789,96.04686737060547,127.97684478759766,193.74713134765625,225.52610778808594,113.872802734375,63.113426208496094,29.86077308654785
2025-04-17,23851.650390625,1269.4300537109375,3188.701171875,1378.6983642578125,940.6353759765625,1395.9288330078125,3217.29443359375,410.90863037109375,781.7527465820312,1873.438232421875,2331.952392578125,7.309999942779541,18.09000015258789,55.06999969482422,96.697998046875,128.393310546875,193.6775665283203,226.91319274902344,112.54938507080078,62.79446792602539,30.038455963134766
2025-04-21,24125.55078125,1290.346435546875,3210.642822265625,1409.29296875,950.6994018554688,1399.0052490234375,3250.187744140625,406.67694091796875,800.6238403320312,1867.7855224609375,2308.387451171875,8.069999694824219,18.81999969482422,60.290000915527344,99.41915130615234,130.3269500732422,200.8242950439453,226.71360778808594,114.55425262451172,66.42259216308594,30.86764907836914
2025-04-22,24167.25,1286.0635986328125,3203.683349609375,1381.903564453125,967.7686767578125,1405.6539306640625,3227.697509765625,417.0157775878906,806.211669921875,1836.8441162109375,2355.222900390625,7.96999979019165,18.690000534057617,59.27000045776367,100.46873474121094,131.19956970214844,200.42669677734375,227.84124755859375,114.54438781738281,66.98076629638672,31.084815979003906
2025-04-23,24328.94921875,1294.82861328125,3298.98974609375,1432.5059814453125,949.1207885742188,1413.493408203125,3270.498291015625,414.3709411621094,797.4378051757812,1866.0003662109375,2379.867919921875,8.010000228881836,18.420000076293945,59.9900016784668,100.1091537475586,133.23236083984375,198.56796264648438,230.04660034179688,115.31472778320312,68.2266845703125,30.76893424987793
2025-04-24,24246.69921875,1296.4222412109375,3287.970703125,1429.1065673828125,945.6181030273438,1391.95947265625,3270.10205078125,413.60150146484375,797.3887939453125,1830.298828125,2283.153564453125,7.929999828338623,18.43000030517578,60.11000061035156,99.8078842163086,132.3002471923828,200.6851348876953,230.01666259765625,116.56900787353516,67.4292984008789,30.60112190246582
2025-04-25,24039.349609375,1295.22705078125,3332.82080078125,1437.653564453125,942.8554077148438,1394.04345703125,3241.865478515625,411.4375915527344,782.9291381835938,1802.13427734375,2289.92822265625,7.46999979019165,17.770000457763672,58.29999923706055,96.49391174316406,127.71903228759766,195.3076934814453,221.90370178222656,113.38886260986328,65.86442565917969,30.058198928833008
2025-04-28,24328.5,1363.35498046875,3328.470947265625,1439.4989013671875,947.29541015625,1417.8597412109375,3296.55517578125,412.3993225097656,801.260986328125,1806.6962890625,2276.57470703125,7.449999809265137,18.09000015258789,57.779998779296875,99.29280853271484,126.10270690917969,198.62759399414062,229.82705688476562,115.32460021972656,66.28305053710938,30.383953094482422
2025-04-29,24335.94921875,1394.1319580078125,3356.501953125,1454.456298828125,941.6715087890625,1418.85205078125,3291.6015625,409.7064208984375,796.5554809570312,1808.6796875,2279.618408203125,7.239999771118164,17.989999771118164,57.70000076293945,99.73985290527344,125.8647232055664,202.19598388671875,230.8449249267578,113.85304260253906,66.7116470336914,31.6573543548584
2025-04-30,24334.19921875,1399.410888671875,3338.330078125,1456.9815673828125,949.6633911132812,1416.073486328125,3310.128662109375,409.5140686035156,773.1259765625,1849.042236328125,2299.64892578125,7.119999885559082,17.719999313354492,56.400001525878906,97.38800048828125,123.42536926269531,195.4965362548828,226.3643341064453,112.30248260498047,64.67829895019531,30.65047836303711
2025-05-02,24346.69921875,1414.152099609375,3316.38818359375,1463.586181640625,948.1340942382812,1419.149658203125,3304.0849609375,413.07257080078125,781.0175170898438,1832.8773193359375,2276.57470703125,7.050000190734863,17.719999313354492,56.130001068115234,96.697998046875,123.24687957763672,188.379638671875,224.35855102539062,111.68028259277344,66.03386688232422,30.926876068115234
2025-05-05,24461.150390625,1425.6063232421875,3338.910400390625,1465.2371826171875,955.4847412109375,1418.455078125,3299.428466796875,420.2376403808594,774.4494018554688,1850.52978515625,2306.03125,7.150000095367432,17.729999542236328,56.91999816894531,96.60081481933594,123.9608383178711,190.35765075683594,228.2404022216797,113.36911010742188,66.80135345458984,31.015718460083008
2025-05-06,24379.599609375,1415.2476806640625,3344.419677734375,1468.053955078125,952.9686889648438,1420.63818359375,3303.193359375,418.89117431640625,758.8623657226562,1885.2396240234375,2338.629150390625,6.880000114440918,17.93000030517578,53.7400016784668,91.80964660644531,119.35977935791016,186.1630401611328,217.29339599609375,110.18897247314453,65.30624389648438,30.344467163085938
2025-05-07,24414.400390625,1400.4068603515625,3330.017578125,1464.9459228515625,959.8259887695312,1424.4091796875,3290.709716796875,414.6594543457031,760.822998046875,1881.074462890625,2327.82861328125,6.920000076293945,18.270000457763672,54.70000076293945,91.59584045410156,120.23239135742188,190.0196990966797,224.67787170410156,112.2728500366211,66.74154663085938,30.048328399658203
2025-05-08,24273.80078125,1401.4029541015625,3333.6904296875,1467.956787109375,951.3900756835938,1424.5084228515625,3293.1865234375,414.1304931640625,753.8627319335938,1859.35595703125,2312.216796875,6.690000057220459,18.229999542236328,53.150001525878906,88.7872314453125,117.94178009033203,185.60641479492188,216.71461486816406,107.88780975341797,66.20330810546875,29.920000076293945
2025-05-09,24008.0,1371.721435546875,3325.3779296875,1464.2659912109375,932.248779296875,1378.2652587890625,3412.07763671875,407.35015869140625,763.9110107421875,1833.07568359375,2290.615478515625,6.699999809265137,20.020000457763672,52.66999816894531,89.38005065917969,115.44292449951172,186.2525177001953,216.17575073242188,107.66065979003906,65.9939956665039,29.649999618530273
2025-05-12,24924.69921875,1430.7855224609375,3499.46142578125,1580.136962890625,965.5486450195312,1437.4088134765625,3554.0537109375,418.8431091308594,785.8701171875,1855.2900390625,2339.316650390625,7.070000171661377,20.40999984741211,56.95000076293945,93.08275604248047,124.47647094726562,193.27996826171875,232.46153259277344,116.77640533447266,68.8546371459961,30.979999542236328
2025-05-13,24578.349609375,1410.0682373046875,3397.58251953125,1523.5125732421875,948.4794311523438,1419.6458740234375,3534.040283203125,411.53375244140625,785.9680786132812,1805.506103515625,2317.224609375,6.940000057220459,20.8700008392334,57.599998474121094,94.92925262451172,123.71293640136719,196.89805603027344,237.88014221191406,114.56413269042969,68.77489471435547,31.1200008392334
2025-05-14,24666.900390625,1418.7337646484375,3430.15673828125,1546.6285400390625,942.5594482421875,1415.279541015625,3540.084228515625,412.6878967285156,784.9387817382812,1818.993408203125,2307.896728515625,6.980000019073486,20.959999084472656,59.91999816894531,95.12361907958984,128.86929321289062,197.03721618652344,238.85809326171875,121.16144561767578,69.24336242675781,31.309999465942383
2025-05-15,25062.099609375,1448.4151611328125,3460.314208984375,1566.636474609375,954.0047607421875,1439.6912841796875,3584.767333984375,416.1020812988281,791.8499755859375,1851.7197265625,2312.51123046875,7.230000019073486,21.510000228881836,61.220001220703125,95.55123138427734,129.14694213867188,197.64353942871094,245.16482543945312,121.18119812011719,69.25333404541016,30.969999313354492
2025-05-16,25019.80078125,1450.6064453125,3442.3359375,1544.200439453125,954.44873046875,1442.86669921875,3571.39208984375,419.03546142578125,792.0999755859375,1798.9608154296875,2338.236572265625,7.369999885559082,21.549999237060547,61.08000183105469,96.12461853027344,137.4467010498047,197.83241271972656,249.82504272460938,120.96392822265625,69.03404998779297,30.979999542236328
2025-05-19,24945.44921875,1435.0684814453125,3401.255615234375,1514.9656982421875,956.4220581054688,1437.905029296875,3566.93359375,418.6988220214844,795.0,1803.2252197265625,2339.512939453125,6.71999979019165,21.200000762939453,61.529998779296875,98.06829833984375,140.3025360107422,200.6851348876953,243.26881408691406,120.59850311279297,68.43600463867188,32.189998626708984
2025-05-20,24683.900390625,1418.932861328125,3381.440185546875,1515.7425537109375,944.6807861328125,1427.1876220703125,3534.8330078125,418.2660217285156,785.6500244140625,1793.9031982421875,2298.6669921875,6.550000190734863,20.81999969482422,60.349998474121094,97.66011810302734,135.56265258789062,196.9676513671875,243.91744995117188,121.00342559814453,66.96083068847656,31.350000381469727
2025-05-21,24813.44921875,1423.5145263671875,3408.021728515625,1523.41552734375,950.5514526367188,1433.637939453125,3555.837158203125,416.438720703125,787.0999755859375,1807.390380859375,2321.053466796875,6.760000228881836,20.979999542236328,61.279998779296875,99.0304183959961,136.921142578125,199.6116485595703,246.90118408203125,123.33421325683594,66.4524917602539,31.0
2025-05-22,24609.69921875,1403.79345703125,3360.8515625,1503.0191650390625,947.1474609375,1431.057861328125,3518.58447265625,409.8026123046875,785.25,1816.2166748046875,2288.45556640625,6.75,20.969999313354492,61.0099983215332,97.54350280761719,135.681640625,199.95953369140625,247.05087280273438,124.1835708618164,66.65184783935547,30.81999969482422
2025-05-23,24853.150390625,1421.124267578125,3397.19580078125,1519.8218994140625,953.906005859375,1438.698974609375,3566.63623046875,419.61248779296875,790.5,1816.5140380859375,2316.43896484375,6.760000228881836,21.149999618530273,62.209999084472656,97.55321502685547,135.56265258789062,202.20591735839844,254.26571655273438,124.36134338378906,66.87112426757812,31.040000915527344
2025-05-26,25001.150390625,1429.0924072265625,3419.137451171875,1535.070556640625,957.1620483398438,1449.4161376953125,3614.9853515625,425.9600524902344,794.4000244140625,1832.083984375,2350.706298828125,6.929999828338623,20.989999771118164,64.37000274658203,98.11688232421875,139.00350952148438,200.6851348876953,261.3108825683594,126.20819854736328,66.40266418457031,31.040000915527344
2025-05-27,24826.19921875,1416.44287109375,3381.826904296875,1524.969482421875,950.3048095703125,1435.324951171875,3606.365966796875,417.3042907714844,793.7000122070312,1828.513916015625,2337.058349609375,6.960000038146973,21.1299991607666,65.38999938964844,99.14703369140625,138.47796630859375,201.2616424560547,259.62445068359375,126.98841857910156,67.89776611328125,31.0
2025-05-28,24752.44921875,1407.279541015625,3380.8603515625,1526.6207275390625,948.9234619140625,1442.6683349609375,3612.607666015625,411.57440185546875,796.5499877929688,1840.7117919921875,2319.18798828125,7.119999885559082,21.110000610351562,66.31999969482422,99.40943145751953,139.16217041015625,200.4068145751953,266.0509338378906,127.36371612548828,67.7681884765625,31.25
2025-05-29,24833.599609375,1412.1600341796875,3381.2470703125,1540.02392578125,950.896728515625,1445.3475341796875,3621.5244140625,410.1541442871094,797.3499755859375,1848.149658203125,2323.802978515625,7.139999866485596,21.309999465942383,65.41999816894531,99.42886352539062,138.78536987304688,199.8800048828125,265.85137939453125,128.35134887695312,67.67848205566406,31.280000686645508
2025-05-30,24750.69921875,1415.2476806640625,3347.7060546875,1539.1375732421875,959.4807739257812,1434.7296142578125,3641.1416015625,409.468505859375,812.2999877929688,1840.8109130859375,2305.736328125,6.920000076293945,21.479999542236328,71.4800033569336,102.84001922607422,137.78384399414062,200.84417724609375,259.28515625,127.58098602294922,67.74825286865234,33.04999923706055
2025-06-02,24716.599609375,1408.0762939453125,3334.560546875,1530.371826171875,953.1660766601562,1439.3935546875,3645.60009765625,410.6928405761719,813.6500244140625,1838.7283935546875,2328.6142578125,7.03000020980835,23.280000686645508,71.19000244140625,105.40567779541016,140.8280792236328,205.0089569091797,260.85186767578125,129.07229614257812,68.46591186523438,34.27000045776367
2025-06-03,24542.5,1399.908935546875,3291.4501953125,1519.734619140625,949.466064453125,1426.8900146484375,3644.800048828125,408.39111328125,809.7999877929688,1826.0345458984375,2309.6640625,6.769999980926514,20.860000610351562,68.1500015258789,106.35808563232422,139.62823486328125,210.02857971191406,252.41958618164062,128.59825134277344,66.76148986816406,33.93000030517578
2025-06-04,24620.19921875,1417.8372802734375,3297.0087890625,1527.8109130859375,957.6553955078125,1420.0428466796875,3626.5,408.4400634765625,806.5,1859.851806640625,2321.642822265625,6.909999847412109,21.139999389648438,66.72000122070312,106.45526885986328,143.73348999023438,209.7005615234375,253.21791076660156,130.1981964111328,67.26982116699219,33.90999984741211
2025-06-05,24750.900390625,1436.662109375,3287.4521484375,1530.8642578125,961.7993774414062,1443.66064453125,3642.60009765625,410.4969482421875,806.0,1863.2236328125,2333.3271484375,6.820000171661377,20.93000030517578,66.7699966430664,105.94990539550781,144.05081176757812,205.82403564453125,251.47158813476562,131.46234130859375,66.58207702636719,33.88999938964844
2025-06-06,25003.05078125,1437.7576904296875,3300.226806640625,1540.2210693359375,976.1552734375,1448.5230712890625,3656.300048828125,412.40692138671875,813.0499877929688,1854.6949462890625,2346.484130859375,6.920000076293945,20.850000381469727,66.70999908447266,107.07723999023438,145.18124389648438,206.52975463867188,255.163818359375,133.3684539794922,71.31658172607422,32.939998626708984
2025-06-09,25103.19921875,1443.0367431640625,3336.991455078125,1549.183837890625,976.2539672851562,1423.8138427734375,3678.89990234375,414.3658752441406,820.0499877929688,1849.63720703125,2349.82275390625,7.050000190734863,21.020000457763672,67.12999725341797,109.04035186767578,145.72662353515625,211.42015075683594,257.6086730957031,132.17343139648438,72.0740966796875,33.16999816894531
2025-06-10,25104.25,1432.777587890625,3376.97412109375,1571.935546875,969.5447387695312,1412.0048828125,3679.800048828125,418.23480224609375,817.0499877929688,1841.7034912109375,2351.786376953125,6.96999979019165,20.829999923706055,68.29000091552734,108.6224594116211,144.01113891601562,209.7403106689453,260.0036315917969,131.28456115722656,71.18699645996094,33.099998474121094
2025-06-11,25141.400390625,1443.13623046875,3385.750732421875,1606.5062255859375,962.194091796875,1420.0428466796875,3684.800048828125,417.4022216796875,815.0499877929688,1844.77783203125,2333.3271484375,6.940000057220459,20.709999084472656,67.58999633789062,107.19386291503906,144.2292938232422,206.86770629882812,256.4610900878906,131.50184631347656,71.06739044189453,32.720001220703125
2025-06-12,24888.19921875,1435.865234375,3348.986328125,1584.345458984375,958.74072265625,1414.2872314453125,3603.89990234375,412.3579406738281,805.9500122070312,1828.910400390625,2290.419189453125,6.78000020980835,20.420000076293945,65.68000030517578,104.97806549072266,139.2910919189453,205.21771240234375,253.26780700683594,128.3612060546875,70.61885833740234,31.75
2025-06-13,24718.599609375,1422.2198486328125,3360.200927734375,1577.844970703125,946.0127563476562,1405.2569580078125,3587.39990234375,405.4036865234375,792.3499755859375,1825.1419677734375,2276.967529296875,6.670000076293945,20.15999984741211,64.7300033569336,103.60777282714844,137.16905212402344,204.06468200683594,253.01834106445312,127.74889373779297,70.21019744873047,31.309999465942383
2025-06-16,24946.5,1432.0804443359375,3409.54541015625,1599.31640625,954.7940673828125,1415.9742431640625,3628.699951171875,409.6154479980469,792.5,1845.8687744140625,2285.215087890625,6.690000057220459,20.239999771118164,65.41000366210938,103.78270721435547,138.76553344726562,204.37281799316406,253.91644287109375,127.32420349121094,70.66869354248047,31.299999237060547
2025-06-17,24853.400390625,1425.506591796875,3428.073974609375,1615.173583984375,951.9327392578125,1412.302490234375,3622.300048828125,408.83184814453125,792.2999877929688,1839.422607421875,2286.3935546875,6.599999904632568,19.940000534057617,64.5199966430664,102.89833068847656,136.67324829101562,203.53787231445312,251.82086181640625,125.3390884399414,69.921142578125,31.360000610351562
2025-06-18,24812.05078125,1424.4110107421875,3365.759521484375,1608.2791748046875,954.0540771484375,1401.78369140625,3601.5,407.3626403808594,791.9000244140625,1850.4306640625,2255.660888671875,6.559999942779541,19.889999389648438,64.06999969482422,102.50959777832031,134.87843322753906,205.83396911621094,251.27200317382812,125.45760345458984,70.54908752441406,30.979999542236328
2025-06-19,24793.25,1427.598388671875,3339.039306640625,1593.997802734375,954.7447509765625,1400.4937744140625,3621.10009765625,407.4606018066406,785.0999755859375,1861.4385986328125,2252.616943359375,6.329999923706055,19.40999984741211,62.529998779296875,100.08000183105469,131.23924255371094,202.69297790527344,246.681640625,123.60087585449219,69.48257446289062,29.969999313354492
2025-06-20,25112.400390625,1460.367431640625,3350.448974609375,1598.429931640625,969.2486572265625,1416.1727294921875,3662.0,409.9582214355469,796.1500244140625,1920.6435546875,2264.3994140625,6.559999942779541,19.729999542236328,63.22999954223633,103.04000091552734,133.07369995117188,206.26138305664062,249.92483520507812,125.90203857421875,69.96101379394531,29.950000762939453
2025-06-23,24971.900390625,1451.0048828125,3309.393798828125,1560.116455078125,961.2073364257812,1409.226318359375,3583.699951171875,405.4036865234375,790.2000122070312,1920.2469482421875,2257.35498046875,6.550000190734863,19.8799991607666,62.790000915527344,103.91000366210938,135.8303680419922,205.70474243164062,253.26780700683594,125.03292083740234,70.77833557128906,29.229999542236328
2025-06-24,25044.349609375,1445.0286865234375,3306.27294921875,1557.7525634765625,967.3740234375,1413.1956787109375,3604.800048828125,405.844482421875,795.4000244140625,1917.5693359375,2245.44873046875,6.860000133514404,19.969999313354492,64.38999938964844,105.22000122070312,137.45660400390625,207.96109008789062,259.4049377441406,129.12168884277344,71.78504180908203,29.719999313354492
2025-06-25,25244.75,1461.463134765625,3359.3232421875,1590.550537109375,976.8953247070312,1414.8826904296875,3619.800048828125,407.80340576171875,800.0499877929688,1949.303955078125,2260.9267578125,7.130000114440918,20.229999542236328,64.31999969482422,105.94000244140625,138.39865112304688,209.1339874267578,261.3009338378906,126.67237091064453,71.86477661132812,30.139999389648438
2025-06-26,25549.0,1489.3516845703125,3356.397705078125,1591.6339111328125,997.41796875,1428.080810546875,3659.60009765625,411.67230224609375,797.0499877929688,1997.600341796875,2263.010498046875,7.239999771118164,20.079999923706055,64.52999877929688,106.25,138.6961212158203,208.75628662109375,263.8954772949219,131.9660186767578,71.66543579101562,30.31999969482422
2025-06-27,25637.80078125,1509.3717041015625,3355.71533203125,1583.7545166015625,1004.9491577148438,1451.00390625,3679.199951171875,410.0561828613281,805.4000244140625,2010.2940673828125,2288.90673828125,7.380000114440918,20.18000030517578,67.31999969482422,106.33999633789062,138.81512451171875,207.13609313964844,263.54620361328125,130.06979370117188,72.12393188476562,31.530000686645508
2025-06-30,25517.05078125,1494.630615234375,3376.09619140625,1577.6480712890625,998.2658081054688,1434.7296142578125,3669.800048828125,407.9013671875,820.3499755859375,1992.939208984375,2276.702880859375,7.429999828338623,20.34000015258789,67.72000122070312,110.5,140.5305938720703,211.83761596679688,265.7415771484375,130.35621643066406,72.60236358642578,32.400001525878906
2025-07-01,25541.80078125,1522.320068359375,3344.597900390625,1582.57275390625,1003.5526123046875,1421.03515625,3666.699951171875,406.5790710449219,820.2999877929688,2002.657958984375,2277.595703125,7.449999809265137,20.43000030517578,67.19999694824219,113.06999969482422,140.31243896484375,217.4039306640625,264.0950622558594,131.6894989013672,76.98800659179688,32.93000030517578
2025-07-02,25453.400390625,1512.75830078125,3338.3564453125,1586.2169189453125,990.5350341796875,1416.867431640625,3596.800048828125,404.47320556640625,812.9000244140625,2016.4427490234375,2289.10546875,7.519999980926514,20.280000686645508,64.79000091552734,113.8499984741211,139.13243103027344,216.43975830078125,260.0535583496094,135.7782440185547,76.99797821044922,32.709999084472656
2025-07-03,25405.30078125,1511.76220703125,3316.4150390625,1594.293212890625,991.0836181640625,1414.98193359375,3582.89990234375,404.864990234375,807.0999755859375,2002.558837890625,2295.356201171875,7.489999771118164,20.149999618530273,65.2699966430664,110.2300033569336,138.5275421142578,215.68434143066406,257.0598449707031,134.8103790283203,77.40664672851562,32.38999938964844
2025-07-04,25461.0,1521.2244873046875,3334.943603515625,1615.96142578125,992.1809692382812,1431.7525634765625,3594.60009765625,404.0813903808594,811.8499755859375,2000.4761962890625,2321.05419921875,7.360000133514404,20.049999237060547,65.52999877929688,110.8499984741211,138.0714111328125,214.02439880371094,259.6044921875,133.0524139404297,77.62592315673828,32.47999954223633
2025-07-07,25461.30078125,1535.367919921875,3327.044677734375,1602.4681396484375,991.2332763671875,1424.706787109375,3581.39990234375,407.6075134277344,806.8499755859375,2017.037841796875,2391.599609375,7.289999961853027,20.0,65.87999725341797,112.51000213623047,137.3772735595703,213.75601196289062,255.81246948242188,131.81788635253906,77.45647430419922,32.2400016784668
2025-07-08,25522.5,1531.4833984375,3321.680908203125,1613.9915771484375,998.2159423828125,1430.9586181640625,3606.39990234375,408.635986328125,812.6500244140625,2013.1700439453125,2374.03759765625,7.289999961853027,20.0,66.26000213623047,112.01000213623047,137.04013061523438,212.21533203125,257.5588073730469,133.37832641601562,77.60598754882812,31.899999618530273
2025-07-09,25476.099609375,1512.9573974609375,3299.837158203125,1609.0670166015625,1003.1036987304688,1420.93603515625,3579.699951171875,410.83978271484375,810.9500122070312,2002.9554443359375,2404.498046875,7.260000228881836,19.90999984741211,65.94000244140625,111.0,136.4352569580078,212.60299682617188,261.50048828125,132.2228240966797,77.19732666015625,31.8700008392334
2025-07-10,25355.25,1511.16455078125,3298.08154296875,1591.43701171875,1000.6099243164062,1413.1956787109375,3574.699951171875,408.29315185546875,808.0,1948.213134765625,2389.615234375,7.329999923706055,19.809999465942383,65.97000122070312,109.76000213623047,135.9791259765625,209.7104949951172,260.7520751953125,133.11166381835938,76.37999725341797,31.93000030517578
2025-07-11,25149.849609375,1489.2520751953125,3184.9599609375,1570.85205078125,989.3878784179688,1411.0125732421875,3540.60009765625,408.2441711425781,808.6500244140625,1905.96630859375,2499.947998046875,7.170000076293945,19.65999984741211,65.91999816894531,110.20999908447266,134.14463806152344,206.13217163085938,258.15753173828125,132.66725158691406,75.2300033569336,31.6299991607666
2025-07-14,25082.30078125,1477.7977294921875,3142.734375,1546.623046875,989.0387573242188,1412.1041259765625,3495.89990234375,410.7908020019531,808.8499755859375,1904.974609375,2496.971435546875,7.710000038146973,19.989999771118164,65.44000244140625,110.72000122070312,132.98446655273438,209.302978515625,256.81036376953125,132.5289764404297,74.2699966430664,31.610000610351562
2025-07-15,25195.80078125,1479.4910888671875,3171.599853515625,1561.6922607421875,995.2732543945312,1419.844482421875,3494.0,413.4353942871094,816.4500122070312,1918.164306640625,2507.19091796875,7.659999847412109,20.459999084472656,67.16999816894531,112.23999786376953,134.15455627441406,210.39634704589844,256.9600524902344,133.21043395996094,72.93000030517578,31.969999313354492
2025-07-16,25212.05078125,1479.690185546875,3163.576171875,1583.6561279296875,995.6722412109375,1415.4781494140625,3503.800048828125,415.8840637207031,831.7000122070312,1920.54443359375,2497.963623046875,7.829999923706055,20.239999771118164,67.02999877929688,114.97000122070312,134.31321716308594,213.39817810058594,253.81666564941406,131.92652893066406,73.86000061035156,32.560001373291016
2025-07-17,25111.44921875,1470.52685546875,3140.18994140625,1559.6240234375,990.98388671875,1407.8370361328125,3474.0,415.2474060058594,829.0,1913.9000244140625,2490.224365234375,7.760000228881836,20.139999389648438,66.26000213623047,113.79000091552734,133.7777557373047,211.31080627441406,252.71896362304688,131.9462890625,73.4800033569336,32.369998931884766
2025-07-18,24968.400390625,1470.12841796875,3121.304931640625,1562.1846923828125,976.2705078125,1414.8826904296875,3464.800048828125,414.072021484375,823.3499755859375,1901.0,2470.181884765625,7.71999979019165,20.170000076293945,65.05999755859375,113.3499984741211,132.7167205810547,211.19154357910156,249.9747314453125,134.76100158691406,73.08999633789062,32.130001068115234
2025-07-21,25090.69921875,1422.9169921875,3090.28662109375,1560.4119873046875,997.7670288085938,1454.576416015625,3502.800048828125,411.4764404296875,824.2000122070312,1909.199951171875,2445.674560546875,7.630000114440918,20.15999984741211,66.41999816894531,112.5999984741211,133.24227905273438,211.49966430664062,254.11602783203125,135.24493408203125,73.98999786376953,31.739999771118164
2025-07-22,25060.900390625,1407.179931640625,3091.65673828125,1547.2139892578125,1001.058837890625,1462.316650390625,3464.60009765625,407.4606018066406,815.0,1906.800048828125,2460.359130859375,7.369999885559082,19.989999771118164,66.58000183105469,109.33000183105469,129.67250061035156,211.1219482421875,249.9747314453125,134.30670166015625,72.44000244140625,31.639999389648438
2025-07-23,25219.900390625,1418.932861328125,3110.7373046875,1550.7596435546875,1009.6375122070312,1477.2017822265625,3484.89990234375,406.4321594238281,820.6500244140625,1943.800048828125,2431.28759765625,7.480000019073486,19.899999618530273,65.9800033569336,109.91999816894531,133.71826171875,211.5294952392578,250.6732635498047,133.1215362548828,72.69999694824219,30.959999084472656
2025-07-24,25062.099609375,1397.3192138671875,3080.30615234375,1529.0914306640625,1004.5999755859375,1472.0416259765625,3477.5,401.5347900390625,815.7000122070312,1936.0999755859375,2418.785888671875,7.369999885559082,20.010000228881836,65.31999969482422,110.66999816894531,134.51153564453125,211.42015075683594,250.52357482910156,134.48446655273438,72.88999938964844,30.899999618530273
2025-07-25,24837.0,1386.1636962890625,3068.368408203125,1492.84619140625,1002.2999877929688,1465.789794921875,3442.89990234375,400.9960632324219,806.5499877929688,1937.9000244140625,2396.560546875,7.199999809265137,19.600000381469727,63.619998931884766,108.41000366210938,130.9219207763672,206.88758850097656,239.64642333984375,129.05255126953125,70.69999694824219,30.360000610351562
2025-07-28,24680.900390625,1382.080078125,3013.083251953125,1493.1417236328125,1004.25,1477.00341796875,3422.199951171875,401.4858093261719,797.1500244140625,1890.300048828125,2422.556396484375,7.130000114440918,19.329999923706055,60.849998474121094,106.79000091552734,129.82122802734375,204.76046752929688,236.25355529785156,124.0354232788086,70.72000122070312,30.139999389648438
2025-07-29,24821.099609375,1411.4627685546875,2990.284423828125,1490.8763427734375,1010.7999877929688,1474.8201904296875,3495.60009765625,400.0655822753906,799.2000122070312,1918.300048828125,2434.462890625,7.190000057220459,19.399999618530273,61.790000915527344,109.29000091552734,131.11032104492188,203.97523498535156,240.04559326171875,124.45023345947266,70.30999755859375,30.209999084472656
2025-07-30,24855.05078125,1404.4906005859375,2987.93603515625,1496.0965576171875,1012.9000244140625,1471.04931640625,3665.10009765625,399.2330322265625,801.6500244140625,1932.5999755859375,2418.388916015625,7.0,19.219999313354492,61.209999084472656,108.0999984741211,130.2971954345703,203.4484100341797,241.14328002929688,122.62313079833984,69.23999786376953,30.149999618530273
2025-07-31,24768.349609375,1384.669677734375,2971.497314453125,1486.247314453125,1009.0999755859375,1470.0570068359375,3636.5,403.4937438964844,796.5499877929688,1914.300048828125,2501.535400390625,6.909999847412109,18.920000076293945,61.599998474121094,105.37999725341797,127.26288604736328,201.21194458007812,237.9499969482422,122.66262817382812,68.76000213623047,29.790000915527344
2025-08-01,24565.349609375,1388.15576171875,2938.424072265625,1447.4412841796875,1006.0999755859375,1460.3319091796875,3587.300048828125,407.9013671875,794.0,1884.4000244140625,2533.781982421875,6.599999904632568,18.600000381469727,65.94999694824219,103.18000030517578,125.82505798339844,194.88027954101562,231.60000610351562,118.63314056396484,67.58000183105469,29.139999389648438
2025-08-04,24722.75,1405.885009765625,3008.28857421875,1458.177001953125,996.0,1451.9962158203125,3631.10009765625,408.29315185546875,795.7000122070312,1914.5999755859375,2523.85986328125,6.840000152587891,18.889999389648438,65.0,104.66000366210938,128.65113830566406,195.2778778076172,241.42999267578125,123.92679595947266,69.33000183105469,28.989999771118164
2025-08-05,24649.55078125,1386.1636962890625,2998.014404296875,1438.2816162109375,988.7999877929688,1433.3402099609375,3652.60009765625,405.6485595703125,800.5999755859375,1931.800048828125,2514.93017578125,6.909999847412109,18.860000610351562,65.44000244140625,103.66000366210938,127.28272247314453,194.8603973388672,248.25,123.61075592041016,69.33000183105469,28.940000534057617
2025-08-06,24574.19921875,1387.259521484375,2967.093994140625,1415.037353515625,992.6500244140625,1432.54638671875,3628.39990234375,403.5426940917969,805.1500244140625,1929.699951171875,2515.8232421875,6.789999961853027,18.729999542236328,65.26000213623047,103.83000183105469,126.44976806640625,196.18238830566406,239.8300018310547,121.92191314697266,68.73999786376953,28.360000610351562
2025-08-07,24596.150390625,1383.8729248046875,2981.47802734375,1415.234375,997.7000122070312,1429.271728515625,3641.60009765625,405.10986328125,805.1500244140625,1922.5999755859375,2497.8642578125,6.71999979019165,18.770000457763672,64.20999908447266,104.69000244140625,126.18203735351562,197.434814453125,227.97000122070312,121.8330307006836,69.2300033569336,28.139999389648438
2025-08-08,24363.30078125,1362.35888671875,2971.105712890625,1401.6424560546875,986.9500122070312,1424.9053955078125,3607.60009765625,405.99139404296875,804.2999877929688,1858.5999755859375,2479.11181640625,6.510000228881836,18.540000915527344,63.189998626708984,103.94999694824219,124.22856903076172,195.1685333251953,222.7100067138672,119.57137298583984,69.11000061035156,28.0
2025-08-11,24585.05078125,1380.6856689453125,2975.411376953125,1406.66552734375,997.7999877929688,1425.5999755859375,3668.39990234375,408.29315185546875,823.4500122070312,1857.4000244140625,2498.757080078125,6.599999904632568,18.770000457763672,63.31999969482422,106.54000091552734,125.75564575195312,195.50648498535156,221.4600067138672,120.16394805908203,69.68000030517578,28.049999237060547
2025-08-12,24487.400390625,1374.9088134765625,2970.127197265625,1402.62744140625,984.9500122070312,1422.0,3686.10009765625,407.80340576171875,820.5999755859375,1850.300048828125,2464.42724609375,6.46999979019165,18.719999313354492,63.130001068115234,106.6500015258789,123.98066711425781,194.80075073242188,222.8699951171875,120.6775131225586,69.05999755859375,28.329999923706055
2025-08-13,24619.349609375,1377.0999755859375,2970.91015625,1405.0897216796875,990.1500244140625,1420.800048828125,3693.699951171875,405.599609375,821.8499755859375,1867.4000244140625,2475.63916015625,6.360000133514404,18.829999923706055,60.380001068115234,106.63999938964844,124.59546661376953,195.00949096679688,223.99000549316406,122.51449584960938,69.9000015258789,28.040000915527344
2025-08-14,24631.30078125,1373.800048828125,2957.30908203125,1425.8714599609375,995.5499877929688,1427.300048828125,3677.0,403.0039978027344,826.5499877929688,1873.800048828125,2461.252197265625,6.150000095367432,18.780000686645508,60.060001373291016,106.27999877929688,123.45511627197266,194.68148803710938,221.3300018310547,118.88004302978516,68.7699966430664,28.06999969482422
2025-08-18,24876.94921875,1381.699951171875,2946.44775390625,1414.1510009765625,1001.7999877929688,1434.5999755859375,3635.10009765625,397.9596862792969,827.6500244140625,1892.300048828125,2548.06982421875,6.460000038146973,19.09000015258789,58.06999969482422,106.7699966430664,123.72284698486328,194.6118927001953,216.6199951171875,120.92442321777344,69.9000015258789,28.469999313354492
2025-08-19,24980.650390625,1420.0999755859375,2951.34033203125,1418.2877197265625,995.5499877929688,1436.300048828125,3613.0,400.7022399902344,830.4000244140625,1909.699951171875,2584.4833984375,6.579999923706055,19.350000381469727,59.59000015258789,107.9000015258789,125.7358169555664,198.8462677001953,219.6999969482422,121.4577407836914,71.29000091552734,29.18000030517578
2025-08-20,25050.55078125,1413.0,3031.96826171875,1473.6402587890625,994.0999755859375,1430.5999755859375,3592.300048828125,397.7148132324219,828.9500122070312,1928.4000244140625,2648.9765625,6.789999961853027,19.360000610351562,59.849998474121094,107.11000061035156,125.6664047241211,198.50831604003906,220.6699981689453,122.55399322509766,71.25,29.270000457763672
2025-08-21,25083.75,1424.800048828125,3035.882568359375,1473.8372802734375,995.5999755859375,1446.0,3612.60009765625,397.22509765625,825.7000122070312,1929.9000244140625,2627.346435546875,6.550000190734863,19.43000030517578,58.15999984741211,107.16000366210938,124.3872299194336,198.22999572753906,218.47999572753906,121.72439575195312,70.08000183105469,29.229999542236328
2025-08-22,24870.099609375,1409.199951171875,2988.327392578125,1465.0714111328125,982.2999877929688,1436.4000244140625,3595.800048828125,390.1239013671875,816.25,1933.300048828125,2609.387451171875,7.070000171661377,19.280000686645508,58.5099983215332,105.29000091552734,123.93109130859375,196.33999633789062,218.58999633789062,120.42073059082031,69.68000030517578,28.90999984741211
2025-08-25,24967.75,1412.5999755859375,3073.065185546875,1508.9989013671875,982.0499877929688,1433.199951171875,3603.10009765625,391.1523742675781,816.4500122070312,1930.699951171875,2611.074462890625,7.400000095367432,19.549999237060547,57.43000030517578,105.22000122070312,123.31629180908203,195.00999450683594,216.50999450683594,121.31946563720703,70.27999877929688,28.829999923706055
2025-08-26,24712.05078125,1384.9000244140625,3089.308349609375,1506.53662109375,973.4000244140625,1416.5999755859375,3541.300048828125,395.0702819824219,807.8499755859375,1904.699951171875,2671.5986328125,6.710000038146973,18.950000762939453,56.970001220703125,102.7699966430664,120.18280792236328,192.4600067138672,211.5,118.45536804199219,68.76000213623047,28.43000030517578
2025-08-28,24500.900390625,1385.9000244140625,3027.173583984375,1477.4814453125,957.7999877929688,1399.0999755859375,3560.10009765625,392.6705627441406,801.9500122070312,1881.0999755859375,2633.696533203125,6.570000171661377,18.68000030517578,56.31999969482422,101.44999694824219,117.58480072021484,191.75999450683594,208.50999450683594,117.7739028930664,68.05000305175781,28.190000534057617
2025-08-29,24426.849609375,1357.199951171875,3018.3671875,1447.4412841796875,951.5999755859375,1397.800048828125,3601.0,401.3388977050781,802.5,1888.800048828125,2639.054443359375,6.489999771118164,19.100000381469727,56.43000030517578,100.87999725341797,117.11874389648438,191.7100067138672,208.00999450683594,117.19120788574219,67.98999786376953,28.200000762939453
2025-09-01,24625.05078125,1353.9000244140625,3045.667236328125,1476.7921142578125,950.5999755859375,1411.0,3598.39990234375,397.5189514160156,806.0499877929688,1900.5999755859375,2628.834716796875,6.539999961853027,19.549999237060547,57.86000061035156,102.29000091552734,119.52835083007812,193.5800018310547,212.22000122070312,119.59112548828125,68.94000244140625,28.56999969482422
2025-09-02,24579.599609375,1366.5,3044.5908203125,1476.1025390625,944.5,1394.199951171875,3574.89990234375,398.4004821777344,803.9000244140625,1887.199951171875,2656.120361328125,6.510000228881836,19.549999237060547,58.25,102.86000061035156,121.9577865600586,193.55999755859375,215.07000732421875,121.56636810302734,69.48999786376953,28.860000610351562
2025-09-03,24715.05078125,1372.5999755859375,3030.891845703125,1456.798095703125,954.4500122070312,1397.0,3600.800048828125,403.2978210449219,812.1500244140625,1883.9000244140625,2643.916015625,6.570000171661377,20.350000381469727,57.9900016784668,104.30000305175781,122.54283905029297,193.22999572753906,216.97000122070312,128.07479858398438,70.58999633789062,28.770000457763672
2025-09-04,24734.30078125,1359.300048828125,3029.130859375,1440.94091796875,961.25,1405.5,3592.60009765625,407.3626403808594,809.4000244140625,1880.4000244140625,2645.801513671875,6.610000133514404,20.290000915527344,57.41999816894531,103.41999816894531,120.60919952392578,189.89999389648438,211.08999633789062,125.99092102050781,72.2300033569336,28.3799991607666
2025-09-05,24741.0,1375.0,2982.75,1422.8182373046875,963.4000244140625,1402.800048828125,3553.60009765625,398.9881591796875,806.5999755859375,1895.300048828125,2612.860107421875,7.230000019073486,20.440000534057617,57.869998931884766,103.75,122.42384338378906,190.52000427246094,212.36000061035156,127.65999603271484,72.5999984741211,28.6200008392334
2025-09-08,24773.150390625,1378.5,2954.080078125,1411.2947998046875,966.0,1402.699951171875,3529.60009765625,399.1840515136719,808.7999877929688,1887.699951171875,2603.434326171875,7.289999961853027,20.18000030517578,57.45000076293945,104.20999908447266,123.52452850341797,190.6199951171875,216.67999267578125,131.4499969482422,72.2699966430664,28.65999984741211
2025-09-09,24868.599609375,1376.199951171875,2983.826171875,1481.6181640625,965.1500244140625,1403.699951171875,3525.0,401.6327209472656,808.8499755859375,1893.699951171875,2621.393310546875,7.269999980926514,20.34000015258789,57.060001373291016,104.27999877929688,123.77243041992188,191.6300048828125,214.52000427246094,129.4499969482422,73.52999877929688,28.549999237060547
2025-09-10,24973.099609375,1377.0,3043.123291015625,1509.491455078125,965.9000244140625,1403.9000244140625,3550.0,404.5711364746094,818.2000122070312,1891.4000244140625,2622.881591796875,7.320000171661377,20.770000457763672,57.56999969482422,106.26000213623047,125.12101745605469,196.0800018310547,220.02999877929688,129.72000122070312,72.69000244140625,29.049999237060547
2025-09-11,25005.5,1383.300048828125,3057.017822265625,1486.9366455078125,967.7999877929688,1401.5999755859375,3539.699951171875,406.53009033203125,823.6500244140625,1913.0,2601.54931640625,7.409999847412109,20.979999542236328,56.939998626708984,107.76000213623047,124.47647094726562,196.64999389648438,229.0800018310547,131.82000732421875,72.44000244140625,29.309999465942383
2025-09-12,25114.0,1395.0,3066.02001953125,1502.596923828125,967.2999877929688,1417.699951171875,3579.800048828125,405.25677490234375,823.5499877929688,1902.5999755859375,2560.372802734375,7.659999847412109,20.860000610351562,57.11000061035156,107.30999755859375,125.17060089111328,194.36000061035156,228.72000122070312,132.25999450683594,72.04000091552734,28.989999771118164
2025-09-15,25069.19921875,1399.300048828125,3044.982177734375,1485.6563720703125,967.0499877929688,1419.4000244140625,3586.199951171875,404.1793518066406,824.75,1904.5,2560.868896484375,8.140000343322754,21.010000228881836,58.06999969482422,108.51000213623047,127.1042251586914,196.27000427246094,229.6699981689453,132.7899932861328,71.62000274658203,29.440000534057617
2025-09-16,25239.099609375,1405.300048828125,3078.0556640625,1488.5126953125,966.8499755859375,1421.5999755859375,3667.800048828125,404.6201171875,831.5499877929688,1939.5,2560.769775390625,7.940000057220459,21.010000228881836,58.97999954223633,108.44000244140625,127.87769317626953,196.41000366210938,232.19000244140625,132.94000244140625,71.55000305175781,29.8700008392334
2025-09-17,25330.25,1413.800048828125,3104.57275390625,1499.4453125,966.5,1419.199951171875,3685.5,400.8981018066406,857.1500244140625,1941.300048828125,2549.656982421875,7.769999980926514,21.149999618530273,59.290000915527344,111.97000122070312,128.2445831298828,198.97000122070312,234.32000732421875,132.75,71.83999633789062,30.489999771118164
2025-09-18,25423.599609375,1415.0,3108.388916015625,1517.370849609375,976.9000244140625,1421.699951171875,3686.0,403.1019287109375,854.3499755859375,1941.0999755859375,2566.623779296875,7.840000152587891,21.06999969482422,59.08000183105469,111.86000061035156,128.2049102783203,198.42999267578125,234.49000549316406,133.17999267578125,71.94999694824219,30.329999923706055
2025-09-19,25327.05078125,1407.4000244140625,3101.050048828125,1516.976806640625,966.9000244140625,1402.199951171875,3675.39990234375,402.22039794921875,862.3499755859375,1962.4000244140625,2539.635986328125,8.399999618530273,21.170000076293945,60.400001525878906,113.30000305175781,128.6015625,197.9199981689453,237.1699981689453,136.1999969482422,71.75,31.049999237060547
2025-09-22,25202.349609375,1390.5999755859375,3007.70166015625,1476.8905029296875,964.2000122070312,1401.5,3644.5,398.59637451171875,855.25,1956.199951171875,2552.1376953125,8.390000343322754,21.209999084472656,59.93000030517578,113.04000091552734,127.4612045288086,195.0,239.60000610351562,135.49000549316406,70.91999816894531,30.700000762939453
2025-09-23,25169.5,1389.800048828125,2996.546630859375,1474.920654296875,957.2000122070312,1394.300048828125,3657.60009765625,394.9233703613281,870.5999755859375,1938.699951171875,2502.527587890625,8.720000267028809,21.3799991607666,58.75,113.43000030517578,126.2217025756836,195.1300048828125,238.72999572753906,137.3000030517578,70.51000213623047,30.690000534057617
2025-09-24,25056.900390625,1383.0,2970.127197265625,1472.0643310546875,951.0499877929688,1382.699951171875,3673.800048828125,392.76849365234375,866.2000122070312,1931.0999755859375,2529.61474609375,8.59000015258789,21.190000534057617,57.5,111.01000213623047,124.53596496582031,193.5800018310547,236.00999450683594,136.33999633789062,70.04000091552734,30.5
2025-09-25,24890.849609375,1372.4000244140625,2893.804443359375,1462.4122314453125,949.8499755859375,1375.800048828125,3644.39990234375,391.8869934082031,861.1500244140625,1935.5999755859375,2518.502197265625,8.680000305175781,21.350000381469727,56.63999938964844,111.4000015258789,123.03864288330078,193.3300018310547,234.6199951171875,136.52000427246094,69.93000030517578,30.100000381469727
2025-09-26,24654.69921875,1377.5999755859375,2836.758544921875,1427.053466796875,945.0499877929688,1359.5999755859375,3729.5,396.7843322753906,856.9500122070312,1916.5999755859375,2492.208740234375,8.020000457763672,20.969999313354492,55.279998779296875,107.79000091552734,120.88685607910156,191.82000732421875,231.00999450683594,131.02000427246094,68.58999633789062,29.440000534057617
2025-09-29,24634.900390625,1372.800048828125,2833.82275390625,1420.060546875,950.2999877929688,1348.0999755859375,3688.39990234375,398.89019775390625,870.75,1902.199951171875,2478.4169921875,8.239999771118164,21.040000915527344,55.279998779296875,109.51000213623047,123.21713256835938,190.0800018310547,233.97000122070312,131.7100067138672,69.5,29.860000610351562
2025-09-30,24611.099609375,1364.0,2826.288330078125,1420.060546875,951.0,1348.0,3659.0,393.30718994140625,872.4500122070312,1878.4000244140625,2494.788330078125,8.130000114440918,21.25,55.04999923706055,112.83000183105469,122.47342681884766,192.92999267578125,238.4499969482422,134.47999572753906,69.7699966430664,30.489999771118164
2025-10-01,24836.30078125,1368.699951171875,2851.53369140625,1424.000244140625,965.25,1372.0,3670.300048828125,397.2740783691406,864.0999755859375,1867.5999755859375,2516.41845703125,8.520000457763672,21.760000228881836,55.18000030517578,112.55000305175781,124.48638916015625,193.75999450683594,240.1699981689453,134.9199981689453,69.0199966430664,30.6200008392334
2025-10-03,24894.25,1363.4000244140625,2839.498046875,1424.7880859375,965.1500244140625,1365.199951171875,3733.10009765625,396.0007629394531,867.2999877929688,1896.699951171875,2525.050537109375,8.819999694824219,21.850000381469727,54.459999084472656,114.37000274658203,124.79378509521484,192.3699951171875,245.02000427246094,134.9600067138672,69.04000091552734,30.770000457763672
2025-10-06,25077.650390625,1375.0,2924.137939453125,1453.744873046875,973.4500122070312,1363.4000244140625,3737.0,392.52362060546875,874.0499877929688,1903.0999755859375,2521.974853515625,8.470000267028809,21.93000030517578,54.11000061035156,114.54000091552734,124.18890380859375,193.66000366210938,245.30999755859375,132.6199951171875,71.08999633789062,31.299999237060547
2025-10-07,25108.30078125,1384.800048828125,2909.75390625,1436.5086669921875,982.5,1375.9000244140625,3729.699951171875,391.5931396484375,864.7000122070312,1929.0,2497.566650390625,9.180000305175781,22.219999313354492,54.0099983215332,114.16999816894531,126.01346588134766,199.1699981689453,244.86000061035156,132.8800048828125,71.98999786376953,31.139999389648438
2025-10-08,25046.150390625,1367.4000244140625,2962.103515625,1472.4583740234375,978.7000122070312,1370.300048828125,3729.800048828125,391.5441589355469,858.25,1943.5,2480.60009765625,9.039999961853027,22.040000915527344,52.77000045776367,113.13999938964844,123.25679779052734,202.61000061035156,239.0399932861328,131.72000122070312,71.98999786376953,30.799999237060547
2025-10-09,25181.80078125,1377.800048828125,2995.86181640625,1486.5428466796875,977.0999755859375,1376.199951171875,3769.199951171875,391.6910705566406,862.0999755859375,1942.0,2497.963623046875,9.029999732971191,22.420000076293945,53.16999816894531,114.30000305175781,124.02033233642578,207.33999633789062,239.0399932861328,136.4600067138672,73.44999694824219,30.75
2025-10-10,25285.349609375,1381.699951171875,2963.179931640625,1492.058349609375,980.9000244140625,1380.300048828125,3784.0,394.53155517578125,880.6500244140625,1939.9000244140625,2509.17529296875,9.039999961853027,24.0,54.310001373291016,117.23999786376953,125.4383316040039,208.3000030517578,239.63999938964844,132.1699981689453,74.43000030517578,31.799999237060547
2025-10-13,25227.349609375,1375.0,2942.533935546875,1470.6854248046875,977.0,1379.4000244140625,3769.5,391.0544128417969,882.9500122070312,1954.9000244140625,2473.35693359375,8.729999542236328,24.030000686645508,54.349998474121094,116.94999694824219,124.44672393798828,213.02000427246094,234.86000061035156,132.50999450683594,73.70999908447266,31.790000915527344
2025-10-14,25145.5,1375.9000244140625,2896.642333984375,1467.435302734375,977.1500244140625,1384.0999755859375,3744.300048828125,388.6546936035156,876.9500122070312,1946.5999755859375,2482.782958984375,8.359999656677246,23.31999969482422,53.95000076293945,115.2699966430664,123.47494506835938,215.44000244140625,232.44000244140625,128.77000427246094,72.80000305175781,30.809999465942383
2025-10-15,25323.55078125,1374.300048828125,2916.7763671875,1452.1690673828125,978.25,1398.4000244140625,3828.699951171875,391.6910705566406,886.0999755859375,1968.5,2499.3525390625,8.75,23.31999969482422,53.72999954223633,116.4000015258789,123.83192443847656,216.3300018310547,235.8000030517578,130.2899932861328,72.97000122070312,31.600000381469727
2025-10-16,25585.30078125,1398.300048828125,2917.66015625,1449.312744140625,994.3499755859375,1417.300048828125,3861.800048828125,396.83331298828125,886.9500122070312,1967.4000244140625,2541.52099609375,8.850000381469727,23.1200008392334,53.61000061035156,116.11000061035156,123.67327117919922,214.5,236.1699981689453,131.3800048828125,71.79000091552734,31.420000076293945
2025-10-17,25709.849609375,1416.800048828125,2909.311767578125,1419.37109375,1002.5499877929688,1436.5999755859375,3839.39990234375,403.6896057128906,889.1500244140625,2012.0,2583.391845703125,8.699999809265137,22.25,52.91999816894531,113.69999694824219,122.48333740234375,212.3800048828125,232.6199951171875,128.67999267578125,71.87999725341797,30.889999389648438
2025-10-20,25843.150390625,1466.800048828125,2961.365478515625,1438.87255859375,1002.9500122070312,1390.300048828125,3872.699951171875,404.5711364746094,907.5,2051.5,2574.164306640625,8.9399995803833,22.639999389648438,53.09000015258789,118.0999984741211,124.02033233642578,227.0800018310547,233.75999450683594,129.83999633789062,76.93000030517578,31.940000534057617
2025-10-21,25868.599609375,1465.199951171875,2953.017333984375,1450.19921875,1007.7000122070312,1382.0,3888.199951171875,404.3752746582031,907.8499755859375,2043.5,2571.485595703125,9.0,22.75,54.18000030517578,117.66999816894531,124.14923858642578,227.44000244140625,234.60000610351562,129.9499969482422,76.7699966430664,32.29999923706055
2025-10-23,25891.400390625,1448.4000244140625,3018.330078125,1505.4532470703125,1008.7999877929688,1363.699951171875,3918.699951171875,407.41162109375,911.5499877929688,2007.9000244140625,2581.308349609375,9.520000457763672,22.719999313354492,54.529998779296875,118.22000122070312,124.05999755859375,227.86000061035156,234.2899932861328,129.33999633789062,78.95999908447266,32.2400016784668
2025-10-24,25795.150390625,1451.5999755859375,3008.508544921875,1502.4000244140625,994.75,1377.699951171875,3904.89990234375,408.2441711425781,904.5,2029.300048828125,2496.772705078125,9.619999885559082,22.670000076293945,53.81999969482422,116.94000244140625,123.7300033569336,227.39999389648438,230.94000244140625,129.4600067138672,78.19999694824219,31.65999984741211
2025-10-27,25966.05078125,1484.0999755859375,3029.821044921875,1504.5,1002.9500122070312,1377.5999755859375,3923.800048828125,412.01513671875,922.75,2080.10009765625,2492.208740234375,9.970000267028809,22.770000457763672,53.709999084472656,119.62999725341797,123.44999694824219,234.0399932861328,235.0,129.89999389648438,78.02999877929688,32.31999969482422
2025-10-28,25936.19921875,1486.9000244140625,3003.30322265625,1500.199951171875,1003.5499877929688,1363.0999755859375,3972.800048828125,409.32159423828125,930.25,2090.199951171875,2477.62353515625,9.4399995803833,22.729999542236328,56.220001220703125,121.12999725341797,122.7699966430664,235.77999877929688,237.33999633789062,132.16000366210938,79.19999694824219,32.77000045776367
2025-10-29,26053.900390625,1504.199951171875,3003.0087890625,1510.4000244140625,1007.8499755859375,1370.4000244140625,3958.10009765625,412.9456481933594,939.75,2100.60009765625,2468.693603515625,9.359999656677246,22.690000534057617,58.189998626708984,121.0999984741211,125.08999633789062,234.91000366210938,245.38999938964844,140.5500030517578,79.3499984741211,32.810001373291016
2025-10-30,25877.849609375,1488.5,2981.106689453125,1493.800048828125,998.1500244140625,1362.4000244140625,3987.5,410.1541442871094,934.3499755859375,2066.300048828125,2450.337890625,8.729999542236328,22.229999542236328,58.5099983215332,120.08999633789062,123.94999694824219,234.80999755859375,261.2900085449219,137.0500030517578,78.93000030517578,32.459999084472656
2025-10-31,25722.099609375,1486.4000244140625,3003.4013671875,1482.300048828125,987.2999877929688,1345.300048828125,4030.89990234375,411.7213134765625,937.0,2054.5,2446.269775390625,8.729999542236328,22.739999771118164,59.29999923706055,122.88999938964844,123.30999755859375,236.61000061035156,265.489990234375,136.85000610351562,81.7699966430664,33.209999084472656
2025-11-03,25763.349609375,1484.699951171875,2962.93701171875,1485.5,992.6500244140625,1346.4000244140625,3980.5,405.45269775390625,949.7000122070312,2074.0,2440.812744140625,9.539999961853027,22.969999313354492,59.2400016784668,123.5199966430664,123.0999984741211,237.88999938964844,264.95001220703125,137.97000122070312,81.98999786376953,33.58000183105469
2025-11-04,25597.650390625,1473.0999755859375,2936.81201171875,1467.9000244140625,985.25,1336.9000244140625,3924.39990234375,400.5063171386719,957.5999755859375,2113.300048828125,2426.624267578125,9.40999984741211,23.020000457763672,59.9900016784668,123.25,122.23999786376953,237.85000610351562,267.25,138.17999267578125,81.12999725341797,32.689998626708984
2025-11-06,25509.69921875,1496.0999755859375,2957.142333984375,1466.699951171875,984.6500244140625,1320.4000244140625,3881.60009765625,399.13507080078125,960.75,2094.89990234375,2417.0,9.270000457763672,22.6299991607666,59.61000061035156,120.45999908447266,120.25,235.8300018310547,260.04998779296875,137.91000366210938,80.37000274658203,31.950000762939453
2025-11-07,25492.30078125,1478.0,2938.383544921875,1476.800048828125,982.2999877929688,1343.0,3882.5,395.7558898925781,955.8499755859375,2001.199951171875,2414.0,9.609999656677246,22.850000381469727,57.380001068115234,122.37999725341797,121.36000061035156,237.25999450683594,263.8500061035156,141.0,81.47000122070312,32.52000045776367
2025-11-10,25574.349609375,1489.300048828125,2971.18701171875,1513.5,984.5,1348.0,3918.5,397.22509765625,951.1500244140625,2019.800048828125,2408.800048828125,9.5,22.739999771118164,57.43000030517578,122.33999633789062,120.7699966430664,238.4600067138672,273.3500061035156,144.33999633789062,81.20999908447266,32.27000045776367
2025-11-11,25694.94921875,1493.4000244140625,2992.597900390625,1530.300048828125,991.7000122070312,1358.300048828125,3955.0,398.4984130859375,953.2999877929688,2042.300048828125,2427.5,10.239999771118164,22.6299991607666,57.81999969482422,122.0199966430664,121.61000061035156,235.88999938964844,285.79998779296875,144.39999389648438,80.69000244140625,31.440000534057617
2025-11-12,25875.80078125,1511.5,3075.8837890625,1551.699951171875,989.5,1358.9000244140625,3954.60009765625,398.64532470703125,957.1500244140625,2073.800048828125,2424.5,10.369999885559082,22.75,58.47999954223633,122.44999694824219,121.58999633789062,238.94000244140625,287.04998779296875,143.49000549316406,81.58000183105469,31.1299991607666
2025-11-13,25879.150390625,1510.9000244140625,3050.249755859375,1541.800048828125,986.6500244140625,1385.9000244140625,4002.5,397.3720397949219,954.0,2091.800048828125,2407.60009765625,10.470000267028809,22.479999542236328,57.58000183105469,121.06999969482422,120.75,235.7899932861328,281.5,144.72000122070312,80.0,30.799999237060547
2025-11-14,25910.05078125,1518.9000244140625,3050.54443359375,1502.800048828125,989.5999755859375,1373.0,4004.39990234375,399.771728515625,967.8499755859375,2100.699951171875,2427.699951171875,10.9399995803833,22.5,57.68000030517578,122.20999908447266,121.01000213623047,236.25999450683594,281.6000061035156,141.99000549316406,80.43000030517578,30.719999313354492
2025-11-17,26013.44921875,1518.300048828125,3046.812255859375,1507.5999755859375,996.5499877929688,1379.0,4027.699951171875,398.7432861328125,973.3499755859375,2112.199951171875,2425.0,10.930000305175781,23.15999984741211,57.70000076293945,123.0,122.5,239.05999755859375,285.5,141.3300018310547,81.01000213623047,31.280000686645508
2025-11-18,25910.05078125,1519.4000244140625,3031.98193359375,1486.4000244140625,992.4500122070312,1373.4000244140625,3999.60009765625,397.5189514160156,972.4500122070312,2149.199951171875,2404.0,10.739999771118164,22.989999771118164,56.900001525878906,122.37999725341797,120.81999969482422,244.50999450683594,289.1000061035156,138.89999389648438,80.11000061035156,31.549999237060547
2025-11-19,26052.650390625,1518.9000244140625,3091.499755859375,1541.0999755859375,994.5999755859375,1383.0999755859375,4019.60009765625,395.2661437988281,982.75,2159.800048828125,2441.60009765625,10.6899995803833,22.93000030517578,56.529998779296875,125.05999755859375,120.8499984741211,246.02000427246094,289.20001220703125,139.99000549316406,79.61000061035156,31.850000381469727
2025-11-20,26192.150390625,1549.0999755859375,3088.65185546875,1536.5,1008.8499755859375,1383.0,4037.39990234375,397.1271667480469,981.5499877929688,2158.300048828125,2428.39990234375,10.170000076293945,22.6299991607666,56.70000076293945,123.86000061035156,120.08000183105469,244.92999267578125,285.25,138.19000244140625,78.93000030517578,31.049999237060547
2025-11-21,26068.150390625,1546.5999755859375,3094.34814453125,1545.0,998.0499877929688,1369.5,4024.89990234375,399.4779052734375,972.5999755859375,2162.699951171875,2433.699951171875,9.970000267028809,22.43000030517578,55.099998474121094,122.37000274658203,119.08999633789062,245.05999755859375,282.5,134.0800018310547,78.33000183105469,30.700000762939453
2025-11-24,25959.5,1535.9000244140625,3085.115966796875,1548.0,999.1500244140625,1368.4000244140625,4013.300048828125,395.2661437988281,970.5999755859375,2152.10009765625,2424.199951171875,9.979999542236328,22.200000762939453,54.61000061035156,121.75,116.9000015258789,248.1699981689453,277.8999938964844,132.0800018310547,77.97000122070312,30.690000534057617
2025-11-25,25884.80078125,1539.699951171875,3063.5087890625,1530.5999755859375,989.7999877929688,1357.800048828125,3996.699951171875,392.5726013183594,983.5999755859375,2161.60009765625,2414.10009765625,10.050000190734863,22.700000762939453,54.189998626708984,123.05000305175781,116.73999786376953,255.99000549316406,282.8999938964844,132.25,79.3499984741211,30.639999389648438
2025-11-26,26205.30078125,1569.9000244140625,3106.428466796875,1557.9000244140625,1003.9000244140625,1375.0,4062.0,394.04180908203125,983.9000244140625,2126.800048828125,2425.199951171875,10.079999923706055,22.93000030517578,55.58000183105469,124.98999786376953,118.08000183105469,256.3699951171875,289.70001220703125,136.9199981689453,80.37000274658203,31.110000610351562
2025-11-27,26215.55078125,1563.4000244140625,3080.59814453125,1566.4000244140625,1009.5,1392.199951171875,4081.300048828125,396.0007629394531,972.8499755859375,2115.60009765625,2451.699951171875,10.109999656677246,22.84000015258789,54.93000030517578,124.93000030517578,117.95999908447266,254.8699951171875,290.8500061035156,136.2100067138672,80.5,31.030000686645508
2025-11-28,26202.94921875,1567.5,3081.48193359375,1560.0999755859375,1007.5999755859375,1388.800048828125,4069.60009765625,395.9517822265625,979.0,2101.60009765625,2466.60009765625,9.960000038146973,22.93000030517578,54.0099983215332,124.5,117.56999969482422,257.9200134277344,290.8500061035156,134.91000366210938,80.12999725341797,30.780000686645508
2025-12-01,26175.75,1566.0999755859375,3077.455078125,1564.0,1002.0999755859375,1390.0999755859375,4073.199951171875,395.9517822265625,973.0999755859375,2089.699951171875,2464.5,9.930000305175781,22.450000762939453,53.720001220703125,125.30000305175781,117.08999633789062,256.6000061035156,291.0,135.0500030517578,80.70999908447266,30.790000915527344
2025-12-02,26032.19921875,1546.300048828125,3079.714111328125,1561.0,989.7999877929688,1373.0,4030.5,392.71954345703125,967.2999877929688,2104.0,2477.800048828125,10.130000114440918,22.709999084472656,53.41999816894531,125.3499984741211,116.41999816894531,258.45001220703125,285.5,132.4600067138672,81.9800033569336,30.600000381469727
2025-12-03,25986.0,1538.800048828125,3123.22314453125,1578.699951171875,1000.5,1391.5,3988.0,392.2787780761719,951.0499877929688,2086.0,2448.0,10.550000190734863,22.399999618530273,52.59000015258789,119.80000305175781,114.70999908447266,258.25,278.54998779296875,131.9199981689453,80.58000183105469,29.950000762939453
2025-12-04,26033.75,1535.5999755859375,3171.544677734375,1597.5999755859375,997.2000122070312,1386.699951171875,3983.60009765625,394.7763977050781,948.0999755859375,2103.800048828125,2462.199951171875,10.680000305175781,22.760000228881836,50.849998474121094,119.52999877929688,114.8499984741211,258.6499938964844,275.75,132.13999938964844,79.87999725341797,29.670000076293945
2025-12-05,26186.44921875,1540.5999755859375,3180.384033203125,1616.199951171875,1003.2999877929688,1392.5,4038.199951171875,396.6374206542969,971.5,2108.800048828125,2338.60009765625,10.800000190734863,22.600000381469727,51.7400016784668,121.70999908447266,114.5999984741211,259.20001220703125,277.75,132.5399932861328,80.87000274658203,29.459999084472656
2025-12-08,25960.55078125,1543.0,3178.71435546875,1610.800048828125,1003.0999755859375,1389.5999755859375,3996.699951171875,394.04180908203125,956.4000244140625,2086.199951171875,2314.0,10.289999961853027,21.899999618530273,51.779998779296875,116.0,111.36000061035156,257.45001220703125,269.70001220703125,129.75,79.12000274658203,28.600000381469727
2025-12-09,25839.650390625,1529.4000244140625,3151.01806640625,1599.0,997.0999755859375,1375.199951171875,3997.5,392.8174743652344,959.3499755859375,2089.699951171875,2306.5,10.739999771118164,22.020000457763672,52.54999923706055,117.83000183105469,113.63999938964844,260.8500061035156,277.0,129.14999389648438,80.91000366210938,29.110000610351562
2025-12-10,25758.0,1536.9000244140625,3132.259033203125,1584.800048828125,989.7999877929688,1363.5999755859375,3991.300048828125,394.8743591308594,959.75,2067.0,2301.699951171875,10.720000267028809,21.719999313354492,51.540000915527344,117.16000366210938,112.19999694824219,259.6000061035156,275.0,128.52000427246094,80.31999969482422,28.860000610351562
2025-12-11,25898.55078125,1545.0,3134.91064453125,1598.0,1000.2999877929688,1360.0,4003.89990234375,394.6294860839844,963.25,2053.199951171875,2305.60009765625,11.25,21.940000534057617,52.040000915527344,117.56999969482422,113.29000091552734,260.8999938964844,276.5,129.5399932861328,80.61000061035156,29.15999984741211
2025-12-12,26046.94921875,1556.5,3163.0,1598.199951171875,1001.5,1366.0,4074.10009765625,391.8869934082031,963.1500244140625,2083.39990234375,2260.60009765625,11.640000343322754,21.920000076293945,53.02000045776367,117.80999755859375,113.81999969482422,261.3500061035156,285.1499938964844,131.89999389648438,82.29000091552734,29.059999465942383
2025-12-15,26027.30078125,1556.199951171875,3172.52685546875,1606.800048828125,996.0999755859375,1365.199951171875,4092.300048828125,394.04180908203125,967.25,2069.699951171875,2293.5,11.350000381469727,21.760000228881836,53.13999938964844,118.73999786376953,113.25,265.25,282.6000061035156,132.30999755859375,83.87000274658203,29.1200008392334
2025-12-16,25860.099609375,1542.300048828125,3147.875244140625,1592.9000244140625,994.2999877929688,1366.0,4063.800048828125,393.4541320800781,961.1500244140625,2102.0,2281.10009765625,11.25,21.5,52.66999816894531,117.02999877929688,112.01000213623047,262.20001220703125,279.3500061035156,129.67999267578125,83.45999908447266,28.709999084472656
2025-12-17,25818.55078125,1544.4000244140625,3160.348388671875,1602.0,984.0,1352.4000244140625,4062.39990234375,391.5931396484375,975.8499755859375,2108.0,2275.60009765625,11.130000114440918,21.559999465942383,51.939998626708984,119.33000183105469,111.08000183105469,263.6000061035156,277.8500061035156,130.1999969482422,83.94999694824219,28.489999771118164
2025-12-18,25815.55078125,1544.4000244140625,3222.2236328125,1626.800048828125,979.7000122070312,1356.800048828125,4031.10009765625,392.1808166503906,977.5499877929688,2092.0,2265.5,11.300000190734863,21.440000534057617,51.779998779296875,118.9000015258789,110.80999755859375,265.3999938964844,275.04998779296875,127.2699966430664,83.79000091552734,28.530000686645508
2025-12-19,25966.400390625,1565.0999755859375,3223.402099609375,1638.699951171875,985.5,1354.0999755859375,4073.5,392.8174743652344,980.2999877929688,2097.699951171875,2280.0,11.960000038146973,21.700000762939453,52.59000015258789,119.81999969482422,113.9800033569336,267.8500061035156,275.75,125.91000366210938,84.68000030517578,28.649999618530273
2025-12-22,26172.400390625,1575.4000244140625,3265.5361328125,1689.5999755859375,987.7000122070312,1368.5,4072.39990234375,394.4336242675781,974.2999877929688,2147.60009765625,2289.5,11.850000381469727,21.780000686645508,53.5099983215332,121.30999755859375,117.0,269.1499938964844,281.8500061035156,130.05999755859375,85.3499984741211,29.0
2025-12-23,26177.150390625,1570.699951171875,3250.902099609375,1668.300048828125,996.5999755859375,1363.0,4058.800048828125,398.9881591796875,971.9000244140625,2122.89990234375,2302.60009765625,12.010000228881836,21.739999771118164,53.619998931884766,120.9000015258789,121.4000015258789,265.45001220703125,281.8999938964844,132.7100067138672,85.0,28.84000015258789
2025-12-24,26142.099609375,1558.199951171875,3259.741455078125,1663.4000244140625,997.2000122070312,1359.800048828125,4053.60009765625,398.2535705566406,968.9500122070312,2123.699951171875,2282.199951171875,12.020000457763672,21.690000534057617,53.29999923706055,120.93000030517578,121.48999786376953,261.75,278.20001220703125,131.85000610351562,84.23999786376953,28.790000915527344
2025-12-26,26042.30078125,1559.199951171875,3221.437744140625,1656.0999755859375,992.0999755859375,1350.4000244140625,4047.300048828125,395.8538513183594,966.2999877929688,2105.39990234375,2285.39990234375,11.9399995803833,21.520000457763672,53.20000076293945,120.37000274658203,133.63999938964844,262.0,281.5,132.32000732421875,85.12000274658203,28.6299991607666
2025-12-29,25942.099609375,1545.5999755859375,3193.446533203125,1644.699951171875,991.7000122070312,1343.300048828125,4038.699951171875,394.3356628417969,965.0499877929688,2081.60009765625,2293.300048828125,11.960000038146973,21.360000610351562,52.72999954223633,120.54000091552734,126.3499984741211,262.8999938964844,279.3999938964844,134.08999633789062,84.54000091552734,28.510000228881836
2025-12-30,25938.849609375,1539.800048828125,3188.83056640625,1621.5999755859375,990.9000244140625,1342.5,4052.0,392.376708984375,973.4500122070312,2099.800048828125,2290.199951171875,12.0600004196167,21.3700008392334,52.0,122.37999725341797,124.58999633789062,267.6000061035156,282.79998779296875,141.02000427246094,84.83000183105469,28.829999923706055
